pid,tau,k,l2sp,n_val,set_mae,set_acc,set_qwk,set_macro_f1,base_set_mae,base_set_acc,grad_norm
001,0.005,1,0.0025,37,2.27027027027027,0.16216216216216217,-0.34079403144151366,0.17434654234654234,1.2972972972972974,0.40540540540540543,2.6939947161963573e-08
001,0.005,2,0.00125,37,2.135135135135135,0.1891891891891892,-0.5081681205392545,0.1037037037037037,1.2972972972972974,0.40540540540540543,3.4710723184616654e-08
001,0.005,3,0.0008333333333333334,37,2.1621621621621623,0.1891891891891892,-0.5406790518898141,0.1,1.2972972972972974,0.40540540540540543,9.267021141567966e-07
001,0.005,4,0.000625,37,2.135135135135135,0.1891891891891892,-0.5081681205392545,0.1037037037037037,1.2972972972972974,0.40540540540540543,2.5561428174114553e-06
001,0.005,5,0.0005,37,2.027027027027027,0.21621621621621623,-0.2551847273726138,0.1960474308300395,1.2972972972972974,0.40540540540540543,2.4481641958118416e-06
001,0.005,6,0.0004166666666666667,37,1.972972972972973,0.2702702702702703,-0.10212765957446801,0.22909090909090907,1.2972972972972974,0.40540540540540543,3.2545949579798616e-06
001,0.005,8,0.0003125,37,1.945945945945946,0.2972972972972973,-0.08016271835367283,0.2436531210724759,1.2972972972972974,0.40540540540540543,5.519769729289692e-06
001,0.005,10,0.00025,37,1.972972972972973,0.2702702702702703,-0.10212765957446801,0.22909090909090907,1.2972972972972974,0.40540540540540543,1.2437665645848028e-05
001,0.005,12,0.00020833333333333335,37,1.972972972972973,0.2702702702702703,-0.10212765957446801,0.22909090909090907,1.2972972972972974,0.40540540540540543,2.2214708224055357e-05
001,0.005,14,0.00017857142857142857,37,1.972972972972973,0.2702702702702703,-0.10212765957446801,0.22909090909090907,1.2972972972972974,0.40540540540540543,2.5453038688283414e-05
001,0.005,16,0.00015625,37,1.972972972972973,0.21621621621621623,-0.06674027726659304,0.15602434077079108,1.2972972972972974,0.40540540540540543,3.465932240942493e-05
001,0.005,20,0.000125,37,1.8918918918918919,0.2702702702702703,-0.08324847250509171,0.20275862068965517,1.2972972972972974,0.40540540540540543,3.7701556721003726e-05
001,0.005,25,0.0001,37,1.864864864864865,0.2702702702702703,0.049922369521079646,0.1854020979020979,1.2972972972972974,0.40540540540540543,5.6199452956207097e-05
001,0.005,30,8.333333333333333e-05,37,2.0,0.24324324324324326,0.017481743748616885,0.13721413721413722,1.2972972972972974,0.40540540540540543,6.739804666722193e-05
001,0.005,40,6.25e-05,37,1.945945945945946,0.2702702702702703,0.03830369357045138,0.17230769230769233,1.2972972972972974,0.40540540540540543,0.00011085561709478498
001,0.005,50,5e-05,37,1.4594594594594594,0.3783783783783784,0.3080878915381019,0.2733333333333333,1.2972972972972974,0.40540540540540543,0.0001106835188693367
001,0.005,60,4.1666666666666665e-05,37,1.027027027027027,0.5135135135135135,0.45085410249229907,0.36359649122807014,1.2972972972972974,0.40540540540540543,0.00010138138168258592
001,0.005,75,3.3333333333333335e-05,37,1.7837837837837838,0.35135135135135137,0.012375636981315274,0.24107142857142855,1.2972972972972974,0.40540540540540543,0.00013140487135387957
001,0.01,1,0.005,37,2.3513513513513513,0.08108108108108109,-0.4181184668989548,0.09487179487179487,1.2972972972972974,0.40540540540540543,5.395416025066879e-08
001,0.01,2,0.0025,37,2.135135135135135,0.1891891891891892,-0.5081681205392545,0.1037037037037037,1.2972972972972974,0.40540540540540543,2.1830940610811922e-08
001,0.01,3,0.0016666666666666668,37,2.1621621621621623,0.1891891891891892,-0.5406790518898141,0.1,1.2972972972972974,0.40540540540540543,2.1268034444688055e-08
001,0.01,4,0.00125,37,2.135135135135135,0.1891891891891892,-0.5081681205392545,0.1037037037037037,1.2972972972972974,0.40540540540540543,3.777789814307653e-08
001,0.01,5,0.001,37,2.027027027027027,0.21621621621621623,-0.2551847273726138,0.1960474308300395,1.2972972972972974,0.40540540540540543,4.2729407567776434e-08
001,0.01,6,0.0008333333333333334,37,1.972972972972973,0.2702702702702703,-0.10212765957446801,0.22909090909090907,1.2972972972972974,0.40540540540540543,7.796406720217419e-08
001,0.01,8,0.000625,37,1.972972972972973,0.2702702702702703,-0.10212765957446801,0.22909090909090907,1.2972972972972974,0.40540540540540543,1.7189282175422704e-07
001,0.01,10,0.0005,37,1.972972972972973,0.2702702702702703,-0.10212765957446801,0.22909090909090907,1.2972972972972974,0.40540540540540543,1.271707901651098e-06
001,0.01,12,0.0004166666666666667,37,1.972972972972973,0.2702702702702703,-0.10212765957446801,0.22909090909090907,1.2972972972972974,0.40540540540540543,3.1910124107525917e-06
001,0.01,14,0.00035714285714285714,37,1.945945945945946,0.2702702702702703,-0.08823529411764719,0.2280564263322884,1.2972972972972974,0.40540540540540543,3.442890147198341e-06
001,0.01,16,0.0003125,37,1.972972972972973,0.21621621621621623,-0.06674027726659304,0.15602434077079108,1.2972972972972974,0.40540540540540543,6.832932285760762e-06
001,0.01,20,0.00025,37,1.8918918918918919,0.2702702702702703,-0.08324847250509171,0.20275862068965517,1.2972972972972974,0.40540540540540543,6.936782483535353e-06
001,0.01,25,0.0002,37,1.864864864864865,0.2702702702702703,0.049922369521079646,0.1854020979020979,1.2972972972972974,0.40540540540540543,1.771205643308349e-05
001,0.01,30,0.00016666666666666666,37,2.0,0.24324324324324326,0.017481743748616885,0.13721413721413722,1.2972972972972974,0.40540540540540543,2.4931352527346462e-05
001,0.01,40,0.000125,37,1.945945945945946,0.2702702702702703,0.03830369357045138,0.17230769230769233,1.2972972972972974,0.40540540540540543,4.6524863137165084e-05
001,0.01,50,0.0001,37,1.4594594594594594,0.3783783783783784,0.3080878915381019,0.2733333333333333,1.2972972972972974,0.40540540540540543,4.3760632252087817e-05
001,0.01,60,8.333333333333333e-05,37,1.027027027027027,0.5135135135135135,0.45085410249229907,0.36359649122807014,1.2972972972972974,0.40540540540540543,3.970809848397039e-05
001,0.01,75,6.666666666666667e-05,37,1.7837837837837838,0.35135135135135137,0.012375636981315274,0.24107142857142855,1.2972972972972974,0.40540540540540543,6.52562957839109e-05
001,0.02,1,0.01,37,2.4054054054054053,0.08108108108108109,-0.46920162761330153,0.09047619047619046,1.2972972972972974,0.40540540540540543,2.064612125707299e-08
001,0.02,2,0.005,37,2.135135135135135,0.1891891891891892,-0.5081681205392545,0.1037037037037037,1.2972972972972974,0.40540540540540543,1.966540352782431e-08
001,0.02,3,0.0033333333333333335,37,2.135135135135135,0.1891891891891892,-0.5081681205392545,0.1037037037037037,1.2972972972972974,0.40540540540540543,1.933613980042992e-08
001,0.02,4,0.0025,37,2.135135135135135,0.1891891891891892,-0.5081681205392545,0.1037037037037037,1.2972972972972974,0.40540540540540543,2.090608930416238e-08
001,0.02,5,0.002,37,2.027027027027027,0.21621621621621623,-0.2551847273726138,0.1960474308300395,1.2972972972972974,0.40540540540540543,2.4729679637403024e-08
001,0.02,6,0.0016666666666666668,37,1.972972972972973,0.2702702702702703,-0.10212765957446801,0.22909090909090907,1.2972972972972974,0.40540540540540543,2.5570786377215882e-08
001,0.02,8,0.00125,37,1.972972972972973,0.2702702702702703,-0.10212765957446801,0.22909090909090907,1.2972972972972974,0.40540540540540543,2.9398888656828603e-08
001,0.02,10,0.001,37,1.972972972972973,0.2702702702702703,-0.10212765957446801,0.22909090909090907,1.2972972972972974,0.40540540540540543,3.029570549983873e-08
001,0.02,12,0.0008333333333333334,37,1.972972972972973,0.2702702702702703,-0.10212765957446801,0.22909090909090907,1.2972972972972974,0.40540540540540543,6.548651043658538e-08
001,0.02,14,0.0007142857142857143,37,1.945945945945946,0.2702702702702703,-0.08823529411764719,0.2280564263322884,1.2972972972972974,0.40540540540540543,6.131486429694633e-08
001,0.02,16,0.000625,37,1.972972972972973,0.21621621621621623,-0.06674027726659304,0.15602434077079108,1.2972972972972974,0.40540540540540543,1.991745790519417e-07
001,0.02,20,0.0005,37,1.9189189189189189,0.24324324324324326,-0.10669428978376283,0.1863003663003663,1.2972972972972974,0.40540540540540543,1.732897487727314e-07
001,0.02,25,0.0004,37,1.864864864864865,0.2702702702702703,0.049922369521079646,0.1854020979020979,1.2972972972972974,0.40540540540540543,1.2560161621877342e-06
001,0.02,30,0.0003333333333333333,37,2.0,0.24324324324324326,0.017481743748616885,0.13721413721413722,1.2972972972972974,0.40540540540540543,2.78604420600459e-06
001,0.02,40,0.00025,37,1.945945945945946,0.2702702702702703,0.03830369357045138,0.17230769230769233,1.2972972972972974,0.40540540540540543,6.589437361981254e-06
001,0.02,50,0.0002,37,1.4594594594594594,0.3783783783783784,0.3080878915381019,0.2733333333333333,1.2972972972972974,0.40540540540540543,5.2529812819557264e-06
001,0.02,60,0.00016666666666666666,37,1.027027027027027,0.5135135135135135,0.45085410249229907,0.36359649122807014,1.2972972972972974,0.40540540540540543,4.72490592073882e-06
001,0.02,75,0.00013333333333333334,37,1.7837837837837838,0.35135135135135137,0.012375636981315274,0.24107142857142855,1.2972972972972974,0.40540540540540543,1.2400140803947579e-05
001,0.05,1,0.025,37,2.3783783783783785,0.10810810810810811,-0.5245470485096433,0.12854700854700854,1.2972972972972974,0.40540540540540543,6.9559941948682535e-06
001,0.05,2,0.0125,37,2.135135135135135,0.1891891891891892,-0.5081681205392545,0.1037037037037037,1.2972972972972974,0.40540540540540543,1.7493158921411123e-08
001,0.05,3,0.008333333333333333,37,2.135135135135135,0.1891891891891892,-0.5081681205392545,0.1037037037037037,1.2972972972972974,0.40540540540540543,1.3994648497828166e-06
001,0.05,4,0.00625,37,2.135135135135135,0.1891891891891892,-0.5081681205392545,0.1037037037037037,1.2972972972972974,0.40540540540540543,1.9773969128777935e-08
001,0.05,5,0.005,37,2.027027027027027,0.21621621621621623,-0.2551847273726138,0.1960474308300395,1.2972972972972974,0.40540540540540543,2.0860033700387248e-08
001,0.05,6,0.004166666666666667,37,1.972972972972973,0.2702702702702703,-0.10212765957446801,0.22909090909090907,1.2972972972972974,0.40540540540540543,2.128585308014408e-08
001,0.05,8,0.003125,37,1.972972972972973,0.2702702702702703,-0.10212765957446801,0.22909090909090907,1.2972972972972974,0.40540540540540543,2.365525197944862e-08
001,0.05,10,0.0025,37,1.972972972972973,0.2702702702702703,-0.10212765957446801,0.22909090909090907,1.2972972972972974,0.40540540540540543,2.62147530349921e-08
001,0.05,12,0.0020833333333333333,37,1.972972972972973,0.2702702702702703,-0.10212765957446801,0.22909090909090907,1.2972972972972974,0.40540540540540543,2.5922455293425628e-08
001,0.05,14,0.0017857142857142859,37,1.9189189189189189,0.2972972972972973,-0.09854706253948198,0.25551948051948054,1.2972972972972974,0.40540540540540543,3.061218478705996e-08
001,0.05,16,0.0015625,37,1.972972972972973,0.24324324324324326,-0.09162205900659792,0.18253968253968256,1.2972972972972974,0.40540540540540543,3.129372672106001e-08
001,0.05,20,0.00125,37,1.9189189189189189,0.24324324324324326,-0.10669428978376283,0.1863003663003663,1.2972972972972974,0.40540540540540543,4.1245346693585816e-08
001,0.05,25,0.001,37,1.8918918918918919,0.2702702702702703,0.043406072106261906,0.1875,1.2972972972972974,0.40540540540540543,3.5900217909556886e-08
001,0.05,30,0.0008333333333333334,37,2.027027027027027,0.24324324324324326,0.006848558488898759,0.14234234234234236,1.2972972972972974,0.40540540540540543,8.194216860601955e-08
001,0.05,40,0.000625,37,1.8918918918918919,0.2702702702702703,0.06912767458264757,0.17715617715617715,1.2972972972972974,0.40540540540540543,5.7917848295119256e-08
001,0.05,50,0.0005,37,1.4324324324324325,0.40540540540540543,0.3112047769582016,0.30242424242424243,1.2972972972972974,0.40540540540540543,5.5333270410073965e-08
001,0.05,60,0.0004166666666666667,37,0.918918918918919,0.5405405405405406,0.52792741706833,0.378968253968254,1.2972972972972974,0.40540540540540543,1.2160721496456972e-07
001,0.05,75,0.0003333333333333334,37,1.7297297297297298,0.35135135135135137,0.038018150600931944,0.24198924731182797,1.2972972972972974,0.40540540540540543,1.4627936195665825e-07
001,0.1,1,0.05,37,2.2972972972972974,0.13513513513513514,-0.5404736108961461,0.14777777777777776,1.2972972972972974,0.40540540540540543,1.4026244571141433e-05
001,0.1,2,0.025,37,2.108108108108108,0.1891891891891892,-0.4991896272285252,0.1037037037037037,1.2972972972972974,0.40540540540540543,1.928486881297431e-07
001,0.1,3,0.016666666666666666,37,2.135135135135135,0.1891891891891892,-0.5081681205392545,0.1037037037037037,1.2972972972972974,0.40540540540540543,2.5034873374352173e-07
001,0.1,4,0.0125,37,2.135135135135135,0.1891891891891892,-0.5081681205392545,0.1037037037037037,1.2972972972972974,0.40540540540540543,1.664842486093221e-08
001,0.1,5,0.01,37,2.027027027027027,0.21621621621621623,-0.2551847273726138,0.1960474308300395,1.2972972972972974,0.40540540540540543,2.6173925249395324e-08
001,0.1,6,0.008333333333333333,37,1.972972972972973,0.2702702702702703,-0.10212765957446801,0.22909090909090907,1.2972972972972974,0.40540540540540543,4.1648515747283454e-08
001,0.1,8,0.00625,37,1.972972972972973,0.2702702702702703,-0.10212765957446801,0.22909090909090907,1.2972972972972974,0.40540540540540543,2.276975585857599e-08
001,0.1,10,0.005,37,1.972972972972973,0.2702702702702703,-0.10212765957446801,0.22909090909090907,1.2972972972972974,0.40540540540540543,2.1636537894664798e-08
001,0.1,12,0.004166666666666667,37,2.0,0.2702702702702703,-0.11359223300970878,0.24,1.2972972972972974,0.40540540540540543,2.313403690834548e-08
001,0.1,14,0.0035714285714285718,37,1.8918918918918919,0.2972972972972973,-0.08404009252120281,0.2537532184591008,1.2972972972972974,0.40540540540540543,2.7748454201059758e-08
001,0.1,16,0.003125,37,1.972972972972973,0.21621621621621623,-0.10042487446890691,0.16598290598290596,1.2972972972972974,0.40540540540540543,2.9064290529845493e-08
001,0.1,20,0.0025,37,1.8918918918918919,0.2702702702702703,-0.09354921613980993,0.21428571428571427,1.2972972972972974,0.40540540540540543,3.16703250291539e-08
001,0.1,25,0.002,37,1.9189189189189189,0.2702702702702703,0.03196401089144074,0.19356060606060604,1.2972972972972974,0.40540540540540543,3.3881352834441714e-08
001,0.1,30,0.0016666666666666668,37,1.972972972972973,0.24324324324324326,0.04453116033513138,0.15508021390374332,1.2972972972972974,0.40540540540540543,8.831021602873079e-08
001,0.1,40,0.00125,37,1.8918918918918919,0.2702702702702703,0.06912767458264757,0.17715617715617715,1.2972972972972974,0.40540540540540543,7.924659684022117e-08
001,0.1,50,0.001,37,1.4324324324324325,0.40540540540540543,0.3112047769582016,0.30242424242424243,1.2972972972972974,0.40540540540540543,4.8616684011904e-08
001,0.1,60,0.0008333333333333334,37,0.918918918918919,0.5405405405405406,0.52792741706833,0.378968253968254,1.2972972972972974,0.40540540540540543,1.0152158580467585e-07
001,0.1,75,0.0006666666666666668,37,1.7297297297297298,0.3783783783783784,0.034154671871188036,0.26698924731182794,1.2972972972972974,0.40540540540540543,9.39528277399404e-08
001,0.2,1,0.1,37,2.2432432432432434,0.16216216216216217,-0.5297006177728498,0.1683333333333333,1.2972972972972974,0.40540540540540543,9.032233356265351e-05
001,0.2,2,0.05,37,2.108108108108108,0.1891891891891892,-0.5049603174603174,0.10769230769230768,1.2972972972972974,0.40540540540540543,1.0063648915092926e-05
001,0.2,3,0.03333333333333333,37,2.081081081081081,0.1891891891891892,-0.48980944490472256,0.1037037037037037,1.2972972972972974,0.40540540540540543,5.51602795439976e-07
001,0.2,4,0.025,37,2.1621621621621623,0.1891891891891892,-0.522633744855967,0.10769230769230768,1.2972972972972974,0.40540540540540543,1.907247160204406e-08
001,0.2,5,0.02,37,1.972972972972973,0.21621621621621623,-0.22993177529394693,0.19692307692307692,1.2972972972972974,0.40540540540540543,2.0755903662461606e-08
001,0.2,6,0.016666666666666666,37,2.0,0.2702702702702703,-0.11359223300970878,0.24,1.2972972972972974,0.40540540540540543,4.4802746401728655e-08
001,0.2,8,0.0125,37,2.0,0.2702702702702703,-0.11359223300970878,0.24,1.2972972972972974,0.40540540540540543,3.832164452433062e-08
001,0.2,10,0.01,37,1.972972972972973,0.2972972972972973,-0.12729739731096568,0.2639655172413793,1.2972972972972974,0.40540540540540543,2.5311289064688935e-08
001,0.2,12,0.008333333333333333,37,1.972972972972973,0.2972972972972973,-0.12729739731096568,0.2639655172413793,1.2972972972972974,0.40540540540540543,2.2239342811758434e-08
001,0.2,14,0.0071428571428571435,37,1.8918918918918919,0.2702702702702703,-0.09196310935441376,0.2321266968325792,1.2972972972972974,0.40540540540540543,2.6259492358349235e-08
001,0.2,16,0.00625,37,1.9189189189189189,0.21621621621621623,-0.06970297029702954,0.164,1.2972972972972974,0.40540540540540543,2.434260615302719e-08
001,0.2,20,0.005,37,1.8918918918918919,0.2702702702702703,-0.08324847250509171,0.21809523809523812,1.2972972972972974,0.40540540540540543,2.232121865120007e-08
001,0.2,25,0.004,37,1.8918918918918919,0.2702702702702703,0.029829203752706257,0.1938190841416648,1.2972972972972974,0.40540540540540543,3.358795908070533e-08
001,0.2,30,0.0033333333333333335,37,1.972972972972973,0.24324324324324326,0.04453116033513138,0.15508021390374332,1.2972972972972974,0.40540540540540543,4.356812866035398e-08
001,0.2,40,0.0025,37,1.8918918918918919,0.2702702702702703,0.06912767458264757,0.17715617715617715,1.2972972972972974,0.40540540540540543,4.310020429443284e-08
001,0.2,50,0.002,37,1.4324324324324325,0.40540540540540543,0.3112047769582016,0.30242424242424243,1.2972972972972974,0.40540540540540543,7.305537508273119e-08
001,0.2,60,0.0016666666666666668,37,0.918918918918919,0.5405405405405406,0.52792741706833,0.378968253968254,1.2972972972972974,0.40540540540540543,9.647738608009604e-08
001,0.2,75,0.0013333333333333335,37,1.7297297297297298,0.3783783783783784,0.034154671871188036,0.26698924731182794,1.2972972972972974,0.40540540540540543,1.351167497887218e-07
001,0.5,1,0.25,37,2.027027027027027,0.16216216216216217,-0.4461895413171513,0.15303030303030302,1.2972972972972974,0.40540540540540543,0.0004859749460592866
001,0.5,2,0.125,37,1.945945945945946,0.1891891891891892,-0.4307914709071199,0.1037037037037037,1.2972972972972974,0.40540540540540543,3.903886317857541e-05
001,0.5,3,0.08333333333333333,37,1.972972972972973,0.1891891891891892,-0.4542655316065929,0.1,1.2972972972972974,0.40540540540540543,1.939878347911872e-05
001,0.5,4,0.0625,37,2.108108108108108,0.1891891891891892,-0.5049603174603174,0.10769230769230768,1.2972972972972974,0.40540540540540543,5.3014456824485023e-08
001,0.5,5,0.05,37,1.9189189189189189,0.1891891891891892,-0.17555785429289217,0.15,1.2972972972972974,0.40540540540540543,4.5402867243637957e-08
001,0.5,6,0.041666666666666664,37,1.837837837837838,0.2702702702702703,-0.03346508563899864,0.21417797888386123,1.2972972972972974,0.40540540540540543,2.4946220378296857e-07
001,0.5,8,0.03125,37,1.972972972972973,0.2972972972972973,-0.12729739731096568,0.2639655172413793,1.2972972972972974,0.40540540540540543,4.8310397687600926e-05
001,0.5,10,0.025,37,2.0,0.2702702702702703,-0.1236835660053881,0.22844264142438586,1.2972972972972974,0.40540540540540543,5.668719538221012e-08
001,0.5,12,0.020833333333333332,37,1.945945945945946,0.2702702702702703,-0.12324857291126112,0.24469635627530364,1.2972972972972974,0.40540540540540543,4.702389588828737e-08
001,0.5,14,0.017857142857142856,37,1.837837837837838,0.2702702702702703,-0.060895685417804435,0.22982456140350876,1.2972972972972974,0.40540540540540543,6.506961369723285e-08
001,0.5,16,0.015625,37,1.8918918918918919,0.21621621621621623,-0.05401773716742819,0.1638095238095238,1.2972972972972974,0.40540540540540543,3.847004848012148e-08
001,0.5,20,0.0125,37,1.864864864864865,0.2702702702702703,-0.06836721481289665,0.21574074074074073,1.2972972972972974,0.40540540540540543,3.418611527195026e-08
001,0.5,25,0.01,37,1.9189189189189189,0.24324324324324326,0.009534286762009514,0.18129870129870132,1.2972972972972974,0.40540540540540543,3.11385321083435e-07
001,0.5,30,0.008333333333333333,37,1.972972972972973,0.24324324324324326,0.04453116033513138,0.15508021390374332,1.2972972972972974,0.40540540540540543,1.3214318528298463e-07
001,0.5,40,0.00625,37,1.9189189189189189,0.2702702702702703,0.05347841185322377,0.17466063348416289,1.2972972972972974,0.40540540540540543,4.422498705025646e-07
001,0.5,50,0.005,37,1.3783783783783783,0.43243243243243246,0.32025601517126956,0.33192982456140346,1.2972972972972974,0.40540540540540543,1.1768227636821393e-07
001,0.5,60,0.004166666666666667,37,0.918918918918919,0.5405405405405406,0.52792741706833,0.378968253968254,1.2972972972972974,0.40540540540540543,0.00036207257653586566
001,0.5,75,0.0033333333333333335,37,1.7297297297297298,0.3783783783783784,0.034154671871188036,0.26698924731182794,1.2972972972972974,0.40540540540540543,3.8452836292890424e-07
001,1.0,1,0.5,37,1.972972972972973,0.16216216216216217,-0.46977547495682215,0.12444444444444444,1.2972972972972974,0.40540540540540543,0.0004884693771600723
001,1.0,2,0.25,37,1.837837837837838,0.16216216216216217,-0.3459752321981424,0.08888888888888888,1.2972972972972974,0.40540540540540543,0.0006246973644010723
001,1.0,3,0.16666666666666666,37,1.864864864864865,0.16216216216216217,-0.37090203685742007,0.08571428571428572,1.2972972972972974,0.40540540540540543,7.50834442442283e-05
001,1.0,4,0.125,37,2.081081081081081,0.16216216216216217,-0.4825234441602728,0.09230769230769231,1.2972972972972974,0.40540540540540543,2.4691356884432025e-05
001,1.0,5,0.1,37,1.8918918918918919,0.16216216216216217,-0.13659409484044138,0.11692307692307694,1.2972972972972974,0.40540540540540543,0.0005093468353152275
001,1.0,6,0.08333333333333333,37,1.8918918918918919,0.21621621621621623,-0.05348589675359228,0.16352153110047846,1.2972972972972974,0.40540540540540543,0.001941879279911518
001,1.0,8,0.0625,37,1.864864864864865,0.24324324324324326,-0.057429229310578256,0.19939393939393937,1.2972972972972974,0.40540540540540543,3.538777309586294e-05
001,1.0,10,0.05,37,1.9189189189189189,0.21621621621621623,-0.06970297029702954,0.164,1.2972972972972974,0.40540540540540543,4.334810364525765e-05
001,1.0,12,0.041666666666666664,37,1.9189189189189189,0.2702702702702703,-0.10877887788778873,0.244,1.2972972972972974,0.40540540540540543,8.473747215020921e-08
001,1.0,14,0.03571428571428571,37,1.8108108108108107,0.21621621621621623,-0.030222470966839277,0.18199847444698705,1.2972972972972974,0.40540540540540543,5.457807006337134e-08
001,1.0,16,0.03125,37,1.864864864864865,0.1891891891891892,-0.044500069531358655,0.1455072463768116,1.2972972972972974,0.40540540540540543,4.391168673123502e-08
001,1.0,20,0.025,37,1.8108108108108107,0.24324324324324326,-0.044046799724707375,0.19487179487179485,1.2972972972972974,0.40540540540540543,2.2200528349003434e-07
001,1.0,25,0.02,37,1.864864864864865,0.24324324324324326,0.04092769440654853,0.17487179487179488,1.2972972972972974,0.40540540540540543,7.196258877684159e-08
001,1.0,30,0.016666666666666666,37,1.9189189189189189,0.2702702702702703,0.03196401089144074,0.19356060606060604,1.2972972972972974,0.40540540540540543,1.7263608242501505e-05
001,1.0,40,0.0125,37,2.0,0.24324324324324326,0.046348632150124414,0.15272727272727274,1.2972972972972974,0.40540540540540543,6.566320109868684e-08
001,1.0,50,0.01,37,1.3783783783783783,0.43243243243243246,0.32025601517126956,0.33192982456140346,1.2972972972972974,0.40540540540540543,1.25214228319237e-07
001,1.0,60,0.008333333333333333,37,0.918918918918919,0.5405405405405406,0.52792741706833,0.378968253968254,1.2972972972972974,0.40540540540540543,6.156158178782789e-07
001,1.0,75,0.006666666666666667,37,1.7837837837837838,0.35135135135135137,0.00345935260686947,0.2314990512333966,1.2972972972972974,0.40540540540540543,1.4274844943429343e-05
001,2.0,1,1.0,37,1.8108108108108107,0.21621621621621623,-0.3631971008657138,0.17306614953673777,1.2972972972972974,0.40540540540540543,0.01774706318974495
001,2.0,2,0.5,37,1.7837837837837838,0.1891891891891892,-0.3130914826498421,0.11965811965811965,1.2972972972972974,0.40540540540540543,0.00016589851293247193
001,2.0,3,0.3333333333333333,37,1.837837837837838,0.16216216216216217,-0.3585937499999998,0.08888888888888888,1.2972972972972974,0.40540540540540543,0.0010521147632971406
001,2.0,4,0.25,37,1.9189189189189189,0.16216216216216217,-0.38451612903225807,0.08571428571428572,1.2972972972972974,0.40540540540540543,0.007742560468614101
001,2.0,5,0.2,37,1.837837837837838,0.16216216216216217,-0.10145808019441072,0.11851851851851851,1.2972972972972974,0.40540540540540543,0.0006376742967404425
001,2.0,6,0.16666666666666666,37,1.837837837837838,0.21621621621621623,-0.04084392750879107,0.1728088336783989,1.2972972972972974,0.40540540540540543,5.887323823117185e-06
001,2.0,8,0.125,37,1.8108108108108107,0.21621621621621623,-0.02477383437717462,0.1670995670995671,1.2972972972972974,0.40540540540540543,8.380546205444261e-06
001,2.0,10,0.1,37,1.837837837837838,0.21621621621621623,-0.04167816726469753,0.1672727272727273,1.2972972972972974,0.40540540540540543,9.06131788269704e-07
001,2.0,12,0.08333333333333333,37,1.9189189189189189,0.1891891891891892,-0.09982026821512502,0.14545454545454545,1.2972972972972974,0.40540540540540543,0.0002820557274390012
001,2.0,14,0.07142857142857142,37,1.837837837837838,0.1891891891891892,-0.049645390070921724,0.14718614718614717,1.2972972972972974,0.40540540540540543,1.768392939993646e-05
001,2.0,16,0.0625,37,1.837837837837838,0.1891891891891892,-0.02692200943658052,0.1485375494071146,1.2972972972972974,0.40540540540540543,3.1237701136888063e-07
001,2.0,20,0.05,37,1.7837837837837838,0.21621621621621623,-0.03357787810383761,0.18037904124860646,1.2972972972972974,0.40540540540540543,4.994607479602564e-06
001,2.0,25,0.04,37,1.7567567567567568,0.2702702702702703,0.07893718560557195,0.2087912087912088,1.2972972972972974,0.40540540540540543,0.00018370260659139603
001,2.0,30,0.03333333333333333,37,1.8918918918918919,0.2702702702702703,0.047210300429184615,0.19053030303030302,1.2972972972972974,0.40540540540540543,0.005972815677523613
001,2.0,40,0.025,37,2.0,0.24324324324324326,0.046348632150124414,0.15272727272727274,1.2972972972972974,0.40540540540540543,4.5285318606147484e-07
001,2.0,50,0.02,37,1.4594594594594594,0.3783783783783784,0.2882904544361625,0.3026123301985371,1.2972972972972974,0.40540540540540543,0.00019972426525782794
001,2.0,60,0.016666666666666666,37,1.135135135135135,0.4864864864864865,0.4022453450164294,0.3527472527472527,1.2972972972972974,0.40540540540540543,0.00030064224847592413
001,2.0,75,0.013333333333333334,37,1.7837837837837838,0.32432432432432434,0.02194513715710722,0.21833333333333335,1.2972972972972974,0.40540540540540543,0.0006637681508436799
002,0.005,1,0.0025,28,1.6071428571428572,0.4642857142857143,0.01942740286298572,0.1625,1.75,0.14285714285714285,7.927356193704327e-08
002,0.005,2,0.00125,28,1.6785714285714286,0.42857142857142855,-0.06472491909385103,0.22028985507246376,1.75,0.14285714285714285,1.7995619145949604e-06
002,0.005,3,0.0008333333333333334,28,1.25,0.2857142857142857,0.24615384615384617,0.14545454545454545,1.75,0.14285714285714285,1.3266565474623349e-05
002,0.005,4,0.000625,28,1.25,0.2857142857142857,0.24615384615384617,0.14545454545454545,1.75,0.14285714285714285,1.9305560272186995e-05
002,0.005,5,0.0005,28,1.0357142857142858,0.35714285714285715,0.4125177809388336,0.1944862155388471,1.75,0.14285714285714285,1.469682865717914e-05
002,0.005,6,0.0004166666666666667,28,1.3571428571428572,0.21428571428571427,0.11671924290220836,0.13411764705882354,1.75,0.14285714285714285,1.2307770703046117e-05
002,0.005,8,0.0003125,28,1.25,0.4642857142857143,0.15629139072847686,0.21024667931688806,1.75,0.14285714285714285,2.10992329812143e-05
002,0.005,10,0.00025,28,1.2857142857142858,0.4642857142857143,0.15311909262759926,0.2103448275862069,1.75,0.14285714285714285,3.04076947941212e-05
002,0.005,12,0.00020833333333333335,28,1.2857142857142858,0.4642857142857143,0.15311909262759926,0.2103448275862069,1.75,0.14285714285714285,4.196643203613348e-05
002,0.005,14,0.00017857142857142857,28,1.4642857142857142,0.4642857142857143,0.013033175355450344,0.20434782608695654,1.75,0.14285714285714285,4.089425056008622e-05
002,0.005,16,0.00015625,28,1.3571428571428572,0.4642857142857143,0.06953846153846155,0.2055829228243021,1.75,0.14285714285714285,0.00011328773689456284
002,0.005,20,0.000125,28,1.5714285714285714,0.4642857142857143,-0.08769864626250734,0.23586309523809523,1.75,0.14285714285714285,5.2720097301062196e-05
002,0.005,25,0.0001,28,1.8571428571428572,0.32142857142857145,-0.17573872472783814,0.15546558704453442,1.75,0.14285714285714285,0.0005394085892476141
002,0.005,30,8.333333333333333e-05,28,1.8928571428571428,0.25,-0.12668743509865021,0.13875598086124402,1.75,0.14285714285714285,0.00011739131878130138
002,0.005,40,6.25e-05,28,1.7142857142857142,0.25,0.010026385224274459,0.13333333333333333,1.75,0.14285714285714285,0.00016152727766893804
002,0.005,50,5e-05,28,1.6785714285714286,0.2857142857142857,0.07178464606181467,0.13936651583710408,1.75,0.14285714285714285,0.00014379757340066135
002,0.005,60,4.1666666666666665e-05,28,1.2857142857142858,0.42857142857142855,0.2812991094814039,0.2148148148148148,1.75,0.14285714285714285,0.00018239401106256992
002,0.01,1,0.005,28,1.6071428571428572,0.4642857142857143,0.01942740286298572,0.1625,1.75,0.14285714285714285,2.2298683788335438e-08
002,0.01,2,0.0025,28,1.6785714285714286,0.42857142857142855,-0.06472491909385103,0.22028985507246376,1.75,0.14285714285714285,3.758341904358531e-08
002,0.01,3,0.0016666666666666668,28,1.25,0.2857142857142857,0.24615384615384617,0.14545454545454545,1.75,0.14285714285714285,5.895473123018746e-07
002,0.01,4,0.00125,28,1.25,0.2857142857142857,0.24615384615384617,0.14545454545454545,1.75,0.14285714285714285,1.9538083506631665e-06
002,0.01,5,0.001,28,1.0357142857142858,0.35714285714285715,0.4125177809388336,0.1944862155388471,1.75,0.14285714285714285,1.555726157675963e-06
002,0.01,6,0.0008333333333333334,28,1.3571428571428572,0.21428571428571427,0.11671924290220836,0.13411764705882354,1.75,0.14285714285714285,1.2971546539120027e-06
002,0.01,8,0.000625,28,1.25,0.4642857142857143,0.15629139072847686,0.21024667931688806,1.75,0.14285714285714285,4.473812168725999e-06
002,0.01,10,0.0005,28,1.2857142857142858,0.4642857142857143,0.15311909262759926,0.2103448275862069,1.75,0.14285714285714285,8.564757990825456e-06
002,0.01,12,0.0004166666666666667,28,1.2857142857142858,0.4642857142857143,0.15311909262759926,0.2103448275862069,1.75,0.14285714285714285,1.5332188922911882e-05
002,0.01,14,0.00035714285714285714,28,1.4642857142857142,0.4642857142857143,0.013033175355450344,0.20434782608695654,1.75,0.14285714285714285,0.00033035347587428987
002,0.01,16,0.0003125,28,1.3571428571428572,0.4642857142857143,0.06953846153846155,0.2055829228243021,1.75,0.14285714285714285,1.4744704458280466e-05
002,0.01,20,0.00025,28,1.5714285714285714,0.4642857142857143,-0.08769864626250734,0.23586309523809523,1.75,0.14285714285714285,0.0010008378885686398
002,0.01,25,0.0002,28,1.8571428571428572,0.32142857142857145,-0.17573872472783814,0.15546558704453442,1.75,0.14285714285714285,0.00133376638405025
002,0.01,30,0.00016666666666666666,28,1.8928571428571428,0.25,-0.12668743509865021,0.13875598086124402,1.75,0.14285714285714285,6.5483087382745e-05
002,0.01,40,0.000125,28,1.8214285714285714,0.25,-0.062118126272912244,0.13333333333333333,1.75,0.14285714285714285,8.775926835369319e-05
002,0.01,50,0.0001,28,1.6071428571428572,0.2857142857142857,0.11971830985915488,0.14305882352941177,1.75,0.14285714285714285,7.488617848139256e-05
002,0.01,60,8.333333333333333e-05,28,1.3214285714285714,0.39285714285714285,0.26119402985074625,0.19782135076252721,1.75,0.14285714285714285,0.00010586774442344904
002,0.02,1,0.01,28,1.6071428571428572,0.4642857142857143,0.01942740286298572,0.1625,1.75,0.14285714285714285,1.7214086156513986e-08
002,0.02,2,0.005,28,1.6785714285714286,0.42857142857142855,-0.06472491909385103,0.22028985507246376,1.75,0.14285714285714285,1.4700557926516922e-07
002,0.02,3,0.0033333333333333335,28,1.25,0.2857142857142857,0.24615384615384617,0.14545454545454545,1.75,0.14285714285714285,3.5931940089994896e-08
002,0.02,4,0.0025,28,1.2857142857142858,0.2857142857142857,0.20055710306406693,0.14545454545454545,1.75,0.14285714285714285,4.051313950981239e-08
002,0.02,5,0.002,28,1.0714285714285714,0.32142857142857145,0.3930635838150289,0.1746031746031746,1.75,0.14285714285714285,3.389977720757997e-08
002,0.02,6,0.0016666666666666668,28,1.3928571428571428,0.17857142857142858,0.0898876404494382,0.11517027863777089,1.75,0.14285714285714285,5.1359055674993215e-08
002,0.02,8,0.00125,28,1.25,0.4642857142857143,0.15629139072847686,0.21024667931688806,1.75,0.14285714285714285,1.631612605024202e-07
002,0.02,10,0.001,28,1.3571428571428572,0.42857142857142855,0.08376963350785338,0.19555555555555554,1.75,0.14285714285714285,6.356902986226487e-07
002,0.02,12,0.0008333333333333334,28,1.2857142857142858,0.4642857142857143,0.15311909262759926,0.2103448275862069,1.75,0.14285714285714285,1.9489175429043826e-06
002,0.02,14,0.0007142857142857143,28,1.5357142857142858,0.42857142857142855,-0.043636363636363695,0.19090909090909092,1.75,0.14285714285714285,7.710051431786269e-05
002,0.02,16,0.000625,28,1.2857142857142858,0.5,0.13312693498452,0.22000000000000003,1.75,0.14285714285714285,0.0006156011368148029
002,0.02,20,0.0005,28,1.4642857142857142,0.5,-0.004667444574095736,0.2587976539589443,1.75,0.14285714285714285,0.00013031582057010382
002,0.02,25,0.0004,28,1.8571428571428572,0.32142857142857145,-0.17573872472783814,0.15546558704453442,1.75,0.14285714285714285,6.178563126013614e-06
002,0.02,30,0.0003333333333333333,28,1.8571428571428572,0.2857142857142857,-0.0806531420089065,0.14666666666666667,1.75,0.14285714285714285,1.85273056558799e-05
002,0.02,40,0.00025,28,1.8214285714285714,0.25,-0.062118126272912244,0.13333333333333333,1.75,0.14285714285714285,2.7572950784815475e-05
002,0.02,50,0.0002,28,1.7142857142857142,0.2857142857142857,0.037800687285223344,0.1423076923076923,1.75,0.14285714285714285,2.2926469682715833e-05
002,0.02,60,0.00016666666666666666,28,1.2857142857142858,0.42857142857142855,0.2812991094814039,0.2148148148148148,1.75,0.14285714285714285,4.0069637179840356e-05
002,0.05,1,0.025,28,1.6071428571428572,0.4642857142857143,0.01942740286298572,0.1625,1.75,0.14285714285714285,2.1868487465326325e-08
002,0.05,2,0.0125,28,1.6785714285714286,0.42857142857142855,-0.06472491909385103,0.22028985507246376,1.75,0.14285714285714285,1.3024823601881508e-05
002,0.05,3,0.008333333333333333,28,1.25,0.2857142857142857,0.24615384615384617,0.14545454545454545,1.75,0.14285714285714285,8.164927294274094e-07
002,0.05,4,0.00625,28,1.2857142857142858,0.2857142857142857,0.20055710306406693,0.14545454545454545,1.75,0.14285714285714285,7.240295758492721e-07
002,0.05,5,0.005,28,1.1071428571428572,0.32142857142857145,0.3654676258992806,0.1746031746031746,1.75,0.14285714285714285,1.515677610086641e-07
002,0.05,6,0.004166666666666667,28,1.3571428571428572,0.17857142857142858,0.13071895424836588,0.11633986928104574,1.75,0.14285714285714285,3.036388562804859e-08
002,0.05,8,0.003125,28,1.2857142857142858,0.42857142857142855,0.13440860215053752,0.2007843137254902,1.75,0.14285714285714285,3.496804978908585e-08
002,0.05,10,0.0025,28,1.3928571428571428,0.39285714285714285,0.061088977423638835,0.18544061302681994,1.75,0.14285714285714285,3.891019417778807e-08
002,0.05,12,0.0020833333333333333,28,1.3571428571428572,0.42857142857142855,0.10771191841937533,0.2,1.75,0.14285714285714285,4.345622173218544e-08
002,0.05,14,0.0017857142857142859,28,1.5357142857142858,0.42857142857142855,-0.043636363636363695,0.19090909090909092,1.75,0.14285714285714285,1.0941273103526328e-05
002,0.05,16,0.0015625,28,1.25,0.5,0.17391304347826075,0.22000000000000003,1.75,0.14285714285714285,0.0003249785222578794
002,0.05,20,0.00125,28,1.4642857142857142,0.5,-0.004667444574095736,0.2587976539589443,1.75,0.14285714285714285,9.082126780413091e-06
002,0.05,25,0.001,28,1.8214285714285714,0.32142857142857145,-0.15696465696465678,0.15546558704453442,1.75,0.14285714285714285,0.00041500371298752725
002,0.05,30,0.0008333333333333334,28,1.8571428571428572,0.2857142857142857,-0.0806531420089065,0.14666666666666667,1.75,0.14285714285714285,6.068328843866766e-07
002,0.05,40,0.000625,28,1.7142857142857142,0.25,0.037455105182144566,0.13454545454545455,1.75,0.14285714285714285,7.405510586977471e-07
002,0.05,50,0.0005,28,1.6428571428571428,0.2857142857142857,0.08469539375928681,0.146,1.75,0.14285714285714285,0.004473614972084761
002,0.05,60,0.0004166666666666667,28,1.3214285714285714,0.39285714285714285,0.26119402985074625,0.19782135076252721,1.75,0.14285714285714285,2.9280863600433804e-06
002,0.1,1,0.05,28,1.6071428571428572,0.4642857142857143,0.01942740286298572,0.1625,1.75,0.14285714285714285,7.6450071162526e-08
002,0.1,2,0.025,28,1.6785714285714286,0.42857142857142855,-0.06472491909385103,0.22028985507246376,1.75,0.14285714285714285,8.155457180691883e-06
002,0.1,3,0.016666666666666666,28,1.2142857142857142,0.2857142857142857,0.27793696275071644,0.15238095238095237,1.75,0.14285714285714285,4.678664026869228e-06
002,0.1,4,0.0125,28,1.3214285714285714,0.2857142857142857,0.1747572815533981,0.14545454545454545,1.75,0.14285714285714285,7.24119843198423e-07
002,0.1,5,0.01,28,1.1428571428571428,0.32142857142857145,0.3381088825214901,0.1746031746031746,1.75,0.14285714285714285,3.349762778270815e-08
002,0.1,6,0.008333333333333333,28,1.4285714285714286,0.17857142857142858,0.06070287539936092,0.11517027863777089,1.75,0.14285714285714285,7.524160423599824e-07
002,0.1,8,0.00625,28,1.4285714285714286,0.39285714285714285,0.013550135501355198,0.1782258064516129,1.75,0.14285714285714285,5.476033493323484e-07
002,0.1,10,0.005,28,1.4285714285714286,0.39285714285714285,0.03703703703703709,0.18544061302681994,1.75,0.14285714285714285,2.018632585532032e-07
002,0.1,12,0.004166666666666667,28,1.3928571428571428,0.42857142857142855,0.08386277001270648,0.2,1.75,0.14285714285714285,1.2735355880977295e-07
002,0.1,14,0.0035714285714285718,28,1.6071428571428572,0.39285714285714285,-0.1126408010012514,0.17655172413793102,1.75,0.14285714285714285,2.3409870664181653e-06
002,0.1,16,0.003125,28,1.25,0.5,0.17391304347826075,0.22000000000000003,1.75,0.14285714285714285,0.0003785699955187738
002,0.1,20,0.0025,28,1.4285714285714286,0.5,0.017251635930993436,0.2642089093701997,1.75,0.14285714285714285,0.0016616336070001125
002,0.1,25,0.002,28,1.7142857142857142,0.39285714285714285,-0.08415074858027882,0.18095238095238092,1.75,0.14285714285714285,0.0008650017553009093
002,0.1,30,0.0016666666666666668,28,1.8571428571428572,0.2857142857142857,-0.0424821002386635,0.18333333333333335,1.75,0.14285714285714285,2.5761424694792368e-05
002,0.1,40,0.00125,28,1.6428571428571428,0.25,0.07692307692307687,0.13875598086124402,1.75,0.14285714285714285,5.8534706113277934e-06
002,0.1,50,0.001,28,1.5,0.32142857142857145,0.1684587813620072,0.15703703703703703,1.75,0.14285714285714285,1.6300469724228606e-05
002,0.1,60,0.0008333333333333334,28,1.3214285714285714,0.39285714285714285,0.26119402985074625,0.19782135076252721,1.75,0.14285714285714285,0.007628556806594133
002,0.2,1,0.1,28,1.6071428571428572,0.4642857142857143,0.01942740286298572,0.1625,1.75,0.14285714285714285,4.554854240268469e-05
002,0.2,2,0.05,28,1.6785714285714286,0.42857142857142855,-0.06472491909385103,0.22028985507246376,1.75,0.14285714285714285,0.00010588595614535734
002,0.2,3,0.03333333333333333,28,1.3214285714285714,0.25,0.1674008810572688,0.13999999999999999,1.75,0.14285714285714285,1.9520322894095443e-05
002,0.2,4,0.025,28,1.3928571428571428,0.25,0.11126961483594866,0.13333333333333333,1.75,0.14285714285714285,8.016743777261581e-06
002,0.2,5,0.02,28,1.25,0.25,0.2548725637181408,0.13999999999999999,1.75,0.14285714285714285,1.9833016722259345e-06
002,0.2,6,0.016666666666666666,28,1.5,0.14285714285714285,0.003236245954692629,0.09411764705882353,1.75,0.14285714285714285,5.45904622413218e-05
002,0.2,8,0.0125,28,1.4642857142857142,0.39285714285714285,-0.010796221322536992,0.1782258064516129,1.75,0.14285714285714285,6.351308547891676e-05
002,0.2,10,0.01,28,1.5,0.35714285714285715,-0.010695187165775444,0.1746031746031746,1.75,0.14285714285714285,5.316743681760272e-06
002,0.2,12,0.008333333333333333,28,1.5,0.35714285714285715,-0.010695187165775444,0.1746031746031746,1.75,0.14285714285714285,1.951484875917231e-07
002,0.2,14,0.0071428571428571435,28,1.6071428571428572,0.39285714285714285,-0.1126408010012514,0.17655172413793102,1.75,0.14285714285714285,2.5475540041952627e-06
002,0.2,16,0.00625,28,1.2142857142857142,0.5,0.19247648902821313,0.22139219015280137,1.75,0.14285714285714285,4.2336330352554796e-07
002,0.2,20,0.005,28,1.3571428571428572,0.4642857142857143,0.06377708978328167,0.20666666666666664,1.75,0.14285714285714285,7.27091683074832e-05
002,0.2,25,0.004,28,1.6071428571428572,0.35714285714285715,-0.01305767138193703,0.1787037037037037,1.75,0.14285714285714285,0.0002365958207519725
002,0.2,30,0.0033333333333333335,28,1.6785714285714286,0.32142857142857145,0.059903381642511966,0.16289592760180996,1.75,0.14285714285714285,0.0012638834305107594
002,0.2,40,0.0025,28,1.6428571428571428,0.25,0.07425474254742537,0.13333333333333333,1.75,0.14285714285714285,0.0007197033264674246
002,0.2,50,0.002,28,1.4642857142857142,0.35714285714285715,0.18932527693856982,0.1787037037037037,1.75,0.14285714285714285,1.8252952713737614e-06
002,0.2,60,0.0016666666666666668,28,1.3214285714285714,0.39285714285714285,0.26119402985074625,0.19782135076252721,1.75,0.14285714285714285,0.00012308858276810497
002,0.5,1,0.25,28,1.6071428571428572,0.4642857142857143,0.01942740286298572,0.1625,1.75,0.14285714285714285,1.917554293129342e-08
002,0.5,2,0.125,28,1.6785714285714286,0.42857142857142855,-0.06472491909385103,0.22028985507246376,1.75,0.14285714285714285,0.0001002704375423491
002,0.5,3,0.08333333333333333,28,1.3571428571428572,0.25,0.14035087719298256,0.13999999999999999,1.75,0.14285714285714285,0.00011155441461596638
002,0.5,4,0.0625,28,1.3928571428571428,0.25,0.11126961483594866,0.13333333333333333,1.75,0.14285714285714285,0.0022786897607147694
002,0.5,5,0.05,28,1.25,0.25,0.2548725637181408,0.13999999999999999,1.75,0.14285714285714285,8.749500011617783e-06
002,0.5,6,0.041666666666666664,28,1.5357142857142858,0.14285714285714285,-0.0349761526232113,0.09411764705882353,1.75,0.14285714285714285,1.6790383597253822e-05
002,0.5,8,0.03125,28,1.3928571428571428,0.39285714285714285,0.06224627875507449,0.19066937119675456,1.75,0.14285714285714285,0.03247051313519478
002,0.5,10,0.025,28,1.5,0.35714285714285715,-0.010695187165775444,0.1746031746031746,1.75,0.14285714285714285,9.687907549960073e-06
002,0.5,12,0.020833333333333332,28,1.5357142857142858,0.32142857142857145,-0.03527815468113982,0.16296296296296295,1.75,0.14285714285714285,1.1951080523431301e-05
002,0.5,14,0.017857142857142856,28,1.4642857142857142,0.39285714285714285,0.013175230566534801,0.18544061302681994,1.75,0.14285714285714285,0.0004951945156790316
002,0.5,16,0.015625,28,1.3571428571428572,0.39285714285714285,0.07182320441988954,0.18166666666666667,1.75,0.14285714285714285,3.642962610683753e-06
002,0.5,20,0.0125,28,1.5,0.39285714285714285,-0.0712401055408971,0.17381404174573056,1.75,0.14285714285714285,0.0026852386072278023
002,0.5,25,0.01,28,1.6785714285714286,0.35714285714285715,-0.06933911159263273,0.1636781609195402,1.75,0.14285714285714285,4.4817570596933365e-05
002,0.5,30,0.008333333333333333,28,1.6785714285714286,0.32142857142857145,0.04607843137254908,0.15333333333333332,1.75,0.14285714285714285,1.8329283193452284e-05
002,0.5,40,0.00625,28,1.5,0.2857142857142857,0.13725490196078427,0.14285714285714285,1.75,0.14285714285714285,2.3946188321133377e-06
002,0.5,50,0.005,28,1.5714285714285714,0.32142857142857145,0.12367491166077738,0.1638888888888889,1.75,0.14285714285714285,0.0003731370088644326
002,0.5,60,0.004166666666666667,28,1.3214285714285714,0.39285714285714285,0.26519337016574585,0.1853448275862069,1.75,0.14285714285714285,0.007872877642512321
002,1.0,1,0.5,28,1.6071428571428572,0.42857142857142855,0.015856236786469302,0.15789473684210525,1.75,0.14285714285714285,6.897007551742718e-05
002,1.0,2,0.25,28,1.7142857142857142,0.39285714285714285,-0.08515283842794763,0.1612121212121212,1.75,0.14285714285714285,0.003173744073137641
002,1.0,3,0.16666666666666666,28,1.3571428571428572,0.25,0.14035087719298256,0.13999999999999999,1.75,0.14285714285714285,0.0020987545140087605
002,1.0,4,0.125,28,1.3571428571428572,0.25,0.14035087719298256,0.13999999999999999,1.75,0.14285714285714285,0.00011949983309023082
002,1.0,5,0.1,28,1.2857142857142858,0.25,0.21533923303834812,0.13999999999999999,1.75,0.14285714285714285,6.583813956240192e-05
002,1.0,6,0.08333333333333333,28,1.5,0.14285714285714285,0.003236245954692629,0.09411764705882353,1.75,0.14285714285714285,0.03220183402299881
002,1.0,8,0.0625,28,1.4642857142857142,0.32142857142857145,0.013947001394700065,0.1681917211328976,1.75,0.14285714285714285,0.0024297006893903017
002,1.0,10,0.05,28,1.5,0.2857142857142857,-0.011331444759206777,0.15565610859728507,1.75,0.14285714285714285,1.4900385394867044e-05
002,1.0,12,0.041666666666666664,28,1.5714285714285714,0.2857142857142857,-0.06060606060606055,0.15042735042735042,1.75,0.14285714285714285,0.00038533061160705984
002,1.0,14,0.03571428571428571,28,1.5,0.35714285714285715,-0.010695187165775444,0.1746031746031746,1.75,0.14285714285714285,0.00022709935728926212
002,1.0,16,0.03125,28,1.2857142857142858,0.39285714285714285,0.15384615384615385,0.19411764705882353,1.75,0.14285714285714285,1.0129982911166735e-05
002,1.0,20,0.025,28,1.6071428571428572,0.35714285714285715,-0.12483399734395739,0.16392156862745097,1.75,0.14285714285714285,4.346306013758294e-05
002,1.0,25,0.02,28,1.6428571428571428,0.35714285714285715,-0.044432254525507364,0.1676190476190476,1.75,0.14285714285714285,0.0005956013919785619
002,1.0,30,0.016666666666666666,28,1.5357142857142858,0.32142857142857145,0.1358921161825727,0.15714285714285714,1.75,0.14285714285714285,0.0017572300275787711
002,1.0,40,0.0125,28,1.25,0.42857142857142855,0.265282583621684,0.18214285714285713,1.75,0.14285714285714285,9.060787124326453e-05
002,1.0,50,0.01,28,1.3214285714285714,0.39285714285714285,0.2382588774341352,0.1853448275862069,1.75,0.14285714285714285,0.001732167205773294
002,1.0,60,0.008333333333333333,28,1.2857142857142858,0.39285714285714285,0.22982885085574578,0.23809523809523808,1.75,0.14285714285714285,0.0008537722169421613
002,2.0,1,1.0,28,1.75,0.39285714285714285,-0.06964656964656957,0.15714285714285714,1.75,0.14285714285714285,0.0008799902279861271
002,2.0,2,0.5,28,1.6071428571428572,0.39285714285714285,-0.027303754266211788,0.16883116883116883,1.75,0.14285714285714285,0.0006477360147982836
002,2.0,3,0.3333333333333333,28,1.4285714285714286,0.25,0.08695652173913038,0.13999999999999999,1.75,0.14285714285714285,0.0008249516831710935
002,2.0,4,0.25,28,1.4642857142857142,0.21428571428571427,0.054628224582701,0.13333333333333333,1.75,0.14285714285714285,0.0002858736552298069
002,2.0,5,0.2,28,1.3214285714285714,0.21428571428571427,0.18456883509833588,0.12631578947368421,1.75,0.14285714285714285,0.008969800546765327
002,2.0,6,0.16666666666666666,28,1.4642857142857142,0.14285714285714285,0.04186795491143325,0.09411764705882353,1.75,0.14285714285714285,0.01341211050748825
002,2.0,8,0.125,28,1.5,0.2857142857142857,-0.011331444759206777,0.15565610859728507,1.75,0.14285714285714285,0.0010951085714623332
002,2.0,10,0.1,28,1.5,0.2857142857142857,-0.011331444759206777,0.15565610859728507,1.75,0.14285714285714285,2.3334656361839734e-05
002,2.0,12,0.08333333333333333,28,1.5,0.2857142857142857,-0.011331444759206777,0.15565610859728507,1.75,0.14285714285714285,0.0006910040392540395
002,2.0,14,0.07142857142857142,28,1.5,0.2857142857142857,0.005571030640668551,0.1528888888888889,1.75,0.14285714285714285,0.0021709562279284
002,2.0,16,0.0625,28,1.2857142857142858,0.42857142857142855,0.15775401069518724,0.2111111111111111,1.75,0.14285714285714285,0.026977945119142532
002,2.0,20,0.05,28,1.5,0.35714285714285715,-0.03561643835616435,0.16833333333333333,1.75,0.14285714285714285,0.003303281497210264
002,2.0,25,0.04,28,1.5357142857142858,0.35714285714285715,0.023068050749711633,0.16748768472906403,1.75,0.14285714285714285,7.85743904998526e-05
002,2.0,30,0.03333333333333333,28,1.3928571428571428,0.42857142857142855,0.09860788863109049,0.18214285714285713,1.75,0.14285714285714285,0.0003739847452379763
002,2.0,40,0.025,28,1.2142857142857142,0.4642857142857143,0.25133689839572193,0.19047619047619047,1.75,0.14285714285714285,0.001590794650837779
002,2.0,50,0.02,28,1.1785714285714286,0.39285714285714285,0.35622817229336445,0.1903448275862069,1.75,0.14285714285714285,0.009581098333001137
002,2.0,60,0.016666666666666666,28,1.2857142857142858,0.35714285714285715,0.26405867970660146,0.17142857142857143,1.75,0.14285714285714285,0.010770509950816631
003,0.005,1,0.0025,37,1.4054054054054055,0.35135135135135137,0.19076549210206561,0.3097742127153892,1.2162162162162162,0.35135135135135137,1.1750110218144982e-08
003,0.005,2,0.00125,37,1.2702702702702702,0.3783783783783784,0.42331368696791094,0.2212121212121212,1.2162162162162162,0.35135135135135137,1.5442353173966694e-08
003,0.005,3,0.0008333333333333334,37,1.2432432432432432,0.3783783783783784,0.4591490472461498,0.24329004329004328,1.2162162162162162,0.35135135135135137,1.3065122317357236e-08
003,0.005,4,0.000625,37,1.0,0.40540540540540543,0.6541237723346349,0.22427035330261136,1.2162162162162162,0.35135135135135137,1.6101451194572292e-07
003,0.005,5,0.0005,37,1.027027027027027,0.40540540540540543,0.6398385565052231,0.22427035330261136,1.2162162162162162,0.35135135135135137,2.165520072594518e-06
003,0.005,6,0.0004166666666666667,37,0.918918918918919,0.40540540540540543,0.7091623679685581,0.23316912972085388,1.2162162162162162,0.35135135135135137,2.8014933377562556e-06
003,0.005,8,0.0003125,37,0.7297297297297297,0.4864864864864865,0.7949050595589102,0.2712643678160919,1.2162162162162162,0.35135135135135137,4.258313310856465e-06
003,0.005,10,0.00025,37,0.6216216216216216,0.5405405405405406,0.840200770398039,0.3176823176823177,1.2162162162162162,0.35135135135135137,3.310480678919703e-05
003,0.005,12,0.00020833333333333335,37,0.6216216216216216,0.5405405405405406,0.840200770398039,0.3176823176823177,1.2162162162162162,0.35135135135135137,3.1411964300787076e-05
003,0.005,14,0.00017857142857142857,37,0.6216216216216216,0.5405405405405406,0.840200770398039,0.3176823176823177,1.2162162162162162,0.35135135135135137,5.0505077524576336e-05
003,0.005,16,0.00015625,37,0.6756756756756757,0.5135135135135135,0.807966203983102,0.30769230769230765,1.2162162162162162,0.35135135135135137,4.9401485739508644e-05
003,0.005,20,0.000125,37,0.7297297297297297,0.4864864864864865,0.7734599525178059,0.29846153846153844,1.2162162162162162,0.35135135135135137,7.52898704377003e-05
003,0.005,25,0.0001,37,0.5675675675675675,0.5405405405405406,0.8615570307785154,0.3230769230769231,1.2162162162162162,0.35135135135135137,0.00010347948409616947
003,0.005,30,8.333333333333333e-05,37,0.5405405405405406,0.5405405405405406,0.8804968944099378,0.3333333333333333,1.2162162162162162,0.35135135135135137,0.00015977586735971272
003,0.005,40,6.25e-05,37,0.7297297297297297,0.43243243243243246,0.7858732749666122,0.3548717948717949,1.2162162162162162,0.35135135135135137,0.00016752102237660438
003,0.005,50,5e-05,37,0.8108108108108109,0.40540540540540543,0.7395894428152492,0.31455433455433457,1.2162162162162162,0.35135135135135137,0.00017731972911860794
003,0.005,60,4.1666666666666665e-05,37,0.7027027027027027,0.5135135135135135,0.7758810572687225,0.4352380952380952,1.2162162162162162,0.35135135135135137,0.00019198872905690223
003,0.005,75,3.3333333333333335e-05,37,0.7837837837837838,0.40540540540540543,0.7314767932489452,0.36240601503759395,1.2162162162162162,0.35135135135135137,0.00024793832562863827
003,0.01,1,0.005,37,1.4054054054054055,0.35135135135135137,0.19076549210206561,0.3097742127153892,1.2162162162162162,0.35135135135135137,1.1349215789380196e-08
003,0.01,2,0.0025,37,1.2162162162162162,0.3783783783783784,0.4745029081563641,0.2290322580645161,1.2162162162162162,0.35135135135135137,1.5037311840160328e-08
003,0.01,3,0.0016666666666666668,37,1.2162162162162162,0.3783783783783784,0.48481633735578833,0.2470779220779221,1.2162162162162162,0.35135135135135137,1.229915103095891e-08
003,0.01,4,0.00125,37,1.0,0.40540540540540543,0.6541237723346349,0.22427035330261136,1.2162162162162162,0.35135135135135137,1.5556624433088473e-08
003,0.01,5,0.001,37,1.027027027027027,0.40540540540540543,0.6398385565052231,0.22427035330261136,1.2162162162162162,0.35135135135135137,3.432892725641068e-08
003,0.01,6,0.0008333333333333334,37,0.918918918918919,0.40540540540540543,0.7091623679685581,0.23316912972085388,1.2162162162162162,0.35135135135135137,5.803942926263517e-08
003,0.01,8,0.000625,37,0.7297297297297297,0.4864864864864865,0.7949050595589102,0.2712643678160919,1.2162162162162162,0.35135135135135137,1.8904206910974608e-07
003,0.01,10,0.0005,37,0.6216216216216216,0.5405405405405406,0.8377769877947624,0.32322077922077924,1.2162162162162162,0.35135135135135137,6.398783625627402e-06
003,0.01,12,0.0004166666666666667,37,0.6216216216216216,0.5405405405405406,0.840200770398039,0.3176823176823177,1.2162162162162162,0.35135135135135137,7.80766367824981e-06
003,0.01,14,0.00035714285714285714,37,0.6216216216216216,0.5405405405405406,0.840200770398039,0.3176823176823177,1.2162162162162162,0.35135135135135137,1.5997338778106496e-05
003,0.01,16,0.0003125,37,0.6756756756756757,0.5135135135135135,0.807966203983102,0.30769230769230765,1.2162162162162162,0.35135135135135137,1.6732865333324298e-05
003,0.01,20,0.00025,37,0.7297297297297297,0.4864864864864865,0.7734599525178059,0.29846153846153844,1.2162162162162162,0.35135135135135137,3.5526743886293843e-05
003,0.01,25,0.0002,37,0.5675675675675675,0.5405405405405406,0.8615570307785154,0.3230769230769231,1.2162162162162162,0.35135135135135137,5.85499765293207e-05
003,0.01,30,0.00016666666666666666,37,0.5945945945945946,0.5405405405405406,0.8469213920661962,0.32666666666666666,1.2162162162162162,0.35135135135135137,8.804178651189432e-05
003,0.01,40,0.000125,37,0.7297297297297297,0.43243243243243246,0.7858732749666122,0.3548717948717949,1.2162162162162162,0.35135135135135137,0.00011276850273134187
003,0.01,50,0.0001,37,0.8108108108108109,0.40540540540540543,0.7395894428152492,0.31455433455433457,1.2162162162162162,0.35135135135135137,0.00014369902783073485
003,0.01,60,8.333333333333333e-05,37,0.7027027027027027,0.5135135135135135,0.7758810572687225,0.4352380952380952,1.2162162162162162,0.35135135135135137,0.0001648943725740537
003,0.01,75,6.666666666666667e-05,37,0.7837837837837838,0.40540540540540543,0.7411745566943224,0.377000777000777,1.2162162162162162,0.35135135135135137,0.0001884462544694543
003,0.02,1,0.01,37,1.4054054054054055,0.35135135135135137,0.19076549210206561,0.3097742127153892,1.2162162162162162,0.35135135135135137,8.724552635896998e-09
003,0.02,2,0.005,37,1.2162162162162162,0.35135135135135137,0.4981871894722707,0.20903225806451614,1.2162162162162162,0.35135135135135137,1.2284469441681267e-08
003,0.02,3,0.0033333333333333335,37,1.1081081081081081,0.43243243243243246,0.526726807593914,0.2903958944281525,1.2162162162162162,0.35135135135135137,1.9629220915362566e-08
003,0.02,4,0.0025,37,0.9459459459459459,0.43243243243243246,0.6765357267746823,0.2381231671554252,1.2162162162162162,0.35135135135135137,1.4512724355597584e-08
003,0.02,5,0.002,37,0.972972972972973,0.40540540540540543,0.674407235394769,0.23316912972085388,1.2162162162162162,0.35135135135135137,1.6970540528404854e-08
003,0.02,6,0.0016666666666666668,37,0.8918918918918919,0.40540540540540543,0.7237115926061941,0.23316912972085388,1.2162162162162162,0.35135135135135137,1.3906117146689212e-06
003,0.02,8,0.00125,37,0.7297297297297297,0.4864864864864865,0.7949050595589102,0.2712643678160919,1.2162162162162162,0.35135135135135137,1.8706385773725742e-08
003,0.02,10,0.001,37,0.6216216216216216,0.5405405405405406,0.8377769877947624,0.32322077922077924,1.2162162162162162,0.35135135135135137,1.6380059264520241e-07
003,0.02,12,0.0008333333333333334,37,0.6216216216216216,0.5405405405405406,0.840200770398039,0.3176823176823177,1.2162162162162162,0.35135135135135137,3.3432681334488734e-07
003,0.02,14,0.0007142857142857143,37,0.6216216216216216,0.5405405405405406,0.840200770398039,0.3176823176823177,1.2162162162162162,0.35135135135135137,1.254059270650032e-06
003,0.02,16,0.000625,37,0.6756756756756757,0.5135135135135135,0.807966203983102,0.30769230769230765,1.2162162162162162,0.35135135135135137,1.8680691482586553e-06
003,0.02,20,0.0005,37,0.7297297297297297,0.4864864864864865,0.7734599525178059,0.29846153846153844,1.2162162162162162,0.35135135135135137,6.652604042756138e-06
003,0.02,25,0.0004,37,0.5675675675675675,0.5405405405405406,0.8615570307785154,0.3230769230769231,1.2162162162162162,0.35135135135135137,1.615877408767119e-05
003,0.02,30,0.0003333333333333333,37,0.5405405405405406,0.5675675675675675,0.8627935723114957,0.38893772893772893,1.2162162162162162,0.35135135135135137,2.180913907068316e-05
003,0.02,40,0.00025,37,0.7297297297297297,0.43243243243243246,0.7858732749666122,0.3548717948717949,1.2162162162162162,0.35135135135135137,4.27607556048315e-05
003,0.02,50,0.0002,37,0.7567567567567568,0.43243243243243246,0.7567244471010162,0.3434920634920634,1.2162162162162162,0.35135135135135137,7.321688462980092e-05
003,0.02,60,0.00016666666666666666,37,0.6486486486486487,0.5405405405405406,0.7926008968609866,0.4727272727272728,1.2162162162162162,0.35135135135135137,9.734380000736564e-05
003,0.02,75,0.00013333333333333334,37,0.7567567567567568,0.43243243243243246,0.742970559047304,0.39683824946982843,1.2162162162162162,0.35135135135135137,8.345179958269e-05
003,0.05,1,0.025,37,1.4054054054054055,0.35135135135135137,0.19076549210206561,0.3097742127153892,1.2162162162162162,0.35135135135135137,1.0962818208781755e-08
003,0.05,2,0.0125,37,1.1891891891891893,0.35135135135135137,0.51,0.20903225806451614,1.2162162162162162,0.35135135135135137,4.958919362252345e-06
003,0.05,3,0.008333333333333333,37,1.135135135135135,0.40540540540540543,0.5281615302869288,0.26903225806451614,1.2162162162162162,0.35135135135135137,9.830709579716768e-09
003,0.05,4,0.00625,37,0.918918918918919,0.43243243243243246,0.6842853756814411,0.24242424242424238,1.2162162162162162,0.35135135135135137,1.456192944004897e-08
003,0.05,5,0.005,37,0.9459459459459459,0.40540540540540543,0.6882403223836855,0.23316912972085388,1.2162162162162162,0.35135135135135137,1.522325021596771e-08
003,0.05,6,0.004166666666666667,37,0.8648648648648649,0.40540540540540543,0.7381649585163494,0.23316912972085388,1.2162162162162162,0.35135135135135137,4.2235015484948235e-08
003,0.05,8,0.003125,37,0.7297297297297297,0.4864864864864865,0.7949050595589102,0.2712643678160919,1.2162162162162162,0.35135135135135137,1.7794468121223872e-08
003,0.05,10,0.0025,37,0.6216216216216216,0.5405405405405406,0.8377769877947624,0.32322077922077924,1.2162162162162162,0.35135135135135137,2.602534188156369e-08
003,0.05,12,0.0020833333333333333,37,0.6216216216216216,0.5405405405405406,0.840200770398039,0.3176823176823177,1.2162162162162162,0.35135135135135137,2.855047931404897e-08
003,0.05,14,0.0017857142857142859,37,0.6216216216216216,0.5405405405405406,0.840200770398039,0.3176823176823177,1.2162162162162162,0.35135135135135137,3.195315301240953e-08
003,0.05,16,0.0015625,37,0.6756756756756757,0.5135135135135135,0.807966203983102,0.30769230769230765,1.2162162162162162,0.35135135135135137,3.2132149385688535e-08
003,0.05,20,0.00125,37,0.7297297297297297,0.4864864864864865,0.7734599525178059,0.29846153846153844,1.2162162162162162,0.35135135135135137,4.624440563816279e-08
003,0.05,25,0.001,37,0.5945945945945946,0.5405405405405406,0.8507002136244957,0.3199430199430199,1.2162162162162162,0.35135135135135137,2.2589253489968542e-07
003,0.05,30,0.0008333333333333334,37,0.5945945945945946,0.5405405405405406,0.8476628723661904,0.32564102564102565,1.2162162162162162,0.35135135135135137,3.050811585580959e-07
003,0.05,40,0.000625,37,0.7297297297297297,0.43243243243243246,0.7858732749666122,0.3548717948717949,1.2162162162162162,0.35135135135135137,1.6309375041601015e-06
003,0.05,50,0.0005,37,0.7567567567567568,0.43243243243243246,0.7567244471010162,0.3434920634920634,1.2162162162162162,0.35135135135135137,6.07587071499438e-06
003,0.05,60,0.0004166666666666667,37,0.6486486486486487,0.5405405405405406,0.7926008968609866,0.4727272727272728,1.2162162162162162,0.35135135135135137,1.3332055459613912e-05
003,0.05,75,0.0003333333333333334,37,0.7567567567567568,0.40540540540540543,0.7458791208791209,0.36095238095238097,1.2162162162162162,0.35135135135135137,5.83264136366779e-06
003,0.1,1,0.05,37,1.3783783783783783,0.35135135135135137,0.21086068673423086,0.303926259499015,1.2162162162162162,0.35135135135135137,2.437483637152127e-08
003,0.1,2,0.025,37,1.1081081081081081,0.3783783783783784,0.5622825330549757,0.23793103448275862,1.2162162162162162,0.35135135135135137,1.633321062399773e-06
003,0.1,3,0.016666666666666666,37,1.162162162162162,0.3783783783783784,0.5295582645169746,0.2455157745480326,1.2162162162162162,0.35135135135135137,6.09898549441823e-08
003,0.1,4,0.0125,37,0.8918918918918919,0.43243243243243246,0.7108332331369485,0.24702194357366772,1.2162162162162162,0.35135135135135137,2.87860501657633e-07
003,0.1,5,0.01,37,0.918918918918919,0.40540540540540543,0.7027750730282376,0.23316912972085388,1.2162162162162162,0.35135135135135137,2.148558633052744e-05
003,0.1,6,0.008333333333333333,37,0.8648648648648649,0.40540540540540543,0.7381649585163494,0.23316912972085388,1.2162162162162162,0.35135135135135137,2.37167810723804e-07
003,0.1,8,0.00625,37,0.7027027027027027,0.4864864864864865,0.8140703517587939,0.2761904761904762,1.2162162162162162,0.35135135135135137,1.4564025150320958e-06
003,0.1,10,0.005,37,0.6216216216216216,0.5405405405405406,0.8377769877947624,0.32322077922077924,1.2162162162162162,0.35135135135135137,2.0512892717761133e-07
003,0.1,12,0.004166666666666667,37,0.6216216216216216,0.5405405405405406,0.840200770398039,0.3176823176823177,1.2162162162162162,0.35135135135135137,2.2496505991398408e-08
003,0.1,14,0.0035714285714285718,37,0.6216216216216216,0.5405405405405406,0.840200770398039,0.3176823176823177,1.2162162162162162,0.35135135135135137,2.8666066853588745e-08
003,0.1,16,0.003125,37,0.6756756756756757,0.5135135135135135,0.807966203983102,0.30769230769230765,1.2162162162162162,0.35135135135135137,3.1282876733484954e-08
003,0.1,20,0.0025,37,0.7297297297297297,0.4864864864864865,0.7734599525178059,0.29846153846153844,1.2162162162162162,0.35135135135135137,3.4542107840707104e-08
003,0.1,25,0.002,37,0.5945945945945946,0.5405405405405406,0.8507002136244957,0.3199430199430199,1.2162162162162162,0.35135135135135137,4.0232968956388504e-08
003,0.1,30,0.0016666666666666668,37,0.6216216216216216,0.5405405405405406,0.8370044052863437,0.322973322973323,1.2162162162162162,0.35135135135135137,4.662898689389294e-08
003,0.1,40,0.00125,37,0.7297297297297297,0.43243243243243246,0.7858732749666122,0.3548717948717949,1.2162162162162162,0.35135135135135137,4.881876591866785e-08
003,0.1,50,0.001,37,0.6756756756756757,0.4594594594594595,0.8041143548631069,0.38417582417582413,1.2162162162162162,0.35135135135135137,7.828558068467828e-08
003,0.1,60,0.0008333333333333334,37,0.6486486486486487,0.5405405405405406,0.7926008968609866,0.4727272727272728,1.2162162162162162,0.35135135135135137,3.296560464605136e-07
003,0.1,75,0.0006666666666666668,37,0.7567567567567568,0.40540540540540543,0.7458791208791209,0.36095238095238097,1.2162162162162162,0.35135135135135137,1.170375156789305e-07
003,0.2,1,0.1,37,1.2972972972972974,0.3783783783783784,0.26339969372128635,0.34541255098530643,1.2162162162162162,0.35135135135135137,4.0264085328090005e-06
003,0.2,2,0.05,37,1.135135135135135,0.35135135135135137,0.5495469988674971,0.22857142857142856,1.2162162162162162,0.35135135135135137,0.00011399309732951224
003,0.2,3,0.03333333333333333,37,1.0810810810810811,0.3783783783783784,0.5907742109522525,0.2487002652519894,1.2162162162162162,0.35135135135135137,1.0581916853880102e-07
003,0.2,4,0.025,37,0.8378378378378378,0.4594594594594595,0.7368928528383754,0.2645962732919255,1.2162162162162162,0.35135135135135137,2.1354971977416426e-05
003,0.2,5,0.02,37,0.9459459459459459,0.3783783783783784,0.7021671826625386,0.22424242424242422,1.2162162162162162,0.35135135135135137,1.476093416385993e-07
003,0.2,6,0.016666666666666666,37,0.8378378378378378,0.40540540540540543,0.7571517027863777,0.23809523809523808,1.2162162162162162,0.35135135135135137,1.9380186699891055e-07
003,0.2,8,0.0125,37,0.7027027027027027,0.4864864864864865,0.8140703517587939,0.2761904761904762,1.2162162162162162,0.35135135135135137,2.431586608508951e-06
003,0.2,10,0.01,37,0.6486486486486487,0.5135135135135135,0.8313744303190214,0.3095238095238095,1.2162162162162162,0.35135135135135137,1.9240021629229886e-06
003,0.2,12,0.008333333333333333,37,0.6216216216216216,0.5405405405405406,0.840200770398039,0.3176823176823177,1.2162162162162162,0.35135135135135137,2.0714768567131614e-08
003,0.2,14,0.0071428571428571435,37,0.6216216216216216,0.5405405405405406,0.840200770398039,0.3176823176823177,1.2162162162162162,0.35135135135135137,2.4542988086295736e-08
003,0.2,16,0.00625,37,0.6756756756756757,0.5135135135135135,0.807966203983102,0.30769230769230765,1.2162162162162162,0.35135135135135137,3.548101545902682e-08
003,0.2,20,0.005,37,0.6486486486486487,0.4864864864864865,0.833416708354177,0.30256410256410254,1.2162162162162162,0.35135135135135137,3.667508963189903e-08
003,0.2,25,0.004,37,0.5945945945945946,0.5405405405405406,0.8507002136244957,0.3199430199430199,1.2162162162162162,0.35135135135135137,3.5232215367386743e-08
003,0.2,30,0.0033333333333333335,37,0.6216216216216216,0.5405405405405406,0.8370044052863437,0.322973322973323,1.2162162162162162,0.35135135135135137,4.3323666432115715e-08
003,0.2,40,0.0025,37,0.7027027027027027,0.4594594594594595,0.7875491084919914,0.3896769896769897,1.2162162162162162,0.35135135135135137,5.146691250956792e-08
003,0.2,50,0.002,37,0.6756756756756757,0.4594594594594595,0.8041143548631069,0.38417582417582413,1.2162162162162162,0.35135135135135137,5.418678838964297e-08
003,0.2,60,0.0016666666666666668,37,0.6756756756756757,0.5135135135135135,0.7909604519774012,0.399043062200957,1.2162162162162162,0.35135135135135137,4.8112237749364795e-08
003,0.2,75,0.0013333333333333335,37,0.7567567567567568,0.40540540540540543,0.7458791208791209,0.36095238095238097,1.2162162162162162,0.35135135135135137,5.001131953008553e-08
003,0.5,1,0.25,37,1.3243243243243243,0.35135135135135137,0.24607248405661852,0.32300653594771245,1.2162162162162162,0.35135135135135137,0.001387965981848538
003,0.5,2,0.125,37,1.135135135135135,0.32432432432432434,0.535287081339713,0.2122105263157895,1.2162162162162162,0.35135135135135137,1.4962817658670247e-05
003,0.5,3,0.08333333333333333,37,1.0810810810810811,0.35135135135135137,0.5914987579354126,0.23934065934065937,1.2162162162162162,0.35135135135135137,6.69391602059477e-06
003,0.5,4,0.0625,37,0.8918918918918919,0.43243243243243246,0.7183762232693005,0.25,1.2162162162162162,0.35135135135135137,0.00045540128485299647
003,0.5,5,0.05,37,0.972972972972973,0.40540540540540543,0.6733692986758215,0.23768115942028983,1.2162162162162162,0.35135135135135137,3.4225156468892237e-06
003,0.5,6,0.041666666666666664,37,0.8378378378378378,0.40540540540540543,0.7565487274984481,0.24242424242424238,1.2162162162162162,0.35135135135135137,2.4910617867135443e-05
003,0.5,8,0.03125,37,0.7027027027027027,0.4864864864864865,0.8140703517587939,0.2761904761904762,1.2162162162162162,0.35135135135135137,6.233747262740508e-05
003,0.5,10,0.025,37,0.6486486486486487,0.5135135135135135,0.8287454323995128,0.3153209109730849,1.2162162162162162,0.35135135135135137,0.0005717257736250758
003,0.5,12,0.020833333333333332,37,0.6486486486486487,0.5135135135135135,0.8339239310181904,0.30419047619047623,1.2162162162162162,0.35135135135135137,1.8365644791629165e-06
003,0.5,14,0.017857142857142856,37,0.6216216216216216,0.5405405405405406,0.840200770398039,0.3176823176823177,1.2162162162162162,0.35135135135135137,3.042971229660907e-06
003,0.5,16,0.015625,37,0.6486486486486487,0.5135135135135135,0.8277804997550221,0.3132307692307692,1.2162162162162162,0.35135135135135137,0.00027806428261101246
003,0.5,20,0.0125,37,0.6216216216216216,0.5135135135135135,0.8440698374473209,0.3102564102564102,1.2162162162162162,0.35135135135135137,2.5110455226240447e-06
003,0.5,25,0.01,37,0.5945945945945946,0.5405405405405406,0.8507002136244957,0.3199430199430199,1.2162162162162162,0.35135135135135137,7.277654390236421e-08
003,0.5,30,0.008333333333333333,37,0.6216216216216216,0.5405405405405406,0.8370044052863437,0.322973322973323,1.2162162162162162,0.35135135135135137,3.880150600821253e-08
003,0.5,40,0.00625,37,0.6486486486486487,0.4864864864864865,0.8061633281972265,0.4189810189810189,1.2162162162162162,0.35135135135135137,4.0377500454269466e-08
003,0.5,50,0.005,37,0.6486486486486487,0.4594594594594595,0.8181259600614439,0.3897142857142857,1.2162162162162162,0.35135135135135137,6.595048063218201e-08
003,0.5,60,0.004166666666666667,37,0.6216216216216216,0.5135135135135135,0.82920688208141,0.4344742976321923,1.2162162162162162,0.35135135135135137,3.453448016443872e-08
003,0.5,75,0.0033333333333333335,37,0.6756756756756757,0.4864864864864865,0.7825258141382049,0.45647939017504235,1.2162162162162162,0.35135135135135137,7.464931428557975e-08
003,1.0,1,0.5,37,1.3513513513513513,0.32432432432432434,0.25206738131699846,0.30531230035874,1.2162162162162162,0.35135135135135137,0.0005985355819575489
003,1.0,2,0.25,37,1.162162162162162,0.2972972972972973,0.5126297845963117,0.19666666666666668,1.2162162162162162,0.35135135135135137,0.0001885058736661449
003,1.0,3,0.16666666666666666,37,1.0,0.35135135135135137,0.6426409110566528,0.24423076923076925,1.2162162162162162,0.35135135135135137,0.0003571270208340138
003,1.0,4,0.125,37,0.9459459459459459,0.40540540540540543,0.6818940074425767,0.27476943346508564,1.2162162162162162,0.35135135135135137,1.5137094123929273e-05
003,1.0,5,0.1,37,0.972972972972973,0.3783783783783784,0.6820823856456912,0.23234782608695653,1.2162162162162162,0.35135135135135137,2.3219932700158097e-05
003,1.0,6,0.08333333333333333,37,0.8648648648648649,0.40540540540540543,0.7381854940611574,0.24755244755244754,1.2162162162162162,0.35135135135135137,8.006846655916888e-06
003,1.0,8,0.0625,37,0.7027027027027027,0.4864864864864865,0.8140703517587939,0.2761904761904762,1.2162162162162162,0.35135135135135137,0.0001355209096800536
003,1.0,10,0.05,37,0.6756756756756757,0.5135135135135135,0.8162770982196924,0.3153209109730849,1.2162162162162162,0.35135135135135137,0.0005917766829952598
003,1.0,12,0.041666666666666664,37,0.6216216216216216,0.5405405405405406,0.8363419007770472,0.33772893772893775,1.2162162162162162,0.35135135135135137,3.585389276850037e-05
003,1.0,14,0.03571428571428571,37,0.6216216216216216,0.5405405405405406,0.840200770398039,0.3176823176823177,1.2162162162162162,0.35135135135135137,0.00011667655780911446
003,1.0,16,0.03125,37,0.6486486486486487,0.5135135135135135,0.8282013685239492,0.31579487179487176,1.2162162162162162,0.35135135135135137,0.000602558022364974
003,1.0,20,0.025,37,0.6216216216216216,0.5135135135135135,0.8440698374473209,0.3102564102564102,1.2162162162162162,0.35135135135135137,3.8957074139034376e-05
003,1.0,25,0.02,37,0.5945945945945946,0.5405405405405406,0.8507002136244957,0.3199430199430199,1.2162162162162162,0.35135135135135137,8.50558717502281e-06
003,1.0,30,0.016666666666666666,37,0.6216216216216216,0.5405405405405406,0.8370044052863437,0.322973322973323,1.2162162162162162,0.35135135135135137,0.00027852965286001563
003,1.0,40,0.0125,37,0.6486486486486487,0.4864864864864865,0.8061633281972265,0.4189810189810189,1.2162162162162162,0.35135135135135137,7.921180866787836e-08
003,1.0,50,0.01,37,0.6486486486486487,0.4594594594594595,0.8181259600614439,0.3897142857142857,1.2162162162162162,0.35135135135135137,5.269205303193303e-06
003,1.0,60,0.008333333333333333,37,0.6216216216216216,0.5135135135135135,0.82920688208141,0.4344742976321923,1.2162162162162162,0.35135135135135137,9.979814308280766e-08
003,1.0,75,0.006666666666666667,37,0.6486486486486487,0.5135135135135135,0.7874920229738354,0.49784302653867873,1.2162162162162162,0.35135135135135137,1.0047897376352921e-06
003,2.0,1,1.0,37,1.3243243243243243,0.32432432432432434,0.2774104259572505,0.30999066293183936,1.2162162162162162,0.35135135135135137,0.0004139050142839551
003,2.0,2,0.5,37,1.2162162162162162,0.2702702702702703,0.4477611940298508,0.18614718614718612,1.2162162162162162,0.35135135135135137,0.002266859170049429
003,2.0,3,0.3333333333333333,37,1.054054054054054,0.32432432432432434,0.5986030613761332,0.23164642375168693,1.2162162162162162,0.35135135135135137,6.677857891190797e-05
003,2.0,4,0.25,37,0.8918918918918919,0.40540540540540543,0.7072549282553307,0.31719367588932806,1.2162162162162162,0.35135135135135137,0.0014255986316129565
003,2.0,5,0.2,37,0.918918918918919,0.32432432432432434,0.7330304649919829,0.21343873517786563,1.2162162162162162,0.35135135135135137,0.00016878974565770477
003,2.0,6,0.16666666666666666,37,0.918918918918919,0.35135135135135137,0.7195504443282802,0.22608695652173916,1.2162162162162162,0.35135135135135137,1.2014600542897824e-05
003,2.0,8,0.125,37,0.7027027027027027,0.4864864864864865,0.8140703517587939,0.2761904761904762,1.2162162162162162,0.35135135135135137,2.5693989300634712e-05
003,2.0,10,0.1,37,0.6756756756756757,0.5135135135135135,0.8162770982196924,0.3153209109730849,1.2162162162162162,0.35135135135135137,5.581103323493153e-06
003,2.0,12,0.08333333333333333,37,0.6486486486486487,0.5135135135135135,0.8313744303190214,0.3095238095238095,1.2162162162162162,0.35135135135135137,9.000803402159363e-05
003,2.0,14,0.07142857142857142,37,0.6216216216216216,0.5405405405405406,0.8363419007770472,0.33772893772893775,1.2162162162162162,0.35135135135135137,0.0002090596972266212
003,2.0,16,0.0625,37,0.6216216216216216,0.5135135135135135,0.8503126149319603,0.3188251748251748,1.2162162162162162,0.35135135135135137,0.0016940722707659006
003,2.0,20,0.05,37,0.6216216216216216,0.5135135135135135,0.8444444444444444,0.3132867132867133,1.2162162162162162,0.35135135135135137,0.0014912720071151853
003,2.0,25,0.04,37,0.5945945945945946,0.5405405405405406,0.8507002136244957,0.3199430199430199,1.2162162162162162,0.35135135135135137,0.00021717498020734638
003,2.0,30,0.03333333333333333,37,0.5945945945945946,0.5405405405405406,0.8483972041455772,0.3254814814814814,1.2162162162162162,0.35135135135135137,0.0011888648150488734
003,2.0,40,0.025,37,0.6486486486486487,0.4594594594594595,0.8160348042262274,0.3912527472527473,1.2162162162162162,0.35135135135135137,4.115048000130628e-07
003,2.0,50,0.02,37,0.5675675675675675,0.5135135135135135,0.8481070396837463,0.44297435897435894,1.2162162162162162,0.35135135135135137,0.0006370412884280086
003,2.0,60,0.016666666666666666,37,0.6216216216216216,0.4864864864864865,0.8412017167381974,0.39525351841141315,1.2162162162162162,0.35135135135135137,8.658116712467745e-06
003,2.0,75,0.013333333333333334,37,0.6486486486486487,0.5135135135135135,0.7941267387944358,0.4856423576423577,1.2162162162162162,0.35135135135135137,0.0011534913210198283
004,0.005,1,0.0025,34,0.9411764705882353,0.38235294117647056,0.07042253521126762,0.26363636363636367,1.0,0.35294117647058826,0.007864749990403652
004,0.005,2,0.00125,34,0.8529411764705882,0.4117647058823529,0.06557377049180324,0.24444444444444446,1.0,0.35294117647058826,0.001705904956907034
004,0.005,3,0.0008333333333333334,34,0.9411764705882353,0.38235294117647056,0.05642923219241447,0.2055829228243021,1.0,0.35294117647058826,0.019540095701813698
004,0.005,4,0.000625,34,0.9705882352941176,0.3235294117647059,0.019550342130987164,0.19887955182072828,1.0,0.35294117647058826,0.009021286852657795
004,0.005,5,0.0005,34,0.9117647058823529,0.35294117647058826,0.06965174129353235,0.2301776384535005,1.0,0.35294117647058826,0.004350793082267046
004,0.005,6,0.0004166666666666667,34,0.7647058823529411,0.47058823529411764,0.1081967213114754,0.29034482758620694,1.0,0.35294117647058826,0.003428019816055894
004,0.005,8,0.0003125,34,0.38235294117647056,0.6176470588235294,0.5121412803532008,0.6662609871534821,1.0,0.35294117647058826,0.007454540114849806
004,0.005,10,0.00025,34,0.5,0.5,0.2646310432569975,0.545338441890166,1.0,0.35294117647058826,1.9886812879121862e-05
004,0.005,12,0.00020833333333333335,34,0.47058823529411764,0.5294117647058824,0.06849315068493145,0.5277777777777778,1.0,0.35294117647058826,2.4433127691736445e-05
004,0.005,14,0.00017857142857142857,34,0.38235294117647056,0.6176470588235294,0.5121412803532008,0.6662609871534821,1.0,0.35294117647058826,2.7152802431373857e-05
004,0.005,16,0.00015625,34,0.4411764705882353,0.5588235294117647,0.35114503816793896,0.586845466155811,1.0,0.35294117647058826,0.0009602958452887833
004,0.005,20,0.000125,34,0.47058823529411764,0.5882352941176471,0.37037037037037035,0.5654761904761905,1.0,0.35294117647058826,0.000526748422998935
004,0.005,25,0.0001,34,0.47058823529411764,0.5882352941176471,0.3359375,0.582972582972583,1.0,0.35294117647058826,3.281362296547741e-05
004,0.005,30,8.333333333333333e-05,34,0.47058823529411764,0.5882352941176471,0.3359375,0.582972582972583,1.0,0.35294117647058826,4.5672837586607784e-05
004,0.005,40,6.25e-05,34,0.4411764705882353,0.5882352941176471,0.4065708418891171,0.6045855379188713,1.0,0.35294117647058826,6.335102079901844e-05
004,0.005,50,5e-05,34,0.35294117647058826,0.6470588235294118,0.5466666666666666,0.6888888888888888,1.0,0.35294117647058826,0.00011376156908227131
004,0.005,60,4.1666666666666665e-05,34,0.35294117647058826,0.6470588235294118,0.5526315789473684,0.6857142857142856,1.0,0.35294117647058826,8.080265979515389e-05
004,0.005,75,3.3333333333333335e-05,34,0.4411764705882353,0.5882352941176471,0.4254473161033797,0.5840245775729647,1.0,0.35294117647058826,0.00016580942610744387
004,0.01,1,0.005,34,0.9411764705882353,0.4117647058823529,0.06299212598425197,0.27111111111111114,1.0,0.35294117647058826,3.2790558179840446e-06
004,0.01,2,0.0025,34,0.7941176470588235,0.4411764705882353,0.07967313585291125,0.27578947368421053,1.0,0.35294117647058826,2.244561619590968e-05
004,0.01,3,0.0016666666666666668,34,0.9411764705882353,0.38235294117647056,0.05642923219241447,0.2055829228243021,1.0,0.35294117647058826,0.008934072218835354
004,0.01,4,0.00125,34,0.9411764705882353,0.3235294117647059,0.04225352112676051,0.20180623973727424,1.0,0.35294117647058826,0.0025693862698972225
004,0.01,5,0.001,34,0.8823529411764706,0.38235294117647056,0.08199999999999996,0.24766045548654247,1.0,0.35294117647058826,0.0005179299623705447
004,0.01,6,0.0008333333333333334,34,0.7941176470588235,0.47058823529411764,0.11056268509378075,0.36293103448275865,1.0,0.35294117647058826,0.0021004509180784225
004,0.01,8,0.000625,34,0.38235294117647056,0.6176470588235294,0.5121412803532008,0.6662609871534821,1.0,0.35294117647058826,7.88698234828189e-05
004,0.01,10,0.0005,34,0.5,0.5,0.36203090507726277,0.5810682893847194,1.0,0.35294117647058826,0.00024406294687651098
004,0.01,12,0.0004166666666666667,34,0.47058823529411764,0.5294117647058824,0.06206896551724139,0.5294117647058824,1.0,0.35294117647058826,0.0017540155677124858
004,0.01,14,0.00035714285714285714,34,0.38235294117647056,0.6176470588235294,0.5121412803532008,0.6662609871534821,1.0,0.35294117647058826,0.0022436657454818487
004,0.01,16,0.0003125,34,0.4117647058823529,0.5882352941176471,0.3913043478260869,0.6095238095238095,1.0,0.35294117647058826,5.615014288196107e-06
004,0.01,20,0.00025,34,0.5294117647058824,0.5588235294117647,0.28169014084507027,0.5321727257211128,1.0,0.35294117647058826,6.025547918397933e-05
004,0.01,25,0.0002,34,0.47058823529411764,0.5882352941176471,0.3359375,0.582972582972583,1.0,0.35294117647058826,0.0001248866756213829
004,0.01,30,0.00016666666666666666,34,0.47058823529411764,0.5882352941176471,0.3359375,0.582972582972583,1.0,0.35294117647058826,1.3188461707613897e-05
004,0.01,40,0.000125,34,0.4411764705882353,0.5882352941176471,0.4065708418891171,0.6045855379188713,1.0,0.35294117647058826,2.432289329590276e-05
004,0.01,50,0.0001,34,0.35294117647058826,0.6470588235294118,0.5466666666666666,0.6888888888888888,1.0,0.35294117647058826,6.104935891926289e-05
004,0.01,60,8.333333333333333e-05,34,0.35294117647058826,0.6470588235294118,0.5526315789473684,0.6857142857142856,1.0,0.35294117647058826,4.189851460978389e-05
004,0.01,75,6.666666666666667e-05,34,0.4411764705882353,0.5882352941176471,0.4254473161033797,0.5840245775729647,1.0,0.35294117647058826,9.939289884641767e-05
004,0.02,1,0.01,34,1.0294117647058822,0.38235294117647056,0.03368421052631565,0.2392156862745098,1.0,0.35294117647058826,6.962426414247602e-05
004,0.02,2,0.005,34,0.8529411764705882,0.4117647058823529,0.06557377049180324,0.24444444444444446,1.0,0.35294117647058826,1.307119873672491e-06
004,0.02,3,0.0033333333333333335,34,0.9117647058823529,0.38235294117647056,0.07977207977207967,0.20666666666666664,1.0,0.35294117647058826,6.340920663205907e-05
004,0.02,4,0.0025,34,0.9411764705882353,0.3235294117647059,0.04225352112676051,0.20180623973727424,1.0,0.35294117647058826,0.0009863503510132432
004,0.02,5,0.002,34,0.8823529411764706,0.38235294117647056,0.08199999999999996,0.24766045548654247,1.0,0.35294117647058826,0.0037841766607016325
004,0.02,6,0.0016666666666666668,34,0.7941176470588235,0.47058823529411764,0.14434947768281092,0.3724867724867725,1.0,0.35294117647058826,0.0005267015658318996
004,0.02,8,0.00125,34,0.38235294117647056,0.6176470588235294,0.5708737864077671,0.6742400663969291,1.0,0.35294117647058826,0.0019908673129975796
004,0.02,10,0.001,34,0.47058823529411764,0.5294117647058824,0.39555555555555555,0.604040404040404,1.0,0.35294117647058826,0.0003035012341570109
004,0.02,12,0.0008333333333333334,34,0.4411764705882353,0.5588235294117647,0.2816901408450705,0.6969696969696969,1.0,0.35294117647058826,2.2423964765039273e-05
004,0.02,14,0.0007142857142857143,34,0.38235294117647056,0.6176470588235294,0.5121412803532008,0.6662609871534821,1.0,0.35294117647058826,0.00013571239833254367
004,0.02,16,0.000625,34,0.38235294117647056,0.6176470588235294,0.4318766066838047,0.6314568838288004,1.0,0.35294117647058826,8.726886449039739e-07
004,0.02,20,0.0005,34,0.5294117647058824,0.5588235294117647,0.28169014084507027,0.5321727257211128,1.0,0.35294117647058826,0.0016642182599753141
004,0.02,25,0.0004,34,0.47058823529411764,0.5882352941176471,0.3359375,0.582972582972583,1.0,0.35294117647058826,0.00010739296703832224
004,0.02,30,0.0003333333333333333,34,0.47058823529411764,0.5882352941176471,0.3359375,0.582972582972583,1.0,0.35294117647058826,1.0109978347827564e-06
004,0.02,40,0.00025,34,0.4411764705882353,0.5882352941176471,0.4065708418891171,0.6045855379188713,1.0,0.35294117647058826,2.7075468551629456e-06
004,0.02,50,0.0002,34,0.35294117647058826,0.6470588235294118,0.5466666666666666,0.6888888888888888,1.0,0.35294117647058826,1.261679790331982e-05
004,0.02,60,0.00016666666666666666,34,0.35294117647058826,0.6470588235294118,0.5526315789473684,0.6857142857142856,1.0,0.35294117647058826,1.0050594028143678e-05
004,0.02,75,0.00013333333333333334,34,0.4411764705882353,0.5882352941176471,0.4254473161033797,0.5840245775729647,1.0,0.35294117647058826,2.7227288228459656e-05
004,0.05,1,0.025,34,1.0588235294117647,0.38235294117647056,0.03171521035598712,0.3035714285714286,1.0,0.35294117647058826,1.9463386706775054e-05
004,0.05,2,0.0125,34,0.9117647058823529,0.4117647058823529,0.04711616571892763,0.24444444444444446,1.0,0.35294117647058826,0.0001841664925450459
004,0.05,3,0.008333333333333333,34,0.8823529411764706,0.4117647058823529,0.04609218436873741,0.21532976827094474,1.0,0.35294117647058826,0.00013955924077890813
004,0.05,4,0.00625,34,0.9411764705882353,0.3235294117647059,0.04225352112676051,0.20180623973727424,1.0,0.35294117647058826,0.00018750119488686323
004,0.05,5,0.005,34,0.9117647058823529,0.38235294117647056,0.08568824065633551,0.3095755693581781,1.0,0.35294117647058826,0.0011746952077373862
004,0.05,6,0.004166666666666667,34,0.7941176470588235,0.47058823529411764,0.14434947768281092,0.3724867724867725,1.0,0.35294117647058826,0.0024221758358180523
004,0.05,8,0.003125,34,0.38235294117647056,0.6176470588235294,0.5641025641025641,0.6779556650246304,1.0,0.35294117647058826,9.695060725789517e-05
004,0.05,10,0.0025,34,0.47058823529411764,0.5294117647058824,0.2898172323759791,0.5707358212102044,1.0,0.35294117647058826,0.00017227214993909
004,0.05,12,0.0020833333333333333,34,0.4411764705882353,0.5588235294117647,0.27350427350427353,0.6958525345622121,1.0,0.35294117647058826,0.0003753645869437605
004,0.05,14,0.0017857142857142859,34,0.4117647058823529,0.5882352941176471,0.5824561403508772,0.6521626521626521,1.0,0.35294117647058826,1.3767030395683832e-05
004,0.05,16,0.0015625,34,0.38235294117647056,0.6176470588235294,0.5121412803532008,0.6662609871534821,1.0,0.35294117647058826,1.1592942428251263e-06
004,0.05,20,0.00125,34,0.5294117647058824,0.5588235294117647,0.28169014084507027,0.5321727257211128,1.0,0.35294117647058826,4.337628922712611e-07
004,0.05,25,0.001,34,0.5294117647058824,0.5588235294117647,0.24444444444444446,0.5446428571428571,1.0,0.35294117647058826,8.705179425305687e-06
004,0.05,30,0.0008333333333333334,34,0.5294117647058824,0.5588235294117647,0.24444444444444446,0.5446428571428571,1.0,0.35294117647058826,1.1807344435510458e-06
004,0.05,40,0.000625,34,0.4411764705882353,0.5882352941176471,0.4065708418891171,0.6045855379188713,1.0,0.35294117647058826,7.374092092504725e-08
004,0.05,50,0.0005,34,0.35294117647058826,0.6470588235294118,0.5466666666666666,0.6888888888888888,1.0,0.35294117647058826,9.379333221204433e-08
004,0.05,60,0.0004166666666666667,34,0.35294117647058826,0.6470588235294118,0.5526315789473684,0.6857142857142856,1.0,0.35294117647058826,1.5101610983947467e-07
004,0.05,75,0.0003333333333333334,34,0.47058823529411764,0.5588235294117647,0.388,0.561884236453202,1.0,0.35294117647058826,5.93539084547956e-07
004,0.1,1,0.05,34,1.0588235294117647,0.38235294117647056,0.03171521035598712,0.3035714285714286,1.0,0.35294117647058826,0.0021080984733998775
004,0.1,2,0.025,34,0.8823529411764706,0.4411764705882353,0.038269550748752046,0.2643734643734644,1.0,0.35294117647058826,0.000823053705971688
004,0.1,3,0.016666666666666666,34,0.8529411764705882,0.4117647058823529,0.07017543859649122,0.21764705882352944,1.0,0.35294117647058826,0.005837282631546259
004,0.1,4,0.0125,34,0.8529411764705882,0.4117647058823529,0.07967313585291125,0.23472222222222222,1.0,0.35294117647058826,0.0009875763207674026
004,0.1,5,0.01,34,0.8529411764705882,0.4117647058823529,0.12041392285983066,0.33544973544973544,1.0,0.35294117647058826,6.17335399510921e-06
004,0.1,6,0.008333333333333333,34,0.7941176470588235,0.47058823529411764,0.14434947768281092,0.3724867724867725,1.0,0.35294117647058826,0.00017625790496822447
004,0.1,8,0.00625,34,0.47058823529411764,0.5294117647058824,0.5168738898756661,0.5586277521761392,1.0,0.35294117647058826,0.0032867002300918102
004,0.1,10,0.005,34,0.5,0.5,0.3837953091684434,0.5447579240682688,1.0,0.35294117647058826,0.0021541048772633076
004,0.1,12,0.004166666666666667,34,0.47058823529411764,0.5294117647058824,0.3789954337899544,0.6040567951318458,1.0,0.35294117647058826,9.972081170417368e-05
004,0.1,14,0.0035714285714285718,34,0.4117647058823529,0.5882352941176471,0.5824561403508772,0.6521626521626521,1.0,0.35294117647058826,6.975729775149375e-05
004,0.1,16,0.003125,34,0.4117647058823529,0.5882352941176471,0.6059602649006623,0.6212418300653595,1.0,0.35294117647058826,6.370476057782071e-07
004,0.1,20,0.0025,34,0.5294117647058824,0.5588235294117647,0.28169014084507027,0.5321727257211128,1.0,0.35294117647058826,0.0001360817113891244
004,0.1,25,0.002,34,0.5294117647058824,0.5588235294117647,0.24444444444444446,0.5446428571428571,1.0,0.35294117647058826,0.0007884580991230905
004,0.1,30,0.0016666666666666668,34,0.5294117647058824,0.5588235294117647,0.24444444444444446,0.5446428571428571,1.0,0.35294117647058826,1.9062428009419818e-06
004,0.1,40,0.00125,34,0.4411764705882353,0.5882352941176471,0.4065708418891171,0.6045855379188713,1.0,0.35294117647058826,8.62361346776197e-08
004,0.1,50,0.001,34,0.35294117647058826,0.6470588235294118,0.5466666666666666,0.6888888888888888,1.0,0.35294117647058826,8.191810962898671e-08
004,0.1,60,0.0008333333333333334,34,0.35294117647058826,0.6470588235294118,0.5526315789473684,0.6857142857142856,1.0,0.35294117647058826,1.89171558417911e-07
004,0.1,75,0.0006666666666666668,34,0.3235294117647059,0.6764705882352942,0.5472154963680387,0.7706093189964157,1.0,0.35294117647058826,8.546039254042626e-08
004,0.2,1,0.1,34,1.088235294117647,0.35294117647058826,0.00916830386378542,0.28787878787878785,1.0,0.35294117647058826,0.0029881740920245647
004,0.2,2,0.05,34,0.8823529411764706,0.4411764705882353,0.038269550748752046,0.2643734643734644,1.0,0.35294117647058826,4.851182893617079e-06
004,0.2,3,0.03333333333333333,34,0.8529411764705882,0.4117647058823529,0.07017543859649122,0.21764705882352944,1.0,0.35294117647058826,0.007264232728630304
004,0.2,4,0.025,34,0.9117647058823529,0.35294117647058826,0.05460060667340749,0.21333333333333332,1.0,0.35294117647058826,0.00017394839960616082
004,0.2,5,0.02,34,0.8235294117647058,0.4411764705882353,0.13232514177693766,0.3543956043956044,1.0,0.35294117647058826,0.0004824455245397985
004,0.2,6,0.016666666666666666,34,0.7941176470588235,0.4411764705882353,0.1766381766381766,0.35396825396825393,1.0,0.35294117647058826,1.3195931387599558e-05
004,0.2,8,0.0125,34,0.5294117647058824,0.5,0.41480206540447495,0.5222222222222223,1.0,0.35294117647058826,0.0001200449260068126
004,0.2,10,0.01,34,0.5882352941176471,0.4411764705882353,0.29166666666666674,0.45535714285714285,1.0,0.35294117647058826,0.0010931190336123109
004,0.2,12,0.008333333333333333,34,0.5294117647058824,0.5,0.2703862660944206,0.5415499533146592,1.0,0.35294117647058826,5.38231288373936e-05
004,0.2,14,0.0071428571428571435,34,0.4117647058823529,0.6176470588235294,0.5420875420875422,0.6544871794871795,1.0,0.35294117647058826,4.622539563570172e-06
004,0.2,16,0.00625,34,0.4117647058823529,0.5882352941176471,0.6059602649006623,0.6212418300653595,1.0,0.35294117647058826,1.4099029613134917e-05
004,0.2,20,0.005,34,0.5,0.5882352941176471,0.3079646017699115,0.5550446998722861,1.0,0.35294117647058826,2.615237099234946e-05
004,0.2,25,0.004,34,0.5,0.5882352941176471,0.27188081936685293,0.5671116054875788,1.0,0.35294117647058826,1.9563224213925423e-06
004,0.2,30,0.0033333333333333335,34,0.5294117647058824,0.5588235294117647,0.24444444444444446,0.5446428571428571,1.0,0.35294117647058826,0.0014539780095219612
004,0.2,40,0.0025,34,0.4117647058823529,0.6176470588235294,0.4035087719298245,0.6666666666666666,1.0,0.35294117647058826,7.836476356715139e-08
004,0.2,50,0.002,34,0.3235294117647059,0.6764705882352942,0.5536992840095465,0.7706093189964157,1.0,0.35294117647058826,1.1183776393863809e-07
004,0.2,60,0.0016666666666666668,34,0.35294117647058826,0.6470588235294118,0.5165876777251185,0.7490196078431373,1.0,0.35294117647058826,3.441152429672911e-08
004,0.2,75,0.0013333333333333335,34,0.3235294117647059,0.6764705882352942,0.5472154963680387,0.7706093189964157,1.0,0.35294117647058826,1.2559182493987464e-07
004,0.5,1,0.25,34,1.0,0.38235294117647056,0.034379671150971514,0.2543859649122807,1.0,0.35294117647058826,0.01788751408457756
004,0.5,2,0.125,34,0.8823529411764706,0.4411764705882353,0.038269550748752046,0.2643734643734644,1.0,0.35294117647058826,0.008465292863547802
004,0.5,3,0.08333333333333333,34,0.8823529411764706,0.38235294117647056,0.0574948665297742,0.20909090909090908,1.0,0.35294117647058826,5.2582563512260094e-05
004,0.5,4,0.0625,34,0.8823529411764706,0.35294117647058826,0.07916666666666661,0.21698924731182795,1.0,0.35294117647058826,0.00015699533105362207
004,0.5,5,0.05,34,0.7941176470588235,0.4411764705882353,0.1766381766381766,0.35396825396825393,1.0,0.35294117647058826,0.005109581630676985
004,0.5,6,0.041666666666666664,34,0.8235294117647058,0.4411764705882353,0.15157116451016628,0.3487179487179487,1.0,0.35294117647058826,0.005588630214333534
004,0.5,8,0.03125,34,0.6470588235294118,0.4411764705882353,0.24802527646129535,0.45042735042735044,1.0,0.35294117647058826,9.412227518623695e-05
004,0.5,10,0.025,34,0.7058823529411765,0.38235294117647056,0.1943127962085308,0.40256410256410263,1.0,0.35294117647058826,2.7710817448678426e-05
004,0.5,12,0.020833333333333332,34,0.6764705882352942,0.4117647058823529,0.10849909584086803,0.41232841232841233,1.0,0.35294117647058826,0.014299970120191574
004,0.5,14,0.017857142857142856,34,0.5294117647058824,0.5294117647058824,0.4467455621301776,0.5375654811138683,1.0,0.35294117647058826,5.896489710721653e-06
004,0.5,16,0.015625,34,0.4117647058823529,0.5882352941176471,0.6059602649006623,0.6212418300653595,1.0,0.35294117647058826,8.949416951509193e-06
004,0.5,20,0.0125,34,0.5,0.5882352941176471,0.3683360258481422,0.5793490460157127,1.0,0.35294117647058826,0.00016425724606961012
004,0.5,25,0.01,34,0.47058823529411764,0.6176470588235294,0.26086956521739124,0.6062467997951869,1.0,0.35294117647058826,0.0011560097336769104
004,0.5,30,0.008333333333333333,34,0.5294117647058824,0.5588235294117647,0.24444444444444446,0.5446428571428571,1.0,0.35294117647058826,1.2738037469262053e-07
004,0.5,40,0.00625,34,0.4411764705882353,0.5882352941176471,0.2570694087403599,0.6118490406915454,1.0,0.35294117647058826,1.5935181352233485e-07
004,0.5,50,0.005,34,0.29411764705882354,0.7058823529411765,0.5238095238095238,0.7977941176470589,1.0,0.35294117647058826,2.066186794991154e-07
004,0.5,60,0.004166666666666667,34,0.38235294117647056,0.6470588235294118,0.3444730077120822,0.6529622601728864,1.0,0.35294117647058826,1.1560408808009015e-07
004,0.5,75,0.0033333333333333335,34,0.29411764705882354,0.7058823529411765,0.5853658536585367,0.7908496732026143,1.0,0.35294117647058826,5.784102796724255e-08
004,1.0,1,0.5,34,0.9705882352941176,0.4117647058823529,0.04351087771942974,0.26464646464646463,1.0,0.35294117647058826,0.004622750915586948
004,1.0,2,0.25,34,0.8823529411764706,0.4411764705882353,0.038269550748752046,0.2643734643734644,1.0,0.35294117647058826,0.00046818776172585785
004,1.0,3,0.16666666666666666,34,0.9117647058823529,0.35294117647058826,0.04494382022471921,0.2,1.0,0.35294117647058826,0.002071300521492958
004,1.0,4,0.125,34,0.9411764705882353,0.3235294117647059,0.07156308851224102,0.2571428571428571,1.0,0.35294117647058826,0.003158330684527755
004,1.0,5,0.1,34,0.7941176470588235,0.4411764705882353,0.1766381766381766,0.35396825396825393,1.0,0.35294117647058826,0.0004101554222870618
004,1.0,6,0.08333333333333333,34,0.8235294117647058,0.4117647058823529,0.1564885496183206,0.3333333333333333,1.0,0.35294117647058826,0.0003563847567420453
004,1.0,8,0.0625,34,0.6764705882352942,0.4411764705882353,0.25669957686882927,0.3633333333333333,1.0,0.35294117647058826,0.00163560570217669
004,1.0,10,0.05,34,0.7352941176470589,0.38235294117647056,0.23465211459754431,0.31634615384615383,1.0,0.35294117647058826,0.0036392181646078825
004,1.0,12,0.041666666666666664,34,0.7058823529411765,0.4117647058823529,0.22727272727272718,0.34206989247311825,1.0,0.35294117647058826,0.0041478779166936874
004,1.0,14,0.03571428571428571,34,0.5294117647058824,0.5294117647058824,0.43843843843843844,0.5428824049513704,1.0,0.35294117647058826,0.0010239208349958062
004,1.0,16,0.03125,34,0.4411764705882353,0.5588235294117647,0.5670628183361629,0.6083632019115891,1.0,0.35294117647058826,4.360922503110487e-07
004,1.0,20,0.025,34,0.4411764705882353,0.6176470588235294,0.44786324786324794,0.6137931034482759,1.0,0.35294117647058826,7.532504241680726e-05
004,1.0,25,0.02,34,0.4411764705882353,0.6470588235294118,0.290258449304175,0.6270353302611367,1.0,0.35294117647058826,2.9901950711064273e-06
004,1.0,30,0.016666666666666666,34,0.5,0.5882352941176471,0.23182711198428296,0.5848727422003284,1.0,0.35294117647058826,9.7965108579956e-05
004,1.0,40,0.0125,34,0.4117647058823529,0.6176470588235294,0.15527950310559002,0.417706476530006,1.0,0.35294117647058826,1.1075560735207546e-07
004,1.0,50,0.01,34,0.35294117647058826,0.6470588235294118,0.29655172413793107,0.6470588235294118,1.0,0.35294117647058826,1.8290069192516967e-07
004,1.0,60,0.008333333333333333,34,0.38235294117647056,0.6176470588235294,0.23529411764705888,0.6173160173160173,1.0,0.35294117647058826,8.098857051663799e-08
004,1.0,75,0.006666666666666667,34,0.3235294117647059,0.6764705882352942,0.34843205574912894,0.6739319965126417,1.0,0.35294117647058826,4.0476851381754386e-07
004,2.0,1,1.0,34,1.0,0.38235294117647056,0.034379671150971514,0.2543859649122807,1.0,0.35294117647058826,8.481513214064762e-05
004,2.0,2,0.5,34,0.9117647058823529,0.4117647058823529,0.028169014084507005,0.25656565656565655,1.0,0.35294117647058826,0.0001485378306824714
004,2.0,3,0.3333333333333333,34,0.9117647058823529,0.35294117647058826,0.07449856733524363,0.2545454545454545,1.0,0.35294117647058826,0.0008018767694011331
004,2.0,4,0.25,34,0.9117647058823529,0.35294117647058826,0.08900999091734785,0.23944055944055945,1.0,0.35294117647058826,0.003045177087187767
004,2.0,5,0.2,34,0.8235294117647058,0.4411764705882353,0.12014787430683915,0.29655172413793107,1.0,0.35294117647058826,0.0015723614487797022
004,2.0,6,0.16666666666666666,34,0.8235294117647058,0.4117647058823529,0.1564885496183206,0.3333333333333333,1.0,0.35294117647058826,0.0038570913020521402
004,2.0,8,0.125,34,0.6764705882352942,0.47058823529411764,0.2242503259452412,0.39418377321603126,1.0,0.35294117647058826,0.0009532436379231513
004,2.0,10,0.1,34,0.7352941176470589,0.4117647058823529,0.1799217731421121,0.35722140762463345,1.0,0.35294117647058826,0.006779681425541639
004,2.0,12,0.08333333333333333,34,0.7352941176470589,0.4117647058823529,0.1799217731421121,0.35722140762463345,1.0,0.35294117647058826,0.0017958428943529725
004,2.0,14,0.07142857142857142,34,0.6176470588235294,0.5294117647058824,0.3217503217503217,0.4071021571021571,1.0,0.35294117647058826,0.013095675967633724
004,2.0,16,0.0625,34,0.47058823529411764,0.6176470588235294,0.43843843843843844,0.6171529619805481,1.0,0.35294117647058826,0.01424766331911087
004,2.0,20,0.05,34,0.5294117647058824,0.5588235294117647,0.3365853658536586,0.5562024182713837,1.0,0.35294117647058826,0.006450281478464603
004,2.0,25,0.04,34,0.4411764705882353,0.6176470588235294,0.2675736961451247,0.5523809523809523,1.0,0.35294117647058826,6.326946459012106e-05
004,2.0,30,0.03333333333333333,34,0.5294117647058824,0.5588235294117647,0.08724832214765099,0.5137096774193548,1.0,0.35294117647058826,0.0005838345969095826
004,2.0,40,0.025,34,0.4411764705882353,0.5882352941176471,0.09968847352024923,0.3970238095238095,1.0,0.35294117647058826,2.4390697035414632e-06
004,2.0,50,0.02,34,0.4117647058823529,0.5882352941176471,0.17361111111111116,0.5868055555555556,1.0,0.35294117647058826,4.903070589534764e-07
004,2.0,60,0.016666666666666666,34,0.4117647058823529,0.5882352941176471,0.17361111111111116,0.5868055555555556,1.0,0.35294117647058826,3.341831984471355e-07
004,2.0,75,0.013333333333333334,34,0.3235294117647059,0.6764705882352942,0.34843205574912894,0.6739319965126417,1.0,0.35294117647058826,3.282050613506726e-07
005,0.005,1,0.0025,36,1.5555555555555556,0.19444444444444445,0.06762589928057561,0.19818181818181818,2.0277777777777777,0.1388888888888889,8.063161089921778e-07
005,0.005,2,0.00125,36,1.6111111111111112,0.19444444444444445,0.09999999999999987,0.19606060606060607,2.0277777777777777,0.1388888888888889,4.5049395680507587e-07
005,0.005,3,0.0008333333333333334,36,1.3333333333333333,0.16666666666666666,0.09833024118738398,0.14066666666666666,2.0277777777777777,0.1388888888888889,3.00560543564643e-07
005,0.005,4,0.000625,36,1.1944444444444444,0.19444444444444445,0.1791845493562232,0.20535714285714285,2.0277777777777777,0.1388888888888889,8.789343155513052e-07
005,0.005,5,0.0005,36,1.1944444444444444,0.2222222222222222,0.1598712446351932,0.22916666666666666,2.0277777777777777,0.1388888888888889,4.577829258778365e-06
005,0.005,6,0.0004166666666666667,36,1.2222222222222223,0.2222222222222222,0.13829787234042556,0.22789408866995073,2.0277777777777777,0.1388888888888889,2.677301199582871e-05
005,0.005,8,0.0003125,36,1.4444444444444444,0.19444444444444445,-0.01978417266187038,0.1493065998329156,2.0277777777777777,0.1388888888888889,4.406334483064711e-05
005,0.005,10,0.00025,36,1.1666666666666667,0.25,0.15056179775280898,0.17555555555555555,2.0277777777777777,0.1388888888888889,0.0012629770208150148
005,0.005,12,0.00020833333333333335,36,1.1944444444444444,0.3055555555555556,0.29605263157894735,0.2795238095238095,2.0277777777777777,0.1388888888888889,0.00229422515258193
005,0.005,14,0.00017857142857142857,36,0.9166666666666666,0.3333333333333333,0.4436008676789589,0.28289855072463765,2.0277777777777777,0.1388888888888889,7.875615847297013e-05
005,0.005,16,0.00015625,36,0.6944444444444444,0.4166666666666667,0.6012658227848101,0.24266666666666667,2.0277777777777777,0.1388888888888889,0.0002266287774546072
005,0.005,20,0.000125,36,0.75,0.4722222222222222,0.38688946015424164,0.3190993788819876,2.0277777777777777,0.1388888888888889,9.97747847577557e-05
005,0.005,25,0.0001,36,1.0555555555555556,0.3333333333333333,0.2998102466793169,0.21000000000000002,2.0277777777777777,0.1388888888888889,0.00017624927568249404
005,0.005,30,8.333333333333333e-05,36,1.2777777777777777,0.3055555555555556,-0.059917355371901015,0.18787878787878787,2.0277777777777777,0.1388888888888889,0.0001869774714577943
005,0.005,40,6.25e-05,36,1.1666666666666667,0.3888888888888889,0.14655172413793116,0.3099987821215443,2.0277777777777777,0.1388888888888889,0.0001920698705362156
005,0.005,50,5e-05,36,0.75,0.5833333333333334,0.5173267326732673,0.45522875816993463,2.0277777777777777,0.1388888888888889,0.00018444679153617471
005,0.005,60,4.1666666666666665e-05,36,0.9166666666666666,0.5277777777777778,0.32003395585738537,0.3930283224400871,2.0277777777777777,0.1388888888888889,0.000181365103344433
005,0.005,75,3.3333333333333335e-05,36,0.6944444444444444,0.7222222222222222,0.49006622516556286,0.46551724137931033,2.0277777777777777,0.1388888888888889,0.00020627294725272804
005,0.01,1,0.005,36,1.5555555555555556,0.19444444444444445,0.06762589928057561,0.19818181818181818,2.0277777777777777,0.1388888888888889,3.6754919108261674e-08
005,0.01,2,0.0025,36,1.6388888888888888,0.19444444444444445,0.10462130937098846,0.19105263157894736,2.0277777777777777,0.1388888888888889,2.984704394748405e-08
005,0.01,3,0.0016666666666666668,36,1.3611111111111112,0.16666666666666666,0.08011049723756902,0.1382051282051282,2.0277777777777777,0.1388888888888889,2.1674575023666875e-08
005,0.01,4,0.00125,36,1.2222222222222223,0.19444444444444445,0.1574468085106383,0.20289408866995073,2.0277777777777777,0.1388888888888889,2.2224966755857167e-08
005,0.01,5,0.001,36,1.25,0.19444444444444445,0.11708860759493678,0.16125060125060126,2.0277777777777777,0.1388888888888889,1.365613570669666e-06
005,0.01,6,0.0008333333333333334,36,1.25,0.19444444444444445,0.11935483870967734,0.19753694581280787,2.0277777777777777,0.1388888888888889,8.192061613954138e-06
005,0.01,8,0.000625,36,1.4444444444444444,0.19444444444444445,-0.01978417266187038,0.1493065998329156,2.0277777777777777,0.1388888888888889,0.00018583958444651216
005,0.01,10,0.0005,36,1.1944444444444444,0.2222222222222222,0.13068181818181823,0.15630252100840336,2.0277777777777777,0.1388888888888889,4.044693196192384e-05
005,0.01,12,0.0004166666666666667,36,1.1944444444444444,0.3055555555555556,0.29605263157894735,0.2795238095238095,2.0277777777777777,0.1388888888888889,2.1261495930957608e-05
005,0.01,14,0.00035714285714285714,36,0.9444444444444444,0.3333333333333333,0.40372670807453426,0.2695652173913043,2.0277777777777777,0.1388888888888889,0.003207976231351495
005,0.01,16,0.0003125,36,0.7222222222222222,0.3888888888888889,0.5846153846153846,0.23333333333333334,2.0277777777777777,0.1388888888888889,0.00015854202501941472
005,0.01,20,0.00025,36,0.75,0.4722222222222222,0.38688946015424164,0.3190993788819876,2.0277777777777777,0.1388888888888889,4.631145202438347e-05
005,0.01,25,0.0002,36,1.0555555555555556,0.3333333333333333,0.2998102466793169,0.21000000000000002,2.0277777777777777,0.1388888888888889,0.0001199177058879286
005,0.01,30,0.00016666666666666666,36,1.2777777777777777,0.3055555555555556,-0.059917355371901015,0.18787878787878787,2.0277777777777777,0.1388888888888889,0.00013983534881845117
005,0.01,40,0.000125,36,1.1666666666666667,0.3888888888888889,0.14655172413793116,0.3099987821215443,2.0277777777777777,0.1388888888888889,0.00015157356392592192
005,0.01,50,0.0001,36,0.6666666666666666,0.6111111111111112,0.5757575757575757,0.46316526610644254,2.0277777777777777,0.1388888888888889,0.00015319658268708736
005,0.01,60,8.333333333333333e-05,36,1.0555555555555556,0.4722222222222222,0.16021126760563387,0.3292016806722689,2.0277777777777777,0.1388888888888889,0.0001398721942678094
005,0.01,75,6.666666666666667e-05,36,0.6388888888888888,0.7222222222222222,0.5306122448979591,0.4600000000000001,2.0277777777777777,0.1388888888888889,0.00016893111751414835
005,0.02,1,0.01,36,1.6666666666666667,0.16666666666666666,0.03703703703703709,0.175,2.0277777777777777,0.1388888888888889,3.4901816547971976e-08
005,0.02,2,0.005,36,1.6666666666666667,0.19444444444444445,0.09090909090909094,0.19486215538847118,2.0277777777777777,0.1388888888888889,2.8030312293481074e-08
005,0.02,3,0.0033333333333333335,36,1.5,0.19444444444444445,0.03470031545741348,0.17066666666666666,2.0277777777777777,0.1388888888888889,1.9908355852749082e-08
005,0.02,4,0.0025,36,1.3333333333333333,0.16666666666666666,0.07272727272727275,0.14095238095238094,2.0277777777777777,0.1388888888888889,2.0541117251582364e-08
005,0.02,5,0.002,36,1.3333333333333333,0.19444444444444445,0.054545454545454564,0.16095238095238093,2.0277777777777777,0.1388888888888889,3.430688821026706e-06
005,0.02,6,0.0016666666666666668,36,1.3055555555555556,0.19444444444444445,0.07572614107883824,0.15898193760262724,2.0277777777777777,0.1388888888888889,0.0014827126869931817
005,0.02,8,0.00125,36,1.4722222222222223,0.16666666666666666,-0.03720508166969139,0.12158730158730158,2.0277777777777777,0.1388888888888889,9.844714440987445e-06
005,0.02,10,0.001,36,1.2222222222222223,0.19444444444444445,0.11034482758620678,0.13484848484848483,2.0277777777777777,0.1388888888888889,0.0005299679469317198
005,0.02,12,0.0008333333333333334,36,1.25,0.2777777777777778,0.27817919075144504,0.259047619047619,2.0277777777777777,0.1388888888888889,0.006325326859951019
005,0.02,14,0.0007142857142857143,36,0.9444444444444444,0.3333333333333333,0.40372670807453426,0.2695652173913043,2.0277777777777777,0.1388888888888889,5.772550866822712e-05
005,0.02,16,0.000625,36,0.7222222222222222,0.4166666666666667,0.5889423076923076,0.3883333333333333,2.0277777777777777,0.1388888888888889,5.592842717305757e-05
005,0.02,20,0.0005,36,0.7222222222222222,0.4722222222222222,0.45038167938931295,0.31547619047619047,2.0277777777777777,0.1388888888888889,9.844644409895409e-06
005,0.02,25,0.0004,36,1.0555555555555556,0.3333333333333333,0.2998102466793169,0.21000000000000002,2.0277777777777777,0.1388888888888889,3.7552665162365884e-05
005,0.02,30,0.0003333333333333333,36,1.2777777777777777,0.3055555555555556,-0.059917355371901015,0.18787878787878787,2.0277777777777777,0.1388888888888889,5.2106268412899226e-05
005,0.02,40,0.00025,36,1.0833333333333333,0.4166666666666667,0.19982394366197187,0.3208683473389356,2.0277777777777777,0.1388888888888889,6.939421291463077e-05
005,0.02,50,0.0002,36,0.6666666666666666,0.6111111111111112,0.5757575757575757,0.46316526610644254,2.0277777777777777,0.1388888888888889,7.982546230778098e-05
005,0.02,60,0.00016666666666666666,36,0.9722222222222222,0.5,0.21492805755395694,0.3375760649087221,2.0277777777777777,0.1388888888888889,6.911101081641391e-05
005,0.02,75,0.00013333333333333334,36,0.6944444444444444,0.6944444444444444,0.522875816993464,0.4574814814814815,2.0277777777777777,0.1388888888888889,8.916331717045978e-05
005,0.05,1,0.025,36,1.6666666666666667,0.16666666666666666,0.07019867549668868,0.17967914438502675,2.0277777777777777,0.1388888888888889,8.17341515357839e-06
005,0.05,2,0.0125,36,1.75,0.16666666666666666,0.05410447761194037,0.17152882205513784,2.0277777777777777,0.1388888888888889,2.6098350645042956e-06
005,0.05,3,0.008333333333333333,36,1.5277777777777777,0.19444444444444445,0.019319938176198037,0.17333333333333334,2.0277777777777777,0.1388888888888889,1.5066197178725815e-08
005,0.05,4,0.00625,36,1.3333333333333333,0.16666666666666666,0.07272727272727275,0.14095238095238094,2.0277777777777777,0.1388888888888889,1.7881379932305208e-08
005,0.05,5,0.005,36,1.3611111111111112,0.19444444444444445,0.034448818897637734,0.16306878306878306,2.0277777777777777,0.1388888888888889,2.670942194527015e-05
005,0.05,6,0.004166666666666667,36,1.3611111111111112,0.16666666666666666,0.0357142857142857,0.13333333333333333,2.0277777777777777,0.1388888888888889,3.88466905860696e-05
005,0.05,8,0.003125,36,1.4722222222222223,0.16666666666666666,-0.005972696245733822,0.11925925925925926,2.0277777777777777,0.1388888888888889,0.0002452692133374512
005,0.05,10,0.0025,36,1.2777777777777777,0.19444444444444445,0.06415929203539839,0.13571428571428573,2.0277777777777777,0.1388888888888889,1.369446636090288e-05
005,0.05,12,0.0020833333333333333,36,1.4166666666666667,0.25,0.14315937940761625,0.22666666666666666,2.0277777777777777,0.1388888888888889,5.395864718593657e-05
005,0.05,14,0.0017857142857142859,36,0.9722222222222222,0.3055555555555556,0.38807531380753135,0.25623188405797104,2.0277777777777777,0.1388888888888889,0.00011229387746425346
005,0.05,16,0.0015625,36,0.7777777777777778,0.3611111111111111,0.5566502463054186,0.3618181818181818,2.0277777777777777,0.1388888888888889,2.8095651941839606e-05
005,0.05,20,0.00125,36,0.75,0.4444444444444444,0.456896551724138,0.23788819875776399,2.0277777777777777,0.1388888888888889,1.2482549891501549e-06
005,0.05,25,0.001,36,1.0555555555555556,0.3333333333333333,0.2998102466793169,0.21000000000000002,2.0277777777777777,0.1388888888888889,4.706894571882003e-07
005,0.05,30,0.0008333333333333334,36,1.2777777777777777,0.3055555555555556,-0.059917355371901015,0.18787878787878787,2.0277777777777777,0.1388888888888889,1.0642543202266097e-06
005,0.05,40,0.000625,36,0.9722222222222222,0.4444444444444444,0.2837078651685394,0.3403921568627451,2.0277777777777777,0.1388888888888889,2.8789731914002914e-06
005,0.05,50,0.0005,36,0.6666666666666666,0.6111111111111112,0.5757575757575757,0.46316526610644254,2.0277777777777777,0.1388888888888889,5.249938567430945e-06
005,0.05,60,0.0004166666666666667,36,0.9444444444444444,0.5277777777777778,0.22994652406417104,0.34833333333333333,2.0277777777777777,0.1388888888888889,6.23850883130217e-06
005,0.05,75,0.0003333333333333334,36,0.6944444444444444,0.6944444444444444,0.522875816993464,0.4574814814814815,2.0277777777777777,0.1388888888888889,1.0481913705007173e-05
005,0.1,1,0.05,36,1.8055555555555556,0.16666666666666666,0.017490952955367955,0.16730769230769232,2.0277777777777777,0.1388888888888889,4.565805284073576e-06
005,0.1,2,0.025,36,1.75,0.1388888888888889,0.05534351145038163,0.15272727272727274,2.0277777777777777,0.1388888888888889,2.158085862902226e-06
005,0.1,3,0.016666666666666666,36,1.6111111111111112,0.19444444444444445,-0.010204081632653184,0.18285714285714286,2.0277777777777777,0.1388888888888889,1.561009099759758e-08
005,0.1,4,0.0125,36,1.4166666666666667,0.16666666666666666,0.04375000000000007,0.1382051282051282,2.0277777777777777,0.1388888888888889,1.7157391951627687e-08
005,0.1,5,0.01,36,1.4166666666666667,0.19444444444444445,0.027678571428571552,0.15925775978407558,2.0277777777777777,0.1388888888888889,8.990932087726833e-07
005,0.1,6,0.008333333333333333,36,1.3888888888888888,0.1388888888888889,0.03441295546558698,0.11231527093596058,2.0277777777777777,0.1388888888888889,0.0006443521124310791
005,0.1,8,0.00625,36,1.5,0.16666666666666666,-0.02170283806343898,0.12153846153846153,2.0277777777777777,0.1388888888888889,2.9159968107705936e-05
005,0.1,10,0.005,36,1.25,0.19444444444444445,0.11935483870967745,0.1386128364389234,2.0277777777777777,0.1388888888888889,1.3212026033215807e-06
005,0.1,12,0.004166666666666667,36,1.4444444444444444,0.2222222222222222,0.13068181818181823,0.19904761904761906,2.0277777777777777,0.1388888888888889,5.918961323914118e-05
005,0.1,14,0.0035714285714285718,36,1.0,0.2777777777777778,0.37209302325581395,0.24149504195270782,2.0277777777777777,0.1388888888888889,2.581155058578588e-05
005,0.1,16,0.003125,36,0.8611111111111112,0.3333333333333333,0.47248803827751196,0.2773333333333333,2.0277777777777777,0.1388888888888889,2.3845409486966673e-06
005,0.1,20,0.0025,36,0.75,0.4444444444444444,0.456896551724138,0.23788819875776399,2.0277777777777777,0.1388888888888889,0.00017746086814440787
005,0.1,25,0.002,36,1.0555555555555556,0.3333333333333333,0.2998102466793169,0.21000000000000002,2.0277777777777777,0.1388888888888889,4.013565160221333e-07
005,0.1,30,0.0016666666666666668,36,1.1111111111111112,0.3611111111111111,0.0608695652173914,0.20839160839160842,2.0277777777777777,0.1388888888888889,1.2344470690095477e-07
005,0.1,40,0.00125,36,1.0555555555555556,0.4444444444444444,0.13793103448275867,0.3342383107088989,2.0277777777777777,0.1388888888888889,7.724620587623576e-08
005,0.1,50,0.001,36,0.6666666666666666,0.6111111111111112,0.5757575757575757,0.46316526610644254,2.0277777777777777,0.1388888888888889,8.649289640061397e-08
005,0.1,60,0.0008333333333333334,36,0.9444444444444444,0.5277777777777778,0.22994652406417104,0.34833333333333333,2.0277777777777777,0.1388888888888889,9.94659998809766e-08
005,0.1,75,0.0006666666666666668,36,0.6944444444444444,0.6944444444444444,0.522875816993464,0.4574814814814815,2.0277777777777777,0.1388888888888889,2.39162034176843e-07
005,0.2,1,0.1,36,1.8333333333333333,0.16666666666666666,0.005938242280285055,0.17230769230769233,2.0277777777777777,0.1388888888888889,7.289570930879563e-06
005,0.2,2,0.05,36,1.8055555555555556,0.1388888888888889,0.030510585305105975,0.15272727272727274,2.0277777777777777,0.1388888888888889,3.788016101680114e-06
005,0.2,3,0.03333333333333333,36,1.6388888888888888,0.19444444444444445,-0.023913043478260843,0.17939393939393938,2.0277777777777777,0.1388888888888889,1.266822437173687e-06
005,0.2,4,0.025,36,1.4444444444444444,0.16666666666666666,0.02659574468085113,0.13592592592592592,2.0277777777777777,0.1388888888888889,3.551766099008091e-07
005,0.2,5,0.02,36,1.4166666666666667,0.19444444444444445,0.027678571428571552,0.15925775978407558,2.0277777777777777,0.1388888888888889,0.0005256164004094899
005,0.2,6,0.016666666666666666,36,1.4166666666666667,0.1388888888888889,0.045966228893058236,0.11868131868131868,2.0277777777777777,0.1388888888888889,0.009089650586247444
005,0.2,8,0.0125,36,1.5555555555555556,0.19444444444444445,-0.022727272727272707,0.16229249011857708,2.0277777777777777,0.1388888888888889,0.0005455536884255707
005,0.2,10,0.01,36,1.2777777777777777,0.16666666666666666,0.10000000000000009,0.1144137022397892,2.0277777777777777,0.1388888888888889,0.0008664205088280141
005,0.2,12,0.008333333333333333,36,1.4722222222222223,0.2222222222222222,0.11652542372881347,0.1961904761904762,2.0277777777777777,0.1388888888888889,0.00032073695911094546
005,0.2,14,0.0071428571428571435,36,1.0,0.2777777777777778,0.41535433070866135,0.2740943267259056,2.0277777777777777,0.1388888888888889,0.0002366177213843912
005,0.2,16,0.00625,36,0.8611111111111112,0.3333333333333333,0.47248803827751196,0.2773333333333333,2.0277777777777777,0.1388888888888889,0.0035312206018716097
005,0.2,20,0.005,36,0.75,0.4444444444444444,0.456896551724138,0.23788819875776399,2.0277777777777777,0.1388888888888889,5.030616375734098e-05
005,0.2,25,0.004,36,0.9444444444444444,0.3611111111111111,0.4176470588235295,0.22666666666666666,2.0277777777777777,0.1388888888888889,7.211788499716931e-08
005,0.2,30,0.0033333333333333335,36,0.9444444444444444,0.4166666666666667,0.19495412844036708,0.22597402597402594,2.0277777777777777,0.1388888888888889,0.0006970367394387722
005,0.2,40,0.0025,36,1.0833333333333333,0.4166666666666667,0.13593155893536113,0.30867071524966266,2.0277777777777777,0.1388888888888889,1.2649213942950155e-07
005,0.2,50,0.002,36,0.6111111111111112,0.6111111111111112,0.6256499133448874,0.4602240896358543,2.0277777777777777,0.1388888888888889,7.886070108042986e-08
005,0.2,60,0.0016666666666666668,36,0.9444444444444444,0.5277777777777778,0.22994652406417104,0.34833333333333333,2.0277777777777777,0.1388888888888889,5.089509613753762e-08
005,0.2,75,0.0013333333333333335,36,0.6944444444444444,0.6944444444444444,0.522875816993464,0.4574814814814815,2.0277777777777777,0.1388888888888889,8.300052201093422e-08
005,0.5,1,0.25,36,1.9444444444444444,0.16666666666666666,-0.037671232876712146,0.15238095238095237,2.0277777777777777,0.1388888888888889,0.00023689755471423268
005,0.5,2,0.125,36,1.8888888888888888,0.1111111111111111,-0.004907975460122671,0.12606060606060607,2.0277777777777777,0.1388888888888889,0.00034165900433436036
005,0.5,3,0.08333333333333333,36,1.6666666666666667,0.16666666666666666,-0.03795620437956204,0.15272727272727274,2.0277777777777777,0.1388888888888889,0.0003388916084077209
005,0.5,4,0.0625,36,1.5833333333333333,0.16666666666666666,-0.02399380804953566,0.144,2.0277777777777777,0.1388888888888889,7.964945689309388e-05
005,0.5,5,0.05,36,1.5277777777777777,0.19444444444444445,-0.008620689655172376,0.16956521739130434,2.0277777777777777,0.1388888888888889,3.846424533548998e-06
005,0.5,6,0.041666666666666664,36,1.5555555555555556,0.1388888888888889,-0.03846153846153855,0.11666666666666665,2.0277777777777777,0.1388888888888889,1.9159131170454202e-06
005,0.5,8,0.03125,36,1.5833333333333333,0.19444444444444445,-0.03592375366568934,0.156231884057971,2.0277777777777777,0.1388888888888889,7.222268777695717e-06
005,0.5,10,0.025,36,1.3888888888888888,0.16666666666666666,0.0161943319838056,0.116231884057971,2.0277777777777777,0.1388888888888889,0.0005866652936674654
005,0.5,12,0.020833333333333332,36,1.5555555555555556,0.19444444444444445,0.09876543209876543,0.17676767676767677,2.0277777777777777,0.1388888888888889,0.002547713229432702
005,0.5,14,0.017857142857142856,36,1.1111111111111112,0.19444444444444445,0.3480885311871227,0.21645962732919255,2.0277777777777777,0.1388888888888889,1.631542545510456e-05
005,0.5,16,0.015625,36,0.9166666666666666,0.2777777777777778,0.4374999999999999,0.24926315789473685,2.0277777777777777,0.1388888888888889,4.558208274829667e-06
005,0.5,20,0.0125,36,0.7777777777777778,0.4444444444444444,0.4292682926829269,0.2357142857142857,2.0277777777777777,0.1388888888888889,1.4539939456881257e-06
005,0.5,25,0.01,36,0.9166666666666666,0.3611111111111111,0.4476861167002012,0.22380952380952382,2.0277777777777777,0.1388888888888889,0.00010207915329374373
005,0.5,30,0.008333333333333333,36,0.9444444444444444,0.4166666666666667,0.19495412844036708,0.22597402597402594,2.0277777777777777,0.1388888888888889,9.023754614645441e-07
005,0.5,40,0.00625,36,1.0555555555555556,0.4166666666666667,0.14035087719298245,0.30551282051282047,2.0277777777777777,0.1388888888888889,2.943146739653457e-07
005,0.5,50,0.005,36,0.6111111111111112,0.6111111111111112,0.6256499133448874,0.4602240896358543,2.0277777777777777,0.1388888888888889,1.0709873521363988e-07
005,0.5,60,0.004166666666666667,36,0.9444444444444444,0.5277777777777778,0.22994652406417104,0.34833333333333333,2.0277777777777777,0.1388888888888889,1.1894766061004702e-07
005,0.5,75,0.0033333333333333335,36,0.5833333333333334,0.7222222222222222,0.6068965517241379,0.47821807821807827,2.0277777777777777,0.1388888888888889,8.212558810782866e-08
005,1.0,1,0.5,36,1.9166666666666667,0.16666666666666666,-0.007386363636363802,0.1488721804511278,2.0277777777777777,0.1388888888888889,0.0006388007313944399
005,1.0,2,0.25,36,1.8888888888888888,0.1111111111111111,0.045454545454545525,0.125,2.0277777777777777,0.1388888888888889,0.00010949103307211772
005,1.0,3,0.16666666666666666,36,1.6666666666666667,0.16666666666666666,0.011126564673157091,0.15272727272727274,2.0277777777777777,0.1388888888888889,3.263841790612787e-05
005,1.0,4,0.125,36,1.6111111111111112,0.16666666666666666,-0.03793626707132014,0.14666666666666667,2.0277777777777777,0.1388888888888889,0.00018099375301972032
005,1.0,5,0.1,36,1.5833333333333333,0.19444444444444445,-0.037404580152671674,0.17061784897025173,2.0277777777777777,0.1388888888888889,1.922773662954569e-05
005,1.0,6,0.08333333333333333,36,1.6111111111111112,0.1388888888888889,-0.06635071090047373,0.11400966183574879,2.0277777777777777,0.1388888888888889,0.008521477691829205
005,1.0,8,0.0625,36,1.6111111111111112,0.19444444444444445,-0.048920863309352525,0.1593939393939394,2.0277777777777777,0.1388888888888889,0.00039784613181836903
005,1.0,10,0.05,36,1.3888888888888888,0.16666666666666666,0.048923679060665415,0.16861283643892339,2.0277777777777777,0.1388888888888889,9.853635128820315e-05
005,1.0,12,0.041666666666666664,36,1.6944444444444444,0.16666666666666666,0.0436766623207302,0.15217391304347827,2.0277777777777777,0.1388888888888889,0.00025671039475128055
005,1.0,14,0.03571428571428571,36,1.1944444444444444,0.19444444444444445,0.29633204633204624,0.21428571428571427,2.0277777777777777,0.1388888888888889,3.635492930698092e-06
005,1.0,16,0.03125,36,1.0555555555555556,0.19444444444444445,0.33944954128440363,0.17820512820512818,2.0277777777777777,0.1388888888888889,2.3440790755557828e-05
005,1.0,20,0.025,36,0.8055555555555556,0.4166666666666667,0.411111111111111,0.22777777777777777,2.0277777777777777,0.1388888888888889,3.5396085877437145e-05
005,1.0,25,0.02,36,0.9166666666666666,0.3611111111111111,0.428125,0.22380952380952382,2.0277777777777777,0.1388888888888889,1.8169688473790302e-06
005,1.0,30,0.016666666666666666,36,0.8888888888888888,0.4166666666666667,0.28337236533957844,0.22142857142857145,2.0277777777777777,0.1388888888888889,3.634944050645572e-06
005,1.0,40,0.0125,36,0.9166666666666666,0.4444444444444444,0.24690082644628086,0.31315904139433554,2.0277777777777777,0.1388888888888889,1.6441046568616002e-07
005,1.0,50,0.01,36,0.6111111111111112,0.5555555555555556,0.5762331838565022,0.39436925647451965,2.0277777777777777,0.1388888888888889,8.661307049351308e-08
005,1.0,60,0.008333333333333333,36,0.8888888888888888,0.5277777777777778,0.28729281767955805,0.34695740365111566,2.0277777777777777,0.1388888888888889,7.31684082211359e-08
005,1.0,75,0.006666666666666667,36,0.3333333333333333,0.75,0.8404962339388569,0.5555555555555556,2.0277777777777777,0.1388888888888889,2.850050577762886e-07
005,2.0,1,1.0,36,1.9722222222222223,0.16666666666666666,-0.028145695364238277,0.15630252100840336,2.0277777777777777,0.1388888888888889,0.0010855882428586483
005,2.0,2,0.5,36,1.8888888888888888,0.1111111111111111,0.045454545454545525,0.125,2.0277777777777777,0.1388888888888889,0.00017010446754284203
005,2.0,3,0.3333333333333333,36,1.7222222222222223,0.16666666666666666,-0.014765100671141118,0.1422924901185771,2.0277777777777777,0.1388888888888889,0.0005018205847591162
005,2.0,4,0.25,36,1.6666666666666667,0.16666666666666666,-0.02564102564102555,0.13672727272727273,2.0277777777777777,0.1388888888888889,0.0006932418327778578
005,2.0,5,0.2,36,1.6388888888888888,0.19444444444444445,-0.050000000000000044,0.16650717703349283,2.0277777777777777,0.1388888888888889,0.015396126545965672
005,2.0,6,0.16666666666666666,36,1.6111111111111112,0.16666666666666666,-0.03692762186115206,0.1422924901185771,2.0277777777777777,0.1388888888888889,0.00018761190585792065
005,2.0,8,0.125,36,1.6388888888888888,0.16666666666666666,-0.04935622317596566,0.136231884057971,2.0277777777777777,0.1388888888888889,8.186154445866123e-06
005,2.0,10,0.1,36,1.4444444444444444,0.1388888888888889,0.027932960893854775,0.13333333333333333,2.0277777777777777,0.1388888888888889,0.0003642570227384567
005,2.0,12,0.08333333333333333,36,1.75,0.16666666666666666,0.018284993694829832,0.1423076923076923,2.0277777777777777,0.1388888888888889,0.006456160917878151
005,2.0,14,0.07142857142857142,36,1.3055555555555556,0.16666666666666666,0.2092391304347826,0.19809523809523807,2.0277777777777777,0.1388888888888889,3.9328944012595457e-07
005,2.0,16,0.0625,36,1.1666666666666667,0.16666666666666666,0.27234042553191473,0.16282051282051282,2.0277777777777777,0.1388888888888889,0.0006167447427287698
005,2.0,20,0.05,36,0.8333333333333334,0.4166666666666667,0.3838630806845965,0.22577777777777777,2.0277777777777777,0.1388888888888889,0.008951518684625626
005,2.0,25,0.04,36,0.8333333333333334,0.3611111111111111,0.52,0.2212121212121212,2.0277777777777777,0.1388888888888889,3.832349830190651e-05
005,2.0,30,0.03333333333333333,36,0.8888888888888888,0.4166666666666667,0.28337236533957844,0.22142857142857145,2.0277777777777777,0.1388888888888889,6.903470784891397e-05
005,2.0,40,0.025,36,0.7777777777777778,0.4444444444444444,0.4651639344262295,0.30158730158730157,2.0277777777777777,0.1388888888888889,7.958925561979413e-05
005,2.0,50,0.02,36,0.5833333333333334,0.5555555555555556,0.594688221709007,0.39015873015873015,2.0277777777777777,0.1388888888888889,0.00010440470941830426
005,2.0,60,0.016666666666666666,36,0.8333333333333334,0.5277777777777778,0.33266533066132264,0.3636240703177823,2.0277777777777777,0.1388888888888889,0.0031734269578009844
005,2.0,75,0.013333333333333334,36,0.3333333333333333,0.7222222222222222,0.8541197658712292,0.5358805445761968,2.0277777777777777,0.1388888888888889,7.411299520754255e-06
006,0.005,1,0.0025,35,0.2571428571428571,0.8285714285714286,0.6312092323130958,0.577922077922078,1.8571428571428572,0.2571428571428571,2.0122518762377695e-08
006,0.005,2,0.00125,35,0.3142857142857143,0.8285714285714286,0.6889547185780787,0.5573192239858906,1.8571428571428572,0.2571428571428571,9.26276015889016e-07
006,0.005,3,0.0008333333333333334,35,0.6285714285714286,0.6285714285714286,0.5583596214511041,0.3392857142857143,1.8571428571428572,0.2571428571428571,3.5251094232080504e-05
006,0.005,4,0.000625,35,0.6857142857142857,0.6285714285714286,0.550641940085592,0.31954887218045114,1.8571428571428572,0.2571428571428571,7.775824633426964e-05
006,0.005,5,0.0005,35,1.7428571428571429,0.2571428571428571,0.14660003028926238,0.17894736842105263,1.8571428571428572,0.2571428571428571,4.826082295039669e-05
006,0.005,6,0.0004166666666666667,35,1.4857142857142858,0.4,0.09660766961651923,0.2719941348973607,1.8571428571428572,0.2571428571428571,4.131969399168156e-05
006,0.005,8,0.0003125,35,1.457142857142857,0.42857142857142855,0.10321642740323456,0.3,1.8571428571428572,0.2571428571428571,3.869352804031223e-05
006,0.005,10,0.00025,35,1.7714285714285714,0.3142857142857143,-0.009280742459396807,0.32857142857142857,1.8571428571428572,0.2571428571428571,4.388120214571245e-05
006,0.005,12,0.00020833333333333335,35,2.0285714285714285,0.2,-0.04739480480024305,0.22666666666666666,1.8571428571428572,0.2571428571428571,7.053108856780455e-05
006,0.005,14,0.00017857142857142857,35,1.9428571428571428,0.2571428571428571,-0.050000000000000044,0.2846153846153846,1.8571428571428572,0.2571428571428571,7.469959382433444e-05
006,0.005,16,0.00015625,35,1.9142857142857144,0.2857142857142857,-0.06635827085659596,0.3052503052503052,1.8571428571428572,0.2571428571428571,6.652703450527042e-05
006,0.005,20,0.000125,35,1.7428571428571429,0.3142857142857143,-0.026058631921824116,0.25555555555555554,1.8571428571428572,0.2571428571428571,8.298620377900079e-05
006,0.005,25,0.0001,35,1.4857142857142858,0.34285714285714286,0.008620689655172487,0.2777777777777778,1.8571428571428572,0.2571428571428571,0.00011316638847347349
006,0.005,30,8.333333333333333e-05,35,1.3714285714285714,0.42857142857142855,0.02985074626865669,0.30359820089955025,1.8571428571428572,0.2571428571428571,0.00010221364937024191
006,0.005,40,6.25e-05,35,0.8285714285714286,0.5714285714285714,0.268330733229329,0.3483709273182957,1.8571428571428572,0.2571428571428571,0.00011957100650761276
006,0.005,50,5e-05,35,0.7428571428571429,0.5714285714285714,0.20986622073578598,0.3392612859097127,1.8571428571428572,0.2571428571428571,0.00014919224486220628
006,0.005,60,4.1666666666666665e-05,35,0.6285714285714286,0.5714285714285714,0.23475258918296893,0.36596736596736595,1.8571428571428572,0.2571428571428571,0.00020446069538593292
006,0.005,75,3.3333333333333335e-05,35,0.42857142857142855,0.6571428571428571,0.556427278213639,0.5696969696969697,1.8571428571428572,0.2571428571428571,0.0001924162352224812
006,0.01,1,0.005,35,0.3142857142857143,0.8,0.574623237724842,0.5572938689217759,1.8571428571428572,0.2571428571428571,1.351504508306789e-08
006,0.01,2,0.0025,35,0.3142857142857143,0.8285714285714286,0.6889547185780787,0.5573192239858906,1.8571428571428572,0.2571428571428571,3.096505452049314e-08
006,0.01,3,0.0016666666666666668,35,0.6285714285714286,0.6285714285714286,0.5583596214511041,0.3392857142857143,1.8571428571428572,0.2571428571428571,5.113410225021653e-06
006,0.01,4,0.00125,35,0.6857142857142857,0.6285714285714286,0.550641940085592,0.31954887218045114,1.8571428571428572,0.2571428571428571,3.0291033908724785e-05
006,0.01,5,0.001,35,1.7714285714285714,0.2571428571428571,0.1386554621848739,0.18823529411764706,1.8571428571428572,0.2571428571428571,1.542701465950813e-05
006,0.01,6,0.0008333333333333334,35,1.4857142857142858,0.4,0.09660766961651923,0.2719941348973607,1.8571428571428572,0.2571428571428571,1.2893020539195277e-05
006,0.01,8,0.000625,35,1.457142857142857,0.42857142857142855,0.10321642740323456,0.3,1.8571428571428572,0.2571428571428571,9.265348126064055e-06
006,0.01,10,0.0005,35,1.7714285714285714,0.3142857142857143,-0.009280742459396807,0.32857142857142857,1.8571428571428572,0.2571428571428571,1.1589017958613113e-05
006,0.01,12,0.0004166666666666667,35,2.0285714285714285,0.2,-0.04739480480024305,0.22666666666666666,1.8571428571428572,0.2571428571428571,3.215642209397629e-05
006,0.01,14,0.00035714285714285714,35,2.0,0.22857142857142856,-0.06323620582765033,0.24888888888888885,1.8571428571428572,0.2571428571428571,3.811986243817955e-05
006,0.01,16,0.0003125,35,1.9714285714285715,0.2571428571428571,-0.07973421926910285,0.2690909090909091,1.8571428571428572,0.2571428571428571,3.2847285183379427e-05
006,0.01,20,0.00025,35,1.7428571428571429,0.3142857142857143,-0.026058631921824116,0.25555555555555554,1.8571428571428572,0.2571428571428571,4.334446202847175e-05
006,0.01,25,0.0002,35,1.4857142857142858,0.34285714285714286,0.008620689655172487,0.2777777777777778,1.8571428571428572,0.2571428571428571,4.617288868757896e-05
006,0.01,30,0.00016666666666666666,35,1.3714285714285714,0.42857142857142855,0.02985074626865669,0.30359820089955025,1.8571428571428572,0.2571428571428571,5.198374856263399e-05
006,0.01,40,0.000125,35,0.8285714285714286,0.5714285714285714,0.268330733229329,0.3483709273182957,1.8571428571428572,0.2571428571428571,5.1830520533258095e-05
006,0.01,50,0.0001,35,0.7428571428571429,0.5714285714285714,0.20986622073578598,0.3392612859097127,1.8571428571428572,0.2571428571428571,6.745090649928898e-05
006,0.01,60,8.333333333333333e-05,35,0.6285714285714286,0.5714285714285714,0.23475258918296893,0.36596736596736595,1.8571428571428572,0.2571428571428571,9.870454960037023e-05
006,0.01,75,6.666666666666667e-05,35,0.42857142857142855,0.6571428571428571,0.556427278213639,0.5696969696969697,1.8571428571428572,0.2571428571428571,0.00010632157500367612
006,0.02,1,0.01,35,0.4,0.7428571428571429,0.48811700182815365,0.4295899222728491,1.8571428571428572,0.2571428571428571,1.3909593477023918e-08
006,0.02,2,0.005,35,0.3142857142857143,0.8285714285714286,0.6889547185780787,0.5573192239858906,1.8571428571428572,0.2571428571428571,2.9612744256724e-08
006,0.02,3,0.0033333333333333335,35,0.6285714285714286,0.6285714285714286,0.5583596214511041,0.3392857142857143,1.8571428571428572,0.2571428571428571,6.705791832928298e-08
006,0.02,4,0.0025,35,0.6571428571428571,0.6285714285714286,0.5693606755126659,0.2603174603174603,1.8571428571428572,0.2571428571428571,2.6298380362277385e-06
006,0.02,5,0.002,35,1.8285714285714285,0.22857142857142856,0.12447885646217982,0.16954022988505746,1.8571428571428572,0.2571428571428571,1.0600801942928229e-06
006,0.02,6,0.0016666666666666668,35,1.5142857142857142,0.37142857142857144,0.08864265927977844,0.20727272727272728,1.8571428571428572,0.2571428571428571,9.107455412049603e-07
006,0.02,8,0.00125,35,1.4285714285714286,0.42857142857142855,0.08902301018483594,0.39999999999999997,1.8571428571428572,0.2571428571428571,4.402697868499672e-07
006,0.02,10,0.001,35,1.7714285714285714,0.3142857142857143,-0.009280742459396807,0.32857142857142857,1.8571428571428572,0.2571428571428571,6.104955900809728e-07
006,0.02,12,0.0008333333333333334,35,2.0285714285714285,0.2,-0.04739480480024305,0.22666666666666666,1.8571428571428572,0.2571428571428571,5.343035354599124e-06
006,0.02,14,0.0007142857142857143,35,2.0,0.22857142857142856,-0.06323620582765033,0.24888888888888885,1.8571428571428572,0.2571428571428571,8.415385309490375e-06
006,0.02,16,0.000625,35,1.9714285714285715,0.2571428571428571,-0.07973421926910285,0.2690909090909091,1.8571428571428572,0.2571428571428571,7.0489777499460615e-06
006,0.02,20,0.0005,35,1.7428571428571429,0.3142857142857143,-0.026058631921824116,0.25555555555555554,1.8571428571428572,0.2571428571428571,1.0520798241486773e-05
006,0.02,25,0.0004,35,1.4857142857142858,0.34285714285714286,0.008620689655172487,0.2777777777777778,1.8571428571428572,0.2571428571428571,8.228975275414996e-06
006,0.02,30,0.0003333333333333333,35,1.3428571428571427,0.45714285714285713,0.03915726750372406,0.3173913043478261,1.8571428571428572,0.2571428571428571,1.580633397679776e-05
006,0.02,40,0.00025,35,0.8,0.5714285714285714,0.2931596091205211,0.3397129186602871,1.8571428571428572,0.2571428571428571,1.024002722260775e-05
006,0.02,50,0.0002,35,0.7428571428571429,0.5714285714285714,0.20986622073578598,0.3392612859097127,1.8571428571428572,0.2571428571428571,1.1519997315190267e-05
006,0.02,60,0.00016666666666666666,35,0.6285714285714286,0.5714285714285714,0.2872454448017149,0.3333333333333333,1.8571428571428572,0.2571428571428571,1.866527964011766e-05
006,0.02,75,0.00013333333333333334,35,0.42857142857142855,0.6571428571428571,0.556427278213639,0.5696969696969697,1.8571428571428572,0.2571428571428571,2.646345819812268e-05
006,0.05,1,0.025,35,0.42857142857142855,0.7428571428571429,0.4300626304801669,0.5369874028410614,1.8571428571428572,0.2571428571428571,1.171084118567478e-08
006,0.05,2,0.0125,35,0.3142857142857143,0.8285714285714286,0.6889547185780787,0.5573192239858906,1.8571428571428572,0.2571428571428571,3.699250328281778e-08
006,0.05,3,0.008333333333333333,35,0.6285714285714286,0.6285714285714286,0.5583596214511041,0.3392857142857143,1.8571428571428572,0.2571428571428571,3.773248380412042e-08
006,0.05,4,0.00625,35,0.6571428571428571,0.6,0.6134969325153374,0.24201680672268905,1.8571428571428572,0.2571428571428571,4.599516501002654e-08
006,0.05,5,0.005,35,1.8857142857142857,0.2,0.09077336518363688,0.15476190476190477,1.8571428571428572,0.2571428571428571,3.493002509458165e-08
006,0.05,6,0.004166666666666667,35,1.6285714285714286,0.34285714285714286,0.004404477885850633,0.2453416149068323,1.8571428571428572,0.2571428571428571,1.8202970863967494e-07
006,0.05,8,0.003125,35,1.4857142857142858,0.42857142857142855,0.04557340306313051,0.40450588837685614,1.8571428571428572,0.2571428571428571,6.434202504124187e-08
006,0.05,10,0.0025,35,1.8571428571428572,0.2857142857142857,-0.030239665433488883,0.3074074074074074,1.8571428571428572,0.2571428571428571,3.99315851495885e-08
006,0.05,12,0.0020833333333333333,35,2.0,0.22857142857142856,-0.06323620582765033,0.24888888888888885,1.8571428571428572,0.2571428571428571,3.806669113259886e-08
006,0.05,14,0.0017857142857142859,35,2.0,0.22857142857142856,-0.06323620582765033,0.24888888888888885,1.8571428571428572,0.2571428571428571,7.28279943018606e-08
006,0.05,16,0.0015625,35,1.9714285714285715,0.2571428571428571,-0.07973421926910285,0.2690909090909091,1.8571428571428572,0.2571428571428571,8.195658551812812e-08
006,0.05,20,0.00125,35,1.7428571428571429,0.3142857142857143,-0.026058631921824116,0.25555555555555554,1.8571428571428572,0.2571428571428571,9.098328490608765e-08
006,0.05,25,0.001,35,1.457142857142857,0.37142857142857144,0.028368794326241176,0.293859649122807,1.8571428571428572,0.2571428571428571,1.247413052851698e-07
006,0.05,30,0.0008333333333333334,35,1.3714285714285714,0.45714285714285713,0.02898550724637683,0.32727272727272727,1.8571428571428572,0.2571428571428571,4.076017319221137e-07
006,0.05,40,0.000625,35,0.7428571428571429,0.6,0.32558139534883723,0.3571428571428571,1.8571428571428572,0.2571428571428571,1.988545221820459e-07
006,0.05,50,0.0005,35,0.8,0.5714285714285714,0.19330855018587345,0.3427471116816431,1.8571428571428572,0.2571428571428571,1.1160869206605639e-07
006,0.05,60,0.0004166666666666667,35,0.7142857142857143,0.5142857142857142,0.26367461430575045,0.33384146341463417,1.8571428571428572,0.2571428571428571,5.18640320024133e-07
006,0.05,75,0.0003333333333333334,35,0.42857142857142855,0.6571428571428571,0.5877734155916994,0.5169340463458111,1.8571428571428572,0.2571428571428571,6.4690431145209e-07
006,0.1,1,0.05,35,0.4857142857142857,0.7142857142857143,0.41325536062378165,0.49679144385026736,1.8571428571428572,0.2571428571428571,7.681220104416298e-09
006,0.1,2,0.025,35,0.3142857142857143,0.8285714285714286,0.6889547185780787,0.5573192239858906,1.8571428571428572,0.2571428571428571,3.5666707844939083e-06
006,0.1,3,0.016666666666666666,35,0.5428571428571428,0.6571428571428571,0.6203459396071533,0.3458646616541353,1.8571428571428572,0.2571428571428571,3.1170181102879724e-08
006,0.1,4,0.0125,35,0.6,0.6,0.6540208388992788,0.23809523809523808,1.8571428571428572,0.2571428571428571,1.5436187084105768e-07
006,0.1,5,0.01,35,1.8857142857142857,0.17142857142857143,0.0917320458660229,0.11503267973856209,1.8571428571428572,0.2571428571428571,2.2550041478552885e-07
006,0.1,6,0.008333333333333333,35,1.7142857142857142,0.3142857142857143,-0.019176136363636465,0.22946859903381642,1.8571428571428572,0.2571428571428571,7.703663129632332e-08
006,0.1,8,0.00625,35,1.4857142857142858,0.42857142857142855,0.04557340306313051,0.40450588837685614,1.8571428571428572,0.2571428571428571,1.7753507108864142e-07
006,0.1,10,0.005,35,1.8857142857142857,0.2857142857142857,-0.06060606060606055,0.2937062937062937,1.8571428571428572,0.2571428571428571,1.3393278663897945e-07
006,0.1,12,0.004166666666666667,35,1.9714285714285715,0.2571428571428571,-0.07973421926910285,0.2690909090909091,1.8571428571428572,0.2571428571428571,8.494070158349132e-08
006,0.1,14,0.0035714285714285718,35,1.9714285714285715,0.2571428571428571,-0.07973421926910285,0.2690909090909091,1.8571428571428572,0.2571428571428571,3.6772004108343026e-08
006,0.1,16,0.003125,35,1.9714285714285715,0.2571428571428571,-0.07973421926910285,0.2690909090909091,1.8571428571428572,0.2571428571428571,3.362308476084763e-08
006,0.1,20,0.0025,35,1.8,0.3142857142857143,-0.03983402489626564,0.25555555555555554,1.8571428571428572,0.2571428571428571,4.352410343244628e-08
006,0.1,25,0.002,35,1.4857142857142858,0.34285714285714286,0.046961325966850875,0.2777777777777778,1.8571428571428572,0.2571428571428571,8.470715329167433e-08
006,0.1,30,0.0016666666666666668,35,1.3714285714285714,0.45714285714285713,0.02898550724637683,0.32727272727272727,1.8571428571428572,0.2571428571428571,1.4097508937993553e-07
006,0.1,40,0.00125,35,0.7428571428571429,0.6,0.32558139534883723,0.3571428571428571,1.8571428571428572,0.2571428571428571,7.294497095244878e-08
006,0.1,50,0.001,35,0.8571428571428571,0.5714285714285714,0.15224913494809666,0.3427471116816431,1.8571428571428572,0.2571428571428571,8.591928946088956e-08
006,0.1,60,0.0008333333333333334,35,0.7428571428571429,0.5142857142857142,0.23913043478260876,0.32281205164992827,1.8571428571428572,0.2571428571428571,8.417786290237927e-08
006,0.1,75,0.0006666666666666668,35,0.45714285714285713,0.6571428571428571,0.5459459459459459,0.5016835016835017,1.8571428571428572,0.2571428571428571,7.180111083471274e-08
006,0.2,1,0.1,35,0.6,0.6571428571428571,0.3266787658802178,0.3787409700722394,1.8571428571428572,0.2571428571428571,4.5679598770220764e-08
006,0.2,2,0.05,35,0.2857142857142857,0.8285714285714286,0.7263249348392702,0.5677655677655677,1.8571428571428572,0.2571428571428571,3.503510743030347e-05
006,0.2,3,0.03333333333333333,35,0.5142857142857142,0.6857142857142857,0.6158536585365855,0.36428571428571427,1.8571428571428572,0.2571428571428571,1.564875304893576e-07
006,0.2,4,0.025,35,0.5714285714285714,0.6285714285714286,0.6511627906976745,0.2556390977443609,1.8571428571428572,0.2571428571428571,3.520101017784327e-05
006,0.2,5,0.02,35,1.8857142857142857,0.2,0.07136322049405308,0.1286549707602339,1.8571428571428572,0.2571428571428571,2.909165743858466e-07
006,0.2,6,0.016666666666666666,35,1.7714285714285714,0.3142857142857143,-0.033653846153846256,0.30595813204508854,1.8571428571428572,0.2571428571428571,1.8966650827678677e-07
006,0.2,8,0.0125,35,1.4857142857142858,0.42857142857142855,0.04557340306313051,0.40450588837685614,1.8571428571428572,0.2571428571428571,4.444656553914683e-07
006,0.2,10,0.01,35,1.8857142857142857,0.2857142857142857,-0.06060606060606055,0.2937062937062937,1.8571428571428572,0.2571428571428571,4.4125759046664825e-08
006,0.2,12,0.008333333333333333,35,1.9714285714285715,0.2571428571428571,-0.07973421926910285,0.2690909090909091,1.8571428571428572,0.2571428571428571,1.2932235904372646e-07
006,0.2,14,0.0071428571428571435,35,1.9714285714285715,0.2571428571428571,-0.07973421926910285,0.2690909090909091,1.8571428571428572,0.2571428571428571,1.173039763102679e-07
006,0.2,16,0.00625,35,1.9714285714285715,0.2571428571428571,-0.07973421926910285,0.2690909090909091,1.8571428571428572,0.2571428571428571,4.4715694258457006e-08
006,0.2,20,0.005,35,1.8,0.3142857142857143,-0.03983402489626564,0.25555555555555554,1.8571428571428572,0.2571428571428571,5.588934115507982e-08
006,0.2,25,0.004,35,1.4285714285714286,0.34285714285714286,0.06609195402298862,0.2777777777777778,1.8571428571428572,0.2571428571428571,5.494990773513564e-08
006,0.2,30,0.0033333333333333335,35,1.2857142857142858,0.42857142857142855,0.06130268199233713,0.3134796238244514,1.8571428571428572,0.2571428571428571,0.00018475456454325467
006,0.2,40,0.0025,35,0.7428571428571429,0.6,0.32558139534883723,0.3571428571428571,1.8571428571428572,0.2571428571428571,2.2087672846282658e-07
006,0.2,50,0.002,35,0.9142857142857143,0.5428571428571428,0.13636363636363624,0.33805668016194335,1.8571428571428572,0.2571428571428571,3.0543651519110426e-07
006,0.2,60,0.0016666666666666668,35,0.7142857142857143,0.5142857142857142,0.26367461430575045,0.33384146341463417,1.8571428571428572,0.2571428571428571,1.1828064572227959e-07
006,0.2,75,0.0013333333333333335,35,0.4857142857142857,0.6285714285714286,0.5524296675191815,0.4943089430894309,1.8571428571428572,0.2571428571428571,3.122230225471867e-07
006,0.5,1,0.25,35,0.7142857142857143,0.6571428571428571,0.22458270106221545,0.3950956937799043,1.8571428571428572,0.2571428571428571,1.3079095424473053e-06
006,0.5,2,0.125,35,0.2857142857142857,0.8285714285714286,0.7263249348392702,0.5677655677655677,1.8571428571428572,0.2571428571428571,0.0012582170311361551
006,0.5,3,0.08333333333333333,35,0.45714285714285713,0.7428571428571429,0.6056991385023194,0.39610389610389607,1.8571428571428572,0.2571428571428571,2.046403824351728e-05
006,0.5,4,0.0625,35,0.5142857142857142,0.6571428571428571,0.6585365853658537,0.3392857142857143,1.8571428571428572,0.2571428571428571,4.9082591431215405e-05
006,0.5,5,0.05,35,1.8285714285714285,0.22857142857142856,-0.0006648936170212671,0.18846153846153846,1.8571428571428572,0.2571428571428571,1.6725500699976692e-06
006,0.5,6,0.041666666666666664,35,1.8,0.2857142857142857,-0.016792611251049472,0.28619528619528617,1.8571428571428572,0.2571428571428571,0.0010236193193122745
006,0.5,8,0.03125,35,1.542857142857143,0.37142857142857144,0.05405405405405406,0.275,1.8571428571428572,0.2571428571428571,0.0004162066616117954
006,0.5,10,0.025,35,1.9142857142857144,0.2571428571428571,-0.044026160472164566,0.2735042735042735,1.8571428571428572,0.2571428571428571,1.231467990692181e-06
006,0.5,12,0.020833333333333332,35,2.0,0.22857142857142856,-0.06323620582765033,0.24888888888888885,1.8571428571428572,0.2571428571428571,4.109126550133624e-08
006,0.5,14,0.017857142857142856,35,1.9714285714285715,0.2571428571428571,-0.07973421926910285,0.2690909090909091,1.8571428571428572,0.2571428571428571,9.616949370183647e-08
006,0.5,16,0.015625,35,1.9714285714285715,0.2571428571428571,-0.07973421926910285,0.2690909090909091,1.8571428571428572,0.2571428571428571,9.746626261630809e-08
006,0.5,20,0.0125,35,1.8,0.3142857142857143,-0.03983402489626564,0.25555555555555554,1.8571428571428572,0.2571428571428571,1.0496993496644791e-07
006,0.5,25,0.01,35,1.4857142857142858,0.34285714285714286,0.046961325966850875,0.2777777777777778,1.8571428571428572,0.2571428571428571,7.285004954837859e-08
006,0.5,30,0.008333333333333333,35,1.3428571428571427,0.4,0.04098908442860327,0.2888198757763975,1.8571428571428572,0.2571428571428571,1.3867237612430472e-05
006,0.5,40,0.00625,35,0.7142857142857143,0.5714285714285714,0.3795620437956204,0.34842995169082125,1.8571428571428572,0.2571428571428571,8.391134906560183e-05
006,0.5,50,0.005,35,0.8285714285714286,0.5714285714285714,0.268330733229329,0.3483709273182957,1.8571428571428572,0.2571428571428571,2.3176264676294522e-06
006,0.5,60,0.004166666666666667,35,0.5714285714285714,0.6285714285714286,0.4411764705882353,0.38095238095238093,1.8571428571428572,0.2571428571428571,3.437128555106028e-07
006,0.5,75,0.0033333333333333335,35,0.5142857142857142,0.6,0.5333333333333332,0.4833333333333334,1.8571428571428572,0.2571428571428571,2.5478308884885337e-07
006,1.0,1,0.5,35,0.9142857142857143,0.5714285714285714,0.11825192802056539,0.36225274725274725,1.8571428571428572,0.2571428571428571,2.242257323814556e-06
006,1.0,2,0.25,35,0.2571428571428571,0.8285714285714286,0.7540983606557377,0.7089026915113871,1.8571428571428572,0.2571428571428571,0.0004276383842807263
006,1.0,3,0.16666666666666666,35,0.42857142857142855,0.7428571428571429,0.633074061548867,0.40476190476190477,1.8571428571428572,0.2571428571428571,0.0008229394443333149
006,1.0,4,0.125,35,0.4857142857142857,0.6857142857142857,0.6394150880691258,0.3664079822616408,1.8571428571428572,0.2571428571428571,5.78224025957752e-05
006,1.0,5,0.1,35,1.8285714285714285,0.2571428571428571,-0.02393617021276584,0.21346153846153845,1.8571428571428572,0.2571428571428571,0.0010499416384845972
006,1.0,6,0.08333333333333333,35,1.7428571428571429,0.34285714285714286,-0.05129105919550336,0.32407407407407407,1.8571428571428572,0.2571428571428571,0.032685790210962296
006,1.0,8,0.0625,35,1.6285714285714286,0.37142857142857144,0.004294149221685473,0.35736677115987464,1.8571428571428572,0.2571428571428571,0.010532139800488949
006,1.0,10,0.05,35,1.9142857142857144,0.2571428571428571,-0.044026160472164566,0.2735042735042735,1.8571428571428572,0.2571428571428571,3.211496732546948e-05
006,1.0,12,0.041666666666666664,35,2.0,0.22857142857142856,-0.06323620582765033,0.24888888888888885,1.8571428571428572,0.2571428571428571,8.867949219393267e-08
006,1.0,14,0.03571428571428571,35,1.9714285714285715,0.2571428571428571,-0.07973421926910285,0.2690909090909091,1.8571428571428572,0.2571428571428571,3.875673883158015e-06
006,1.0,16,0.03125,35,1.9428571428571428,0.2857142857142857,-0.0969305331179322,0.28753623188405797,1.8571428571428572,0.2571428571428571,8.851933671394363e-06
006,1.0,20,0.025,35,1.8285714285714285,0.34285714285714286,-0.09598366235534384,0.32905982905982906,1.8571428571428572,0.2571428571428571,0.001081021735444665
006,1.0,25,0.02,35,1.4,0.42857142857142855,0.014598540145985384,0.39454022988505744,1.8571428571428572,0.2571428571428571,8.183569093489496e-07
006,1.0,30,0.016666666666666666,35,1.2857142857142858,0.4,0.06329997672794963,0.2888198757763975,1.8571428571428572,0.2571428571428571,0.0009054593392647803
006,1.0,40,0.0125,35,0.7428571428571429,0.5714285714285714,0.3695797198132088,0.3393665158371041,1.8571428571428572,0.2571428571428571,0.0001259179989574477
006,1.0,50,0.01,35,0.7428571428571429,0.6,0.34090909090909094,0.35781433607520563,1.8571428571428572,0.2571428571428571,0.0010019091423600912
006,1.0,60,0.008333333333333333,35,0.5428571428571428,0.6,0.5016077170418007,0.3721804511278195,1.8571428571428572,0.2571428571428571,7.830231879779603e-06
006,1.0,75,0.006666666666666667,35,0.42857142857142855,0.6571428571428571,0.631578947368421,0.519047619047619,1.8571428571428572,0.2571428571428571,2.1257083915315889e-07
006,2.0,1,1.0,35,1.1428571428571428,0.45714285714285713,0.03225806451612889,0.3083617963314358,1.8571428571428572,0.2571428571428571,0.0007581409881822765
006,2.0,2,0.5,35,0.3142857142857143,0.7428571428571429,0.736842105263158,0.6264550264550265,1.8571428571428572,0.2571428571428571,0.0019070185953751206
006,2.0,3,0.3333333333333333,35,0.42857142857142855,0.7142857142857143,0.6469929025028016,0.3956521739130435,1.8571428571428572,0.2571428571428571,0.0003888459177687764
006,2.0,4,0.25,35,0.5142857142857142,0.6285714285714286,0.6416382252559727,0.358974358974359,1.8571428571428572,0.2571428571428571,0.011323116719722748
006,2.0,5,0.2,35,1.8,0.22857142857142856,-0.04281891168599472,0.17391304347826086,1.8571428571428572,0.2571428571428571,0.0014375407481566072
006,2.0,6,0.16666666666666666,35,1.7142857142857142,0.3142857142857143,-0.07345702385460062,0.20518518518518516,1.8571428571428572,0.2571428571428571,0.00023374284501187503
006,2.0,8,0.125,35,1.6285714285714286,0.4,-0.04759248931028082,0.36190476190476195,1.8571428571428572,0.2571428571428571,0.008307291194796562
006,2.0,10,0.1,35,1.9142857142857144,0.22857142857142856,-0.044523310211324274,0.19499999999999998,1.8571428571428572,0.2571428571428571,3.7084224459249526e-05
006,2.0,12,0.08333333333333333,35,2.0,0.22857142857142856,-0.06323620582765033,0.24888888888888885,1.8571428571428572,0.2571428571428571,0.002224982948973775
006,2.0,14,0.07142857142857142,35,1.9142857142857144,0.3142857142857143,-0.11487044066677687,0.30444444444444446,1.8571428571428572,0.2571428571428571,0.0005593886016868055
006,2.0,16,0.0625,35,1.9142857142857144,0.3142857142857143,-0.11487044066677687,0.30444444444444446,1.8571428571428572,0.2571428571428571,0.0022086582612246275
006,2.0,20,0.05,35,1.8571428571428572,0.34285714285714286,-0.10121524887631095,0.3411371237458194,1.8571428571428572,0.2571428571428571,0.01083765272051096
006,2.0,25,0.04,35,1.4,0.37142857142857144,0.020819778789850307,0.2828282828282828,1.8571428571428572,0.2571428571428571,0.0022593943867832422
006,2.0,30,0.03333333333333333,35,1.2,0.37142857142857144,0.1034836065573771,0.27294685990338163,1.8571428571428572,0.2571428571428571,0.0034442744217813015
006,2.0,40,0.025,35,0.6285714285714286,0.5714285714285714,0.4623655913978495,0.3970588235294118,1.8571428571428572,0.2571428571428571,0.0009546412620693445
006,2.0,50,0.02,35,0.5714285714285714,0.6,0.5081967213114753,0.3764478764478765,1.8571428571428572,0.2571428571428571,0.012320458889007568
006,2.0,60,0.016666666666666666,35,0.4857142857142857,0.6285714285714286,0.5659163987138264,0.38533834586466165,1.8571428571428572,0.2571428571428571,0.00450286827981472
006,2.0,75,0.013333333333333334,35,0.5142857142857142,0.6285714285714286,0.53125,0.37559808612440193,1.8571428571428572,0.2571428571428571,0.0010277183027938008
007,0.005,1,0.0025,41,1.1951219512195121,0.36585365853658536,0.3951902813933308,0.21447963800904976,2.1951219512195124,0.14634146341463414,2.9196916884188795e-08
007,0.005,2,0.00125,41,0.7804878048780488,0.6585365853658537,0.5614035087719298,0.4232142857142857,2.1951219512195124,0.14634146341463414,1.1917924069848596e-07
007,0.005,3,0.0008333333333333334,41,0.8292682926829268,0.6341463414634146,0.5263157894736843,0.3875,2.1951219512195124,0.14634146341463414,8.583739372625132e-07
007,0.005,4,0.000625,41,0.8292682926829268,0.6341463414634146,0.5263157894736843,0.3875,2.1951219512195124,0.14634146341463414,2.754358547463198e-06
007,0.005,5,0.0005,41,0.8292682926829268,0.6341463414634146,0.5263157894736843,0.3875,2.1951219512195124,0.14634146341463414,5.120944024383789e-06
007,0.005,6,0.0004166666666666667,41,0.9024390243902439,0.5853658536585366,0.5034369885433716,0.28500000000000003,2.1951219512195124,0.14634146341463414,1.3464819858199917e-05
007,0.005,8,0.0003125,41,0.8048780487804879,0.6097560975609756,0.5611417450535192,0.37186379928315416,2.1951219512195124,0.14634146341463414,2.1994574126438238e-05
007,0.005,10,0.00025,41,1.0975609756097562,0.43902439024390244,0.44214205467482204,0.3024193548387097,2.1951219512195124,0.14634146341463414,3.215912511222996e-05
007,0.005,12,0.00020833333333333335,41,1.0975609756097562,0.43902439024390244,0.44214205467482204,0.3024193548387097,2.1951219512195124,0.14634146341463414,4.145853381487541e-05
007,0.005,14,0.00017857142857142857,41,1.048780487804878,0.4634146341463415,0.4559951308581862,0.32027649769585254,2.1951219512195124,0.14634146341463414,5.836987111251801e-05
007,0.005,16,0.00015625,41,1.0975609756097562,0.43902439024390244,0.44079031230082855,0.34350132625994695,2.1951219512195124,0.14634146341463414,5.389664875110611e-05
007,0.005,20,0.000125,41,2.1463414634146343,0.2682926829268293,-0.11512145056448864,0.1998873873873874,2.1951219512195124,0.14634146341463414,5.632279135170393e-05
007,0.005,25,0.0001,41,2.1951219512195124,0.21951219512195122,-0.11431968744691678,0.16626794258373206,2.1951219512195124,0.14634146341463414,5.947988393018022e-05
007,0.005,30,8.333333333333333e-05,41,1.7073170731707317,0.3902439024390244,0.018309859154929664,0.2995754245754246,2.1951219512195124,0.14634146341463414,0.00010215389193035662
007,0.005,40,6.25e-05,41,1.170731707317073,0.5609756097560976,0.34907388560960717,0.4498637433420042,2.1951219512195124,0.14634146341463414,0.00011436835484346375
007,0.005,50,5e-05,41,1.2682926829268293,0.43902439024390244,0.39367278172968934,0.3580779054916986,2.1951219512195124,0.14634146341463414,0.00016702408902347088
007,0.005,60,4.1666666666666665e-05,41,0.975609756097561,0.6097560975609756,0.5031188736410621,0.604978354978355,2.1951219512195124,0.14634146341463414,0.0001992297766264528
007,0.005,75,3.3333333333333335e-05,41,1.0,0.5853658536585366,0.4571373344930897,0.5406162464985994,2.1951219512195124,0.14634146341463414,0.00030777775100432336
007,0.005,90,2.777777777777778e-05,41,0.9512195121951219,0.6341463414634146,0.46506233690924903,0.5970536362693225,2.1951219512195124,0.14634146341463414,0.00027995137497782707
007,0.01,1,0.005,41,1.2926829268292683,0.36585365853658536,0.320608813060022,0.21447963800904976,2.1951219512195124,0.14634146341463414,2.8070065383190013e-08
007,0.01,2,0.0025,41,0.8292682926829268,0.6585365853658537,0.5192629815745393,0.5611111111111111,2.1951219512195124,0.14634146341463414,3.23832303195104e-08
007,0.01,3,0.0016666666666666668,41,0.8536585365853658,0.6341463414634146,0.507599107237751,0.5090909090909091,2.1951219512195124,0.14634146341463414,2.7395419266440513e-08
007,0.01,4,0.00125,41,0.8292682926829268,0.6341463414634146,0.5263157894736843,0.3875,2.1951219512195124,0.14634146341463414,3.9863952139285175e-08
007,0.01,5,0.001,41,0.8292682926829268,0.6341463414634146,0.5263157894736843,0.3875,2.1951219512195124,0.14634146341463414,1.3929243891652732e-07
007,0.01,6,0.0008333333333333334,41,0.9024390243902439,0.5609756097560976,0.5056962725362238,0.27794117647058825,2.1951219512195124,0.14634146341463414,8.319883590957033e-07
007,0.01,8,0.000625,41,0.8048780487804879,0.6097560975609756,0.5641643835616439,0.30193548387096775,2.1951219512195124,0.14634146341463414,2.1172584183659637e-06
007,0.01,10,0.0005,41,1.0975609756097562,0.43902439024390244,0.44214205467482204,0.3024193548387097,2.1951219512195124,0.14634146341463414,5.003002115699928e-06
007,0.01,12,0.0004166666666666667,41,1.0975609756097562,0.43902439024390244,0.44214205467482204,0.3024193548387097,2.1951219512195124,0.14634146341463414,9.879752724373247e-06
007,0.01,14,0.00035714285714285714,41,1.048780487804878,0.4634146341463415,0.4559951308581862,0.32027649769585254,2.1951219512195124,0.14634146341463414,1.69916183949681e-05
007,0.01,16,0.0003125,41,1.0731707317073171,0.4634146341463415,0.4502909182899065,0.35384615384615387,2.1951219512195124,0.14634146341463414,1.4358938642544672e-05
007,0.01,20,0.00025,41,2.1463414634146343,0.2682926829268293,-0.11512145056448864,0.1998873873873874,2.1951219512195124,0.14634146341463414,1.5726644051028416e-05
007,0.01,25,0.0002,41,2.2195121951219514,0.1951219512195122,-0.12362332451122682,0.14786967418546365,2.1951219512195124,0.14634146341463414,2.0927363948430866e-05
007,0.01,30,0.00016666666666666666,41,1.7073170731707317,0.3902439024390244,0.018309859154929664,0.2995754245754246,2.1951219512195124,0.14634146341463414,3.969320823671296e-05
007,0.01,40,0.000125,41,1.170731707317073,0.5609756097560976,0.34907388560960717,0.4498637433420042,2.1951219512195124,0.14634146341463414,5.298629912431352e-05
007,0.01,50,0.0001,41,1.2439024390243902,0.4634146341463415,0.4009306654257794,0.3759350483488414,2.1951219512195124,0.14634146341463414,9.594687435310334e-05
007,0.01,60,8.333333333333333e-05,41,0.975609756097561,0.6097560975609756,0.5031188736410621,0.604978354978355,2.1951219512195124,0.14634146341463414,0.0001345066848443821
007,0.01,75,6.666666666666667e-05,41,0.9512195121951219,0.5853658536585366,0.4986794483028465,0.4112554112554112,2.1951219512195124,0.14634146341463414,0.00022473701392300427
007,0.01,90,5.555555555555556e-05,41,0.9512195121951219,0.6341463414634146,0.46506233690924903,0.5970536362693225,2.1951219512195124,0.14634146341463414,0.00019060801423620433
007,0.02,1,0.01,41,1.2682926829268293,0.36585365853658536,0.33398966281073095,0.21447963800904976,2.1951219512195124,0.14634146341463414,2.668500265201601e-08
007,0.02,2,0.005,41,0.8292682926829268,0.6585365853658537,0.5192629815745393,0.5611111111111111,2.1951219512195124,0.14634146341463414,3.244979751571009e-08
007,0.02,3,0.0033333333333333335,41,0.8536585365853658,0.6341463414634146,0.507599107237751,0.5090909090909091,2.1951219512195124,0.14634146341463414,2.775537844001974e-08
007,0.02,4,0.0025,41,0.8536585365853658,0.6341463414634146,0.507599107237751,0.5090909090909091,2.1951219512195124,0.14634146341463414,3.05656904231455e-08
007,0.02,5,0.002,41,0.8292682926829268,0.6341463414634146,0.5263157894736843,0.3875,2.1951219512195124,0.14634146341463414,3.190331199220964e-08
007,0.02,6,0.0016666666666666668,41,0.926829268292683,0.5609756097560976,0.4821428571428571,0.2819734345351043,2.1951219512195124,0.14634146341463414,3.78240727627599e-08
007,0.02,8,0.00125,41,0.8292682926829268,0.5853658536585366,0.5546442030591887,0.29487666034155596,2.1951219512195124,0.14634146341463414,3.813858739931675e-08
007,0.02,10,0.001,41,1.1219512195121952,0.4146341463414634,0.4311408016443987,0.23424317617866003,2.1951219512195124,0.14634146341463414,9.182080162872808e-08
007,0.02,12,0.0008333333333333334,41,1.146341463414634,0.43902439024390244,0.3961046865489958,0.3024193548387097,2.1951219512195124,0.14634146341463414,4.1570959297132504e-07
007,0.02,14,0.0007142857142857143,41,1.048780487804878,0.4634146341463415,0.4559951308581862,0.32027649769585254,2.1951219512195124,0.14634146341463414,1.1061517852795077e-06
007,0.02,16,0.000625,41,1.0731707317073171,0.4634146341463415,0.4502909182899065,0.35384615384615387,2.1951219512195124,0.14634146341463414,8.503158710482239e-07
007,0.02,20,0.0005,41,2.1463414634146343,0.2682926829268293,-0.11512145056448864,0.1998873873873874,2.1951219512195124,0.14634146341463414,1.1105271369160619e-06
007,0.02,25,0.0004,41,2.2195121951219514,0.1951219512195122,-0.12362332451122682,0.14786967418546365,2.1951219512195124,0.14634146341463414,1.9398930817260407e-06
007,0.02,30,0.0003333333333333333,41,1.5853658536585367,0.43902439024390244,0.0941717484754574,0.34584417193112843,2.1951219512195124,0.14634146341463414,6.1818104768462945e-06
007,0.02,40,0.00025,41,1.170731707317073,0.5609756097560976,0.34907388560960717,0.4498637433420042,2.1951219512195124,0.14634146341463414,9.744692761159968e-06
007,0.02,50,0.0002,41,1.2439024390243902,0.4634146341463415,0.4009306654257794,0.3759350483488414,2.1951219512195124,0.14634146341463414,2.3920958483358845e-05
007,0.02,60,0.00016666666666666666,41,0.975609756097561,0.6097560975609756,0.5031188736410621,0.604978354978355,2.1951219512195124,0.14634146341463414,4.9130940169561654e-05
007,0.02,75,0.00013333333333333334,41,0.9024390243902439,0.6097560975609756,0.5242159777500719,0.5757575757575757,2.1951219512195124,0.14634146341463414,0.00010144196858163923
007,0.02,90,0.00011111111111111112,41,0.975609756097561,0.6097560975609756,0.45354762838102713,0.5596638655462185,2.1951219512195124,0.14634146341463414,9.618686453904957e-05
007,0.05,1,0.025,41,1.2926829268292683,0.34146341463414637,0.31037446286065085,0.2025974025974026,2.1951219512195124,0.14634146341463414,2.7146555225954216e-08
007,0.05,2,0.0125,41,0.8536585365853658,0.6341463414634146,0.509683564398349,0.4120098039215686,2.1951219512195124,0.14634146341463414,2.198164139599612e-08
007,0.05,3,0.008333333333333333,41,0.8780487804878049,0.6097560975609756,0.4977433913604127,0.3729946524064171,2.1951219512195124,0.14634146341463414,2.1873558964102813e-08
007,0.05,4,0.00625,41,0.8780487804878049,0.6097560975609756,0.4977433913604127,0.3729946524064171,2.1951219512195124,0.14634146341463414,2.759784223371753e-08
007,0.05,5,0.005,41,0.8780487804878049,0.6097560975609756,0.4977433913604127,0.3729946524064171,2.1951219512195124,0.14634146341463414,2.5274662363017342e-08
007,0.05,6,0.004166666666666667,41,1.024390243902439,0.5365853658536586,0.4184397163120567,0.3411764705882353,2.1951219512195124,0.14634146341463414,3.037180107412496e-08
007,0.05,8,0.003125,41,0.926829268292683,0.5121951219512195,0.507032667876588,0.26545454545454544,2.1951219512195124,0.14634146341463414,3.136961268523919e-08
007,0.05,10,0.0025,41,1.170731707317073,0.4146341463414634,0.38407611417125687,0.23424317617866003,2.1951219512195124,0.14634146341463414,3.248690561008516e-08
007,0.05,12,0.0020833333333333333,41,1.1219512195121952,0.43902439024390244,0.4137080867850097,0.24563918757467143,2.1951219512195124,0.14634146341463414,3.2329086963045484e-08
007,0.05,14,0.0017857142857142859,41,1.048780487804878,0.4634146341463415,0.4559951308581862,0.32027649769585254,2.1951219512195124,0.14634146341463414,3.7545667908034375e-08
007,0.05,16,0.0015625,41,1.0731707317073171,0.4634146341463415,0.4502909182899065,0.35384615384615387,2.1951219512195124,0.14634146341463414,3.933252301635548e-08
007,0.05,20,0.00125,41,2.1463414634146343,0.2682926829268293,-0.11512145056448864,0.1998873873873874,2.1951219512195124,0.14634146341463414,3.655177849282154e-08
007,0.05,25,0.001,41,2.2195121951219514,0.1951219512195122,-0.12362332451122682,0.14786967418546365,2.1951219512195124,0.14634146341463414,4.064835579242754e-08
007,0.05,30,0.0008333333333333334,41,1.6097560975609757,0.4146341463414634,0.07687626774847878,0.3216459627329193,2.1951219512195124,0.14634146341463414,5.177470896455816e-08
007,0.05,40,0.000625,41,1.170731707317073,0.5365853658536586,0.36083974225732696,0.4355736855736856,2.1951219512195124,0.14634146341463414,7.077971275748496e-08
007,0.05,50,0.0005,41,1.2439024390243902,0.4634146341463415,0.3893368750592924,0.37962962962962965,2.1951219512195124,0.14634146341463414,2.6517480478105426e-07
007,0.05,60,0.0004166666666666667,41,0.975609756097561,0.6097560975609756,0.5031188736410621,0.604978354978355,2.1951219512195124,0.14634146341463414,2.2872718545841053e-06
007,0.05,75,0.0003333333333333334,41,0.926829268292683,0.5853658536585366,0.5267738883632924,0.5547109894935982,2.1951219512195124,0.14634146341463414,1.0956069672829472e-05
007,0.05,90,0.0002777777777777778,41,0.975609756097561,0.6097560975609756,0.45354762838102713,0.5596638655462185,2.1951219512195124,0.14634146341463414,2.7028534532291815e-05
007,0.1,1,0.05,41,1.4146341463414633,0.3170731707317073,0.22038030229156502,0.23854166666666665,2.1951219512195124,0.14634146341463414,3.3668662524632964e-08
007,0.1,2,0.025,41,0.9024390243902439,0.6341463414634146,0.4730958102601609,0.41597485768500947,2.1951219512195124,0.14634146341463414,1.8578518279355194e-08
007,0.1,3,0.016666666666666666,41,0.926829268292683,0.6097560975609756,0.46075519728468384,0.3786764705882353,2.1951219512195124,0.14634146341463414,1.6856484208460643e-08
007,0.1,4,0.0125,41,0.9024390243902439,0.6097560975609756,0.4833602584814216,0.3729946524064171,2.1951219512195124,0.14634146341463414,2.1483360868046475e-08
007,0.1,5,0.01,41,0.926829268292683,0.6097560975609756,0.46075519728468384,0.3786764705882353,2.1951219512195124,0.14634146341463414,2.175764457490459e-08
007,0.1,6,0.008333333333333333,41,1.0,0.5609756097560976,0.4266040354435785,0.3524667931688804,2.1951219512195124,0.14634146341463414,2.587114877883323e-08
007,0.1,8,0.00625,41,1.0,0.5121951219512195,0.4487165240582287,0.26545454545454544,2.1951219512195124,0.14634146341463414,2.6074884473814564e-08
007,0.1,10,0.005,41,1.1219512195121952,0.43902439024390244,0.4065260058881256,0.30150462962962965,2.1951219512195124,0.14634146341463414,2.8175147548381574e-08
007,0.1,12,0.004166666666666667,41,1.1219512195121952,0.43902439024390244,0.4137080867850097,0.24563918757467143,2.1951219512195124,0.14634146341463414,2.8143984920347975e-08
007,0.1,14,0.0035714285714285718,41,1.048780487804878,0.4634146341463415,0.4559951308581862,0.32027649769585254,2.1951219512195124,0.14634146341463414,3.232766943028764e-08
007,0.1,16,0.003125,41,1.0975609756097562,0.43902439024390244,0.454963349484408,0.34075407351269416,2.1951219512195124,0.14634146341463414,3.126432090994058e-08
007,0.1,20,0.0025,41,2.1463414634146343,0.2682926829268293,-0.11512145056448864,0.1998873873873874,2.1951219512195124,0.14634146341463414,3.0096039438376465e-08
007,0.1,25,0.002,41,2.2195121951219514,0.1951219512195122,-0.12362332451122682,0.14786967418546365,2.1951219512195124,0.14634146341463414,2.8405365171124686e-08
007,0.1,30,0.0016666666666666668,41,1.6585365853658536,0.36585365853658536,0.076242204787769,0.2959866220735786,2.1951219512195124,0.14634146341463414,4.940551434629015e-08
007,0.1,40,0.00125,41,1.146341463414634,0.5365853658536586,0.3782031168287836,0.44326599326599325,2.1951219512195124,0.14634146341463414,5.367622080143519e-08
007,0.1,50,0.001,41,1.2439024390243902,0.4634146341463415,0.3893368750592924,0.37962962962962965,2.1951219512195124,0.14634146341463414,6.778864047873867e-08
007,0.1,60,0.0008333333333333334,41,0.975609756097561,0.6097560975609756,0.4901243599122166,0.6004273504273504,2.1951219512195124,0.14634146341463414,5.383468959507809e-08
007,0.1,75,0.0006666666666666668,41,0.926829268292683,0.5853658536585366,0.5267738883632924,0.5547109894935982,2.1951219512195124,0.14634146341463414,4.945173373016587e-07
007,0.1,90,0.0005555555555555556,41,0.926829268292683,0.6097560975609756,0.49563492063492054,0.42554112554112555,2.1951219512195124,0.14634146341463414,2.8175236366223544e-06
007,0.2,1,0.1,41,1.4634146341463414,0.2926829268292683,0.18622886547414852,0.18236559139784947,2.1951219512195124,0.14634146341463414,0.00011138695845147595
007,0.2,2,0.05,41,0.975609756097561,0.6097560975609756,0.4307951198990323,0.4005681818181818,2.1951219512195124,0.14634146341463414,2.912661045684217e-07
007,0.2,3,0.03333333333333333,41,1.024390243902439,0.5609756097560976,0.40950128976784184,0.3536931818181818,2.1951219512195124,0.14634146341463414,2.70720533990243e-06
007,0.2,4,0.025,41,0.9512195121951219,0.6097560975609756,0.4426177679418274,0.49732620320855614,2.1951219512195124,0.14634146341463414,2.1867128552344184e-08
007,0.2,5,0.02,41,0.9512195121951219,0.6097560975609756,0.4426177679418274,0.49732620320855614,2.1951219512195124,0.14634146341463414,2.085555195208144e-08
007,0.2,6,0.016666666666666666,41,1.0,0.5609756097560976,0.4266040354435785,0.3524667931688804,2.1951219512195124,0.14634146341463414,3.925418567973793e-08
007,0.2,8,0.0125,41,1.024390243902439,0.5121951219512195,0.4298013245033113,0.26158357771261,2.1951219512195124,0.14634146341463414,1.9921793992239145e-08
007,0.2,10,0.01,41,1.146341463414634,0.4146341463414634,0.3969843035471511,0.2909199522102748,2.1951219512195124,0.14634146341463414,2.7013097536610076e-08
007,0.2,12,0.008333333333333333,41,1.1219512195121952,0.43902439024390244,0.4065260058881256,0.30150462962962965,2.1951219512195124,0.14634146341463414,2.5624803612345204e-08
007,0.2,14,0.0071428571428571435,41,1.024390243902439,0.4878048780487805,0.4649589173513774,0.33035714285714285,2.1951219512195124,0.14634146341463414,2.8333300150507057e-08
007,0.2,16,0.00625,41,1.0731707317073171,0.43902439024390244,0.47422934648582005,0.33443223443223447,2.1951219512195124,0.14634146341463414,2.5797177727326925e-08
007,0.2,20,0.005,41,2.1463414634146343,0.2682926829268293,-0.11512145056448864,0.1998873873873874,2.1951219512195124,0.14634146341463414,3.042069707248629e-08
007,0.2,25,0.004,41,2.2195121951219514,0.1951219512195122,-0.12362332451122682,0.14786967418546365,2.1951219512195124,0.14634146341463414,3.024367245529902e-08
007,0.2,30,0.0033333333333333335,41,1.6829268292682926,0.34146341463414637,0.06639004149377592,0.2829096989966555,2.1951219512195124,0.14634146341463414,2.7038004191126674e-07
007,0.2,40,0.0025,41,1.1951219512195121,0.5121951219512195,0.3524735906285953,0.42326599326599323,2.1951219512195124,0.14634146341463414,4.19847836496956e-08
007,0.2,50,0.002,41,1.2682926829268293,0.4634146341463415,0.36122331217541837,0.37710437710437705,2.1951219512195124,0.14634146341463414,8.885094615607159e-08
007,0.2,60,0.0016666666666666668,41,0.975609756097561,0.6097560975609756,0.4901243599122166,0.6004273504273504,2.1951219512195124,0.14634146341463414,4.977353285084973e-08
007,0.2,75,0.0013333333333333335,41,0.9024390243902439,0.5853658536585366,0.5478085738946965,0.5510662177328843,2.1951219512195124,0.14634146341463414,1.1918995568294122e-07
007,0.2,90,0.0011111111111111111,41,0.9024390243902439,0.6097560975609756,0.5107977517010156,0.5591779867641936,2.1951219512195124,0.14634146341463414,0.0005679189343936741
007,0.5,1,0.25,41,1.5365853658536586,0.3170731707317073,0.12235349163644871,0.2495256166982922,2.1951219512195124,0.14634146341463414,0.00036374403862282634
007,0.5,2,0.125,41,1.170731707317073,0.5365853658536586,0.31551141166525776,0.3625770872865275,2.1951219512195124,0.14634146341463414,0.00010739977733464912
007,0.5,3,0.08333333333333333,41,1.1951219512195121,0.5121951219512195,0.3067106242688503,0.3519924098671727,2.1951219512195124,0.14634146341463414,0.00018455808458384126
007,0.5,4,0.0625,41,1.0,0.5853658536585366,0.4131229756556264,0.36859582542694497,2.1951219512195124,0.14634146341463414,2.4362293515878264e-07
007,0.5,5,0.05,41,0.975609756097561,0.6097560975609756,0.4259831171505044,0.403921568627451,2.1951219512195124,0.14634146341463414,4.1745273904325586e-08
007,0.5,6,0.041666666666666664,41,1.0,0.5853658536585366,0.41810836009530716,0.39300202839756593,2.1951219512195124,0.14634146341463414,8.824245156802135e-08
007,0.5,8,0.03125,41,1.024390243902439,0.5121951219512195,0.4298013245033113,0.26158357771261,2.1951219512195124,0.14634146341463414,1.0695887908696022e-07
007,0.5,10,0.025,41,1.2195121951219512,0.36585365853658536,0.35327991987981966,0.20843672456575685,2.1951219512195124,0.14634146341463414,2.9258286460276395e-08
007,0.5,12,0.020833333333333332,41,1.146341463414634,0.43902439024390244,0.3859734567149641,0.2962962962962963,2.1951219512195124,0.14634146341463414,1.0720629717297925e-07
007,0.5,14,0.017857142857142856,41,1.048780487804878,0.4634146341463415,0.453199559525266,0.2537037037037037,2.1951219512195124,0.14634146341463414,4.81019810649741e-07
007,0.5,16,0.015625,41,1.1219512195121952,0.43902439024390244,0.42795285061342314,0.33205128205128204,2.1951219512195124,0.14634146341463414,3.393446240806952e-05
007,0.5,20,0.0125,41,2.1707317073170733,0.24390243902439024,-0.10511195606252643,0.18306636155606407,2.1951219512195124,0.14634146341463414,5.491403243240711e-08
007,0.5,25,0.01,41,2.2195121951219514,0.1951219512195122,-0.12362332451122682,0.14786967418546365,2.1951219512195124,0.14634146341463414,9.476146090037219e-08
007,0.5,30,0.008333333333333333,41,1.6341463414634145,0.34146341463414637,0.09755089387206772,0.2852173913043478,2.1951219512195124,0.14634146341463414,9.158636203210335e-06
007,0.5,40,0.00625,41,1.2439024390243902,0.4878048780487805,0.31828978622327797,0.3872053872053872,2.1951219512195124,0.14634146341463414,2.461669964759494e-06
007,0.5,50,0.005,41,1.3170731707317074,0.4634146341463415,0.3296577946768062,0.3657407407407407,2.1951219512195124,0.14634146341463414,1.1750607598060014e-07
007,0.5,60,0.004166666666666667,41,0.975609756097561,0.5853658536585366,0.4897568447252536,0.4283026755852843,2.1951219512195124,0.14634146341463414,1.5427076505147852e-07
007,0.5,75,0.0033333333333333335,41,0.7073170731707317,0.6341463414634146,0.66854972241161,0.5832451499118165,2.1951219512195124,0.14634146341463414,6.090648184908787e-06
007,0.5,90,0.002777777777777778,41,0.8048780487804879,0.6341463414634146,0.5721101282178709,0.5745702999893242,2.1951219512195124,0.14634146341463414,1.3811327335133683e-06
007,1.0,1,0.5,41,1.6097560975609757,0.2682926829268293,0.07898550724637687,0.18356676003734826,2.1951219512195124,0.14634146341463414,0.0005559732089750469
007,1.0,2,0.25,41,1.1951219512195121,0.5121951219512195,0.3123597906206602,0.2818627450980392,2.1951219512195124,0.14634146341463414,0.00037634713225997984
007,1.0,3,0.16666666666666666,41,1.1951219512195121,0.5121951219512195,0.3123597906206602,0.2818627450980392,2.1951219512195124,0.14634146341463414,0.00018867506878450513
007,1.0,4,0.125,41,1.170731707317073,0.5121951219512195,0.3241275958038964,0.3573687539531942,2.1951219512195124,0.14634146341463414,0.0008207703940570354
007,1.0,5,0.1,41,1.1219512195121952,0.5121951219512195,0.35336743393009373,0.28589500316255534,2.1951219512195124,0.14634146341463414,1.7212996681337245e-05
007,1.0,6,0.08333333333333333,41,1.0975609756097562,0.5365853658536586,0.36470960261410357,0.29436274509803917,2.1951219512195124,0.14634146341463414,9.444022907700855e-06
007,1.0,8,0.0625,41,1.024390243902439,0.5365853658536586,0.4158031088082901,0.27448680351906163,2.1951219512195124,0.14634146341463414,3.804964217124507e-05
007,1.0,10,0.05,41,1.2195121951219512,0.3902439024390244,0.3462879920279024,0.2716346153846154,2.1951219512195124,0.14634146341463414,1.9347764634858322e-07
007,1.0,12,0.041666666666666664,41,1.1951219512195121,0.3902439024390244,0.36327494098645796,0.21730769230769234,2.1951219512195124,0.14634146341463414,3.49801752008716e-07
007,1.0,14,0.03571428571428571,41,1.0975609756097562,0.43902439024390244,0.42440054665175797,0.24230769230769234,2.1951219512195124,0.14634146341463414,5.583808888331987e-05
007,1.0,16,0.03125,41,1.146341463414634,0.4146341463414634,0.41578370478626225,0.2533333333333333,2.1951219512195124,0.14634146341463414,5.241844291958841e-07
007,1.0,20,0.025,41,2.1707317073170733,0.24390243902439024,-0.10511195606252643,0.18306636155606407,2.1951219512195124,0.14634146341463414,8.044391108796844e-08
007,1.0,25,0.02,41,2.2195121951219514,0.1951219512195122,-0.12362332451122682,0.14786967418546365,2.1951219512195124,0.14634146341463414,1.5199991310055339e-07
007,1.0,30,0.016666666666666666,41,1.6829268292682926,0.3170731707317073,0.10966782350024784,0.2607729468599034,2.1951219512195124,0.14634146341463414,5.087911176815396e-06
007,1.0,40,0.0125,41,1.2926829268292683,0.4634146341463415,0.2922899884925202,0.372960372960373,2.1951219512195124,0.14634146341463414,0.0010373290861025453
007,1.0,50,0.01,41,1.3414634146341464,0.4634146341463415,0.28012441055483106,0.3676994301994302,2.1951219512195124,0.14634146341463414,3.188452319591306e-05
007,1.0,60,0.008333333333333333,41,0.9512195121951219,0.6097560975609756,0.48665437251286037,0.44507575757575757,2.1951219512195124,0.14634146341463414,3.1541369480692083e-06
007,1.0,75,0.006666666666666667,41,0.7560975609756098,0.6341463414634146,0.639412390064753,0.5990247951032265,2.1951219512195124,0.14634146341463414,0.0013787000207230449
007,1.0,90,0.005555555555555556,41,0.7804878048780488,0.6585365853658537,0.582124656997256,0.6126050420168067,2.1951219512195124,0.14634146341463414,0.0013517540646716952
007,2.0,1,1.0,41,1.6829268292682926,0.2682926829268293,0.021375133594585205,0.19025341130604287,2.1951219512195124,0.14634146341463414,0.0011252627009525895
007,2.0,2,0.5,41,1.2926829268292683,0.4634146341463415,0.25309906219683087,0.2655401945724526,2.1951219512195124,0.14634146341463414,0.0014932763297110796
007,2.0,3,0.3333333333333333,41,1.3414634146341464,0.43902439024390244,0.2230644288034651,0.25092592592592594,2.1951219512195124,0.14634146341463414,0.0005639639566652477
007,2.0,4,0.25,41,1.2195121951219512,0.4878048780487805,0.3002808381939944,0.27266734279918864,2.1951219512195124,0.14634146341463414,0.00014902924885973334
007,2.0,5,0.2,41,1.2195121951219512,0.4878048780487805,0.3002808381939944,0.27266734279918864,2.1951219512195124,0.14634146341463414,3.69392910215538e-05
007,2.0,6,0.16666666666666666,41,1.2195121951219512,0.5121951219512195,0.28703121726377545,0.35573476702508955,2.1951219512195124,0.14634146341463414,9.521470929030329e-05
007,2.0,8,0.125,41,1.0975609756097562,0.4634146341463415,0.3918016079719171,0.2531701890989989,2.1951219512195124,0.14634146341463414,2.119722375937272e-05
007,2.0,10,0.1,41,1.2682926829268293,0.36585365853658536,0.30887456618740694,0.20903225806451614,2.1951219512195124,0.14634146341463414,2.8751497666235082e-05
007,2.0,12,0.08333333333333333,41,1.2682926829268293,0.36585365853658536,0.30887456618740694,0.20903225806451614,2.1951219512195124,0.14634146341463414,0.0014632213860750198
007,2.0,14,0.07142857142857142,41,1.170731707317073,0.3902439024390244,0.3847914547304171,0.2219354838709678,2.1951219512195124,0.14634146341463414,0.00015255468315444887
007,2.0,16,0.0625,41,1.2926829268292683,0.3170731707317073,0.3681758451797874,0.19570332480818414,2.1951219512195124,0.14634146341463414,1.5874317114139558e-06
007,2.0,20,0.05,41,2.1707317073170733,0.1951219512195122,-0.0892442610265669,0.1492361927144536,2.1951219512195124,0.14634146341463414,0.00020198681158944964
007,2.0,25,0.04,41,2.2195121951219514,0.1951219512195122,-0.12362332451122682,0.14786967418546365,2.1951219512195124,0.14634146341463414,9.159040200756863e-05
007,2.0,30,0.03333333333333333,41,1.7317073170731707,0.2682926829268293,0.10860796851942944,0.219025974025974,2.1951219512195124,0.14634146341463414,1.3990428669785615e-05
007,2.0,40,0.025,41,1.3658536585365855,0.43902439024390244,0.26547231270358307,0.3451982799808887,2.1951219512195124,0.14634146341463414,0.014375267550349236
007,2.0,50,0.02,41,1.3658536585365855,0.4634146341463415,0.26191889218595443,0.36923076923076925,2.1951219512195124,0.14634146341463414,6.265166803132161e-07
007,2.0,60,0.016666666666666666,41,0.9024390243902439,0.6097560975609756,0.525002475492623,0.44940476190476186,2.1951219512195124,0.14634146341463414,3.4296118656129693e-07
007,2.0,75,0.013333333333333334,41,0.7560975609756098,0.6341463414634146,0.639412390064753,0.5990247951032265,2.1951219512195124,0.14634146341463414,0.0006198605988174677
007,2.0,90,0.011111111111111112,41,0.8048780487804879,0.6341463414634146,0.5721101282178709,0.5745702999893242,2.1951219512195124,0.14634146341463414,0.000519024848472327
008,0.005,1,0.0025,38,0.7105263157894737,0.39473684210526316,0.09523809523809523,0.3527336860670194,1.105263157894737,0.21052631578947367,1.02909416455077e-05
008,0.005,2,0.00125,38,0.9210526315789473,0.2894736842105263,0.06376811594202902,0.24258639910813826,1.105263157894737,0.21052631578947367,6.875017334095901e-06
008,0.005,3,0.0008333333333333334,38,1.3421052631578947,0.10526315789473684,0.043812907045589045,0.11238095238095237,1.105263157894737,0.21052631578947367,4.264150447852444e-06
008,0.005,4,0.000625,38,1.1842105263157894,0.21052631578947367,0.002799160251924504,0.17622487591527838,1.105263157894737,0.21052631578947367,0.007602851837873459
008,0.005,5,0.0005,38,0.8157894736842105,0.3157894736842105,0.03469640644361838,0.30700280112044814,1.105263157894737,0.21052631578947367,0.001454878831282258
008,0.005,6,0.0004166666666666667,38,0.7105263157894737,0.39473684210526316,0.06993006993007,0.37689550592776394,1.105263157894737,0.21052631578947367,0.001424446702003479
008,0.005,8,0.0003125,38,0.7631578947368421,0.34210526315789475,0.08582574772431728,0.33606333606333605,1.105263157894737,0.21052631578947367,8.732091373531148e-06
008,0.005,10,0.00025,38,0.868421052631579,0.23684210526315788,-0.12086330935251799,0.1693121693121693,1.105263157894737,0.21052631578947367,1.1418304893595632e-05
008,0.005,12,0.00020833333333333335,38,0.8421052631578947,0.3157894736842105,-0.1546961325966849,0.23026315789473684,1.105263157894737,0.21052631578947367,2.09803220059257e-05
008,0.005,14,0.00017857142857142857,38,0.8421052631578947,0.2894736842105263,0.02444987775061125,0.27748538011695906,1.105263157894737,0.21052631578947367,2.1127274521859363e-05
008,0.005,16,0.00015625,38,1.0,0.2631578947368421,-0.001818181818181941,0.2362155388471178,1.105263157894737,0.21052631578947367,2.0741128537338227e-05
008,0.005,20,0.000125,38,1.131578947368421,0.23684210526315788,0.002956393200295726,0.22291840712893343,1.105263157894737,0.21052631578947367,4.906961476081051e-05
008,0.005,25,0.0001,38,1.0,0.23684210526315788,0.04830053667262957,0.2171347171347171,1.105263157894737,0.21052631578947367,0.00013065783423371613
008,0.005,30,8.333333333333333e-05,38,1.0,0.23684210526315788,0.014814814814814725,0.2227106227106227,1.105263157894737,0.21052631578947367,0.0001396192965330556
008,0.005,40,6.25e-05,38,0.9736842105263158,0.2631578947368421,-0.029556650246305383,0.24441107774441106,1.105263157894737,0.21052631578947367,0.0001984460832318291
008,0.005,50,5e-05,38,1.0526315789473684,0.23684210526315788,-0.05366726296958868,0.22425722425722427,1.105263157894737,0.21052631578947367,0.0002752880391199142
008,0.005,60,4.1666666666666665e-05,38,0.7894736842105263,0.47368421052631576,0.04040404040404022,0.39202279202279194,1.105263157894737,0.21052631578947367,0.00027225661324337125
008,0.005,75,3.3333333333333335e-05,38,0.7631578947368421,0.47368421052631576,0.08784473953013294,0.40833038765170265,1.105263157894737,0.21052631578947367,0.00026626221369951963
008,0.01,1,0.005,38,0.7105263157894737,0.39473684210526316,0.11686586985391778,0.36018062397372735,1.105263157894737,0.21052631578947367,2.106626482145657e-07
008,0.01,2,0.0025,38,0.9210526315789473,0.2894736842105263,0.06376811594202902,0.24258639910813826,1.105263157894737,0.21052631578947367,1.6335653185706178e-07
008,0.01,3,0.0016666666666666668,38,1.368421052631579,0.10526315789473684,0.03686635944700456,0.11452991452991453,1.105263157894737,0.21052631578947367,0.0007208085153251886
008,0.01,4,0.00125,38,1.1842105263157894,0.21052631578947367,0.002799160251924504,0.17622487591527838,1.105263157894737,0.21052631578947367,6.18408603259013e-06
008,0.01,5,0.001,38,0.8157894736842105,0.3157894736842105,0.03469640644361838,0.30700280112044814,1.105263157894737,0.21052631578947367,0.00030347509891726077
008,0.01,6,0.0008333333333333334,38,0.7105263157894737,0.39473684210526316,0.06993006993007,0.37689550592776394,1.105263157894737,0.21052631578947367,8.300034096464515e-05
008,0.01,8,0.000625,38,0.7631578947368421,0.34210526315789475,0.08582574772431728,0.33606333606333605,1.105263157894737,0.21052631578947367,9.862650358627434e-07
008,0.01,10,0.0005,38,0.8421052631578947,0.2631578947368421,-0.07954545454545459,0.1873015873015873,1.105263157894737,0.21052631578947367,1.2972368494956754e-06
008,0.01,12,0.0004166666666666667,38,0.8157894736842105,0.3157894736842105,-0.15066469719350062,0.22647527910685805,1.105263157894737,0.21052631578947367,1.6025581999201677e-06
008,0.01,14,0.00035714285714285714,38,0.8421052631578947,0.2894736842105263,0.02444987775061125,0.27748538011695906,1.105263157894737,0.21052631578947367,2.522050863262848e-06
008,0.01,16,0.0003125,38,1.0,0.2631578947368421,-0.001818181818181941,0.2362155388471178,1.105263157894737,0.21052631578947367,2.6543154945102287e-06
008,0.01,20,0.00025,38,1.1578947368421053,0.21052631578947367,-0.017857142857143016,0.19184447605500235,1.105263157894737,0.21052631578947367,1.0588601071503945e-05
008,0.01,25,0.0002,38,1.0,0.23684210526315788,0.04830053667262957,0.2171347171347171,1.105263157894737,0.21052631578947367,5.854978007846512e-05
008,0.01,30,0.00016666666666666666,38,1.0,0.23684210526315788,0.014814814814814725,0.2227106227106227,1.105263157894737,0.21052631578947367,5.5695752962492406e-05
008,0.01,40,0.000125,38,0.9736842105263158,0.2631578947368421,-0.029556650246305383,0.24441107774441106,1.105263157894737,0.21052631578947367,0.00011818532220786437
008,0.01,50,0.0001,38,1.0526315789473684,0.23684210526315788,-0.05366726296958868,0.22425722425722427,1.105263157894737,0.21052631578947367,0.00020288002269808203
008,0.01,60,8.333333333333333e-05,38,0.7368421052631579,0.5,0.06423982869379019,0.4066022544283414,1.105263157894737,0.21052631578947367,0.00020765967201441526
008,0.01,75,6.666666666666667e-05,38,0.8157894736842105,0.4473684210526316,-0.04983748645720465,0.34851621808143546,1.105263157894737,0.21052631578947367,0.0002155059773940593
008,0.02,1,0.01,38,0.631578947368421,0.4473684210526316,0.17151162790697683,0.4047619047619047,1.105263157894737,0.21052631578947367,4.792195085201456e-08
008,0.02,2,0.005,38,0.9210526315789473,0.2894736842105263,0.06376811594202902,0.24258639910813826,1.105263157894737,0.21052631578947367,2.8560451781345364e-08
008,0.02,3,0.0033333333333333335,38,1.368421052631579,0.10526315789473684,0.03686635944700456,0.11452991452991453,1.105263157894737,0.21052631578947367,8.128548074637365e-07
008,0.02,4,0.0025,38,1.2105263157894737,0.21052631578947367,-0.004065040650406582,0.17723285486443383,1.105263157894737,0.21052631578947367,0.002572534140199423
008,0.02,5,0.002,38,0.8421052631578947,0.2894736842105263,-0.050000000000000044,0.20806100217864923,1.105263157894737,0.21052631578947367,5.238176072452916e-06
008,0.02,6,0.0016666666666666668,38,0.6842105263157895,0.42105263157894735,0.08498583569405105,0.39444444444444443,1.105263157894737,0.21052631578947367,2.5880171961034648e-05
008,0.02,8,0.00125,38,0.7368421052631579,0.3684210526315789,0.09999999999999998,0.35729847494553374,1.105263157894737,0.21052631578947367,2.124624245425366e-07
008,0.02,10,0.001,38,0.8421052631578947,0.2631578947368421,-0.07954545454545459,0.1873015873015873,1.105263157894737,0.21052631578947367,3.7061218449707667e-07
008,0.02,12,0.0008333333333333334,38,0.8157894736842105,0.3157894736842105,-0.15066469719350062,0.22647527910685805,1.105263157894737,0.21052631578947367,1.326072379015386e-06
008,0.02,14,0.0007142857142857143,38,0.8157894736842105,0.2894736842105263,0.03891050583657596,0.28652275850917613,1.105263157894737,0.21052631578947367,4.339071608683298e-07
008,0.02,16,0.000625,38,1.0,0.2631578947368421,-0.001818181818181941,0.2362155388471178,1.105263157894737,0.21052631578947367,1.4682629512208223e-07
008,0.02,20,0.0005,38,1.1578947368421053,0.21052631578947367,-0.017857142857143016,0.19184447605500235,1.105263157894737,0.21052631578947367,4.536590552106645e-07
008,0.02,25,0.0004,38,1.0,0.23684210526315788,0.04830053667262957,0.2171347171347171,1.105263157894737,0.21052631578947367,1.0032089448941406e-05
008,0.02,30,0.0003333333333333333,38,0.9473684210526315,0.2894736842105263,-0.001953125,0.26719576719576715,1.105263157894737,0.21052631578947367,6.961250164749799e-06
008,0.02,40,0.00025,38,0.9736842105263158,0.2631578947368421,-0.029556650246305383,0.24441107774441106,1.105263157894737,0.21052631578947367,3.910272062057629e-05
008,0.02,50,0.0002,38,1.0526315789473684,0.23684210526315788,-0.05366726296958868,0.22425722425722427,1.105263157894737,0.21052631578947367,8.707914821570739e-05
008,0.02,60,0.00016666666666666666,38,0.7631578947368421,0.47368421052631576,0.05302226935312826,0.3884990253411306,1.105263157894737,0.21052631578947367,9.709741425467655e-05
008,0.02,75,0.00013333333333333334,38,0.7631578947368421,0.47368421052631576,0.08784473953013294,0.40833038765170265,1.105263157894737,0.21052631578947367,0.00012485501065384597
008,0.05,1,0.025,38,0.6578947368421053,0.42105263157894735,0.15494978479196564,0.3886552658630034,1.105263157894737,0.21052631578947367,3.4554279437770674e-08
008,0.05,2,0.0125,38,0.868421052631579,0.34210526315789475,0.08456243854473944,0.2735042735042735,1.105263157894737,0.21052631578947367,2.585438174662613e-08
008,0.05,3,0.008333333333333333,38,1.3421052631578947,0.13157894736842105,0.04284887087434852,0.13882721692568892,1.105263157894737,0.21052631578947367,7.537794317613589e-06
008,0.05,4,0.00625,38,1.1578947368421053,0.21052631578947367,0.010130246020260358,0.17563352826510722,1.105263157894737,0.21052631578947367,3.892094355251174e-06
008,0.05,5,0.005,38,0.8421052631578947,0.2894736842105263,-0.050000000000000044,0.20806100217864923,1.105263157894737,0.21052631578947367,0.002589228330180049
008,0.05,6,0.004166666666666667,38,0.6842105263157895,0.42105263157894735,0.08498583569405105,0.39444444444444443,1.105263157894737,0.21052631578947367,3.7409404285426717e-06
008,0.05,8,0.003125,38,0.7368421052631579,0.3684210526315789,0.09999999999999998,0.35729847494553374,1.105263157894737,0.21052631578947367,3.6934675762267943e-08
008,0.05,10,0.0025,38,0.8421052631578947,0.2631578947368421,-0.10787172011661794,0.18812930577636458,1.105263157894737,0.21052631578947367,8.376150049116404e-07
008,0.05,12,0.0020833333333333333,38,0.8157894736842105,0.3157894736842105,-0.15066469719350062,0.22647527910685805,1.105263157894737,0.21052631578947367,8.659937833499498e-08
008,0.05,14,0.0017857142857142859,38,0.8421052631578947,0.2631578947368421,0.002624671916010568,0.2644688644688645,1.105263157894737,0.21052631578947367,1.352391194586744e-07
008,0.05,16,0.0015625,38,1.0263157894736843,0.23684210526315788,-0.027497708524289566,0.20815416467590384,1.105263157894737,0.21052631578947367,1.554298165729051e-07
008,0.05,20,0.00125,38,1.1578947368421053,0.21052631578947367,-0.017857142857143016,0.19184447605500235,1.105263157894737,0.21052631578947367,9.069763251545737e-08
008,0.05,25,0.001,38,1.0,0.23684210526315788,0.04830053667262957,0.2171347171347171,1.105263157894737,0.21052631578947367,7.846252003673726e-08
008,0.05,30,0.0008333333333333334,38,0.9473684210526315,0.2894736842105263,-0.001953125,0.26719576719576715,1.105263157894737,0.21052631578947367,9.441801296361518e-08
008,0.05,40,0.000625,38,0.9736842105263158,0.2631578947368421,-0.029556650246305383,0.24441107774441106,1.105263157894737,0.21052631578947367,8.880159043656022e-07
008,0.05,50,0.0005,38,1.0526315789473684,0.23684210526315788,-0.05366726296958868,0.22425722425722427,1.105263157894737,0.21052631578947367,3.6031142371939495e-06
008,0.05,60,0.0004166666666666667,38,0.7368421052631579,0.5,0.06423982869379019,0.4066022544283414,1.105263157894737,0.21052631578947367,5.371007318899501e-06
008,0.05,75,0.0003333333333333334,38,0.7368421052631579,0.5,0.09896907216494866,0.42784992784992787,1.105263157894737,0.21052631578947367,1.444083136448171e-05
008,0.1,1,0.05,38,0.7105263157894737,0.3684210526315789,0.10043041606886671,0.349406597514251,1.105263157894737,0.21052631578947367,3.1257400223694276e-08
008,0.1,2,0.025,38,0.868421052631579,0.34210526315789475,0.08456243854473944,0.2735042735042735,1.105263157894737,0.21052631578947367,2.2221895434881844e-08
008,0.1,3,0.016666666666666666,38,1.3157894736842106,0.13157894736842105,0.04999999999999993,0.13634408602150538,1.105263157894737,0.21052631578947367,9.317351214122027e-05
008,0.1,4,0.0125,38,1.1842105263157894,0.21052631578947367,0.002799160251924504,0.17622487591527838,1.105263157894737,0.21052631578947367,9.580381288287754e-08
008,0.1,5,0.01,38,0.7894736842105263,0.3157894736842105,-0.02556818181818188,0.22486772486772488,1.105263157894737,0.21052631578947367,0.003737828927114606
008,0.1,6,0.008333333333333333,38,0.6578947368421053,0.4473684210526316,0.10043041606886671,0.4116437716101298,1.105263157894737,0.21052631578947367,2.8665767786151264e-06
008,0.1,8,0.00625,38,0.7368421052631579,0.3684210526315789,0.09999999999999998,0.35729847494553374,1.105263157894737,0.21052631578947367,1.9666160255837895e-07
008,0.1,10,0.005,38,0.8421052631578947,0.2631578947368421,-0.10787172011661794,0.18812930577636458,1.105263157894737,0.21052631578947367,3.303074151972396e-07
008,0.1,12,0.004166666666666667,38,0.8157894736842105,0.3157894736842105,-0.15066469719350062,0.22647527910685805,1.105263157894737,0.21052631578947367,5.183234407013515e-06
008,0.1,14,0.0035714285714285718,38,0.8157894736842105,0.2631578947368421,0.016783216783216925,0.27819134270747176,1.105263157894737,0.21052631578947367,1.0890830708376598e-05
008,0.1,16,0.003125,38,1.0,0.23684210526315788,-0.019157088122605304,0.2094017094017094,1.105263157894737,0.21052631578947367,0.00014798449410591274
008,0.1,20,0.0025,38,1.1578947368421053,0.21052631578947367,-0.017857142857143016,0.19184447605500235,1.105263157894737,0.21052631578947367,1.5325048252634588e-07
008,0.1,25,0.002,38,0.9736842105263158,0.2631578947368421,0.024276377217553602,0.2426400759734093,1.105263157894737,0.21052631578947367,1.5877226644533948e-07
008,0.1,30,0.0016666666666666668,38,0.9210526315789473,0.2894736842105263,0.008188331627431045,0.2681411819342854,1.105263157894737,0.21052631578947367,1.3903247975122213e-07
008,0.1,40,0.00125,38,0.9736842105263158,0.2631578947368421,-0.029556650246305383,0.24441107774441106,1.105263157894737,0.21052631578947367,7.072357988135991e-08
008,0.1,50,0.001,38,0.9473684210526315,0.3157894736842105,-0.0018832391713747842,0.2875952875952876,1.105263157894737,0.21052631578947367,7.054025275010645e-08
008,0.1,60,0.0008333333333333334,38,0.7105263157894737,0.5,0.07891770011273969,0.40385548852368075,1.105263157894737,0.21052631578947367,8.05027582373441e-08
008,0.1,75,0.0006666666666666668,38,0.7368421052631579,0.5,0.09896907216494866,0.42784992784992787,1.105263157894737,0.21052631578947367,2.5853958618426987e-07
008,0.2,1,0.1,38,0.7105263157894737,0.3684210526315789,0.10043041606886671,0.349406597514251,1.105263157894737,0.21052631578947367,4.484138926841297e-08
008,0.2,2,0.05,38,0.8421052631578947,0.34210526315789475,0.09896907216494866,0.27489177489177485,1.105263157894737,0.21052631578947367,3.394101000253613e-08
008,0.2,3,0.03333333333333333,38,1.236842105263158,0.13157894736842105,0.07407407407407407,0.13128479748395597,1.105263157894737,0.21052631578947367,0.000308944727294147
008,0.2,4,0.025,38,1.1842105263157894,0.18421052631578946,0.015613910574875822,0.17301587301587298,1.105263157894737,0.21052631578947367,4.276092295185663e-05
008,0.2,5,0.02,38,0.8421052631578947,0.2631578947368421,0.0,0.1895424836601307,1.105263157894737,0.21052631578947367,5.20828616572544e-05
008,0.2,6,0.016666666666666666,38,0.6578947368421053,0.42105263157894735,0.023217247097844118,0.2916338840807763,1.105263157894737,0.21052631578947367,8.83232060004957e-05
008,0.2,8,0.0125,38,0.7368421052631579,0.3684210526315789,0.02840909090909094,0.2624338624338624,1.105263157894737,0.21052631578947367,3.870765965530154e-07
008,0.2,10,0.01,38,0.7631578947368421,0.3157894736842105,-0.04068857589984365,0.2223938223938224,1.105263157894737,0.21052631578947367,3.6712199857902306e-07
008,0.2,12,0.008333333333333333,38,0.8421052631578947,0.2894736842105263,-0.19461077844311392,0.20673076923076925,1.105263157894737,0.21052631578947367,5.3914820455247536e-05
008,0.2,14,0.0071428571428571435,38,0.8157894736842105,0.2631578947368421,0.016783216783216925,0.27819134270747176,1.105263157894737,0.21052631578947367,3.187707591223443e-07
008,0.2,16,0.00625,38,0.9736842105263158,0.23684210526315788,-0.010030090270812364,0.21145299145299146,1.105263157894737,0.21052631578947367,5.463405159389367e-07
008,0.2,20,0.005,38,1.1578947368421053,0.21052631578947367,-0.017857142857143016,0.19184447605500235,1.105263157894737,0.21052631578947367,1.872765267307841e-07
008,0.2,25,0.004,38,0.9473684210526315,0.2631578947368421,0.03515625000000011,0.24338624338624337,1.105263157894737,0.21052631578947367,9.716438142959305e-08
008,0.2,30,0.0033333333333333335,38,0.8947368421052632,0.3157894736842105,0.018595041322314043,0.2877617877617878,1.105263157894737,0.21052631578947367,1.546079317904514e-07
008,0.2,40,0.0025,38,0.9736842105263158,0.2631578947368421,-0.029556650246305383,0.24441107774441106,1.105263157894737,0.21052631578947367,9.494483776961715e-08
008,0.2,50,0.002,38,0.9473684210526315,0.3157894736842105,-0.0018832391713747842,0.2875952875952876,1.105263157894737,0.21052631578947367,8.33295104030185e-08
008,0.2,60,0.0016666666666666668,38,0.6842105263157895,0.5263157894736842,0.09111617312072906,0.4215201662010173,1.105263157894737,0.21052631578947367,1.1735944838164869e-07
008,0.2,75,0.0013333333333333335,38,0.6842105263157895,0.5263157894736842,0.12691466083150993,0.4439746300211416,1.105263157894737,0.21052631578947367,1.4475477883024723e-07
008,0.5,1,0.25,38,0.7105263157894737,0.3684210526315789,0.10043041606886671,0.349406597514251,1.105263157894737,0.21052631578947367,0.0003780352126341313
008,0.5,2,0.125,38,0.8157894736842105,0.34210526315789475,0.11484290357529803,0.277307233828973,1.105263157894737,0.21052631578947367,2.933506948465947e-05
008,0.5,3,0.08333333333333333,38,1.236842105263158,0.10526315789473684,0.11764705882352944,0.08003584229390681,1.105263157894737,0.21052631578947367,0.0010229437611997128
008,0.5,4,0.0625,38,1.0789473684210527,0.18421052631578946,0.05077805077805064,0.1711904761904762,1.105263157894737,0.21052631578947367,5.234086302152718e-07
008,0.5,5,0.05,38,0.868421052631579,0.23684210526315788,-0.013003901170351106,0.16871416871416875,1.105263157894737,0.21052631578947367,5.650706498272484e-06
008,0.5,6,0.041666666666666664,38,0.7631578947368421,0.3157894736842105,-0.07085346215781008,0.22066822066822067,1.105263157894737,0.21052631578947367,0.000561247521545738
008,0.5,8,0.03125,38,0.7368421052631579,0.3157894736842105,0.003278688524590234,0.21804511278195485,1.105263157894737,0.21052631578947367,0.0007713091326877475
008,0.5,10,0.025,38,0.7368421052631579,0.3157894736842105,-0.059233449477351874,0.21769733534439417,1.105263157894737,0.21052631578947367,9.156710802926682e-07
008,0.5,12,0.020833333333333332,38,0.7894736842105263,0.34210526315789475,-0.13772455089820368,0.24465811965811968,1.105263157894737,0.21052631578947367,0.000357338460162282
008,0.5,14,0.017857142857142856,38,0.7894736842105263,0.2631578947368421,0.03293413173652693,0.2983974358974359,1.105263157894737,0.21052631578947367,6.885827019686985e-07
008,0.5,16,0.015625,38,0.9210526315789473,0.2631578947368421,-0.03100775193798455,0.24330484330484334,1.105263157894737,0.21052631578947367,7.155233470257372e-05
008,0.5,20,0.0125,38,1.1578947368421053,0.21052631578947367,-0.017857142857143016,0.19184447605500235,1.105263157894737,0.21052631578947367,4.709806944447337e-06
008,0.5,25,0.01,38,0.9210526315789473,0.2894736842105263,0.0453201970443351,0.26242909576242907,1.105263157894737,0.21052631578947367,1.1497834748297464e-05
008,0.5,30,0.008333333333333333,38,0.868421052631579,0.34210526315789475,-0.010857763300760048,0.3127058092575334,1.105263157894737,0.21052631578947367,3.1172726266959216e-06
008,0.5,40,0.00625,38,0.9210526315789473,0.3157894736842105,-0.03070624360286578,0.29112968768141184,1.105263157894737,0.21052631578947367,1.1955418131037732e-06
008,0.5,50,0.005,38,0.9473684210526315,0.3157894736842105,-0.0018832391713747842,0.2875952875952876,1.105263157894737,0.21052631578947367,4.152261681156233e-06
008,0.5,60,0.004166666666666667,38,0.6578947368421053,0.5,0.06887417218543046,0.42085346215780994,1.105263157894737,0.21052631578947367,1.1805973372247536e-05
008,0.5,75,0.0033333333333333335,38,0.5526315789473685,0.5789473684210527,0.1785216178521618,0.494025974025974,1.105263157894737,0.21052631578947367,1.3263777418615064e-06
008,1.0,1,0.5,38,0.7105263157894737,0.3684210526315789,0.10043041606886671,0.349406597514251,1.105263157894737,0.21052631578947367,0.0006373562500812113
008,1.0,2,0.25,38,0.868421052631579,0.34210526315789475,0.11344922232387922,0.2180814354727398,1.105263157894737,0.21052631578947367,0.00034483312629163265
008,1.0,3,0.16666666666666666,38,1.263157894736842,0.10526315789473684,0.12543153049482159,0.06402867383512545,1.105263157894737,0.21052631578947367,0.0006066435598768294
008,1.0,4,0.125,38,1.0263157894736843,0.18421052631578946,0.0873362445414847,0.17719062546648753,1.105263157894737,0.21052631578947367,4.4729058572556823e-05
008,1.0,5,0.1,38,0.8421052631578947,0.2631578947368421,-0.05263157894736836,0.18341307814992025,1.105263157894737,0.21052631578947367,0.0025967697147279978
008,1.0,6,0.08333333333333333,38,0.7894736842105263,0.2894736842105263,-0.11764705882352944,0.19999999999999998,1.105263157894737,0.21052631578947367,5.7731602282729e-05
008,1.0,8,0.0625,38,0.7368421052631579,0.3157894736842105,-0.027027027027027195,0.2192192192192192,1.105263157894737,0.21052631578947367,0.0029839330818504095
008,1.0,10,0.05,38,0.7368421052631579,0.3157894736842105,-0.059233449477351874,0.21769733534439417,1.105263157894737,0.21052631578947367,6.287571977736661e-06
008,1.0,12,0.041666666666666664,38,0.7368421052631579,0.34210526315789475,-0.05555555555555558,0.23750000000000002,1.105263157894737,0.21052631578947367,0.002988709369674325
008,1.0,14,0.03571428571428571,38,0.7894736842105263,0.2631578947368421,0.03293413173652693,0.2983974358974359,1.105263157894737,0.21052631578947367,0.0039745112881064415
008,1.0,16,0.03125,38,0.8947368421052632,0.2631578947368421,-0.02102803738317749,0.24806674806674808,1.105263157894737,0.21052631578947367,2.2697011445416138e-05
008,1.0,20,0.025,38,1.131578947368421,0.23684210526315788,0.002956393200295726,0.22291840712893343,1.105263157894737,0.21052631578947367,3.9139504224294797e-05
008,1.0,25,0.02,38,0.8947368421052632,0.2894736842105263,0.057851239669421406,0.26395226395226395,1.105263157894737,0.21052631578947367,3.204456515959464e-05
008,1.0,30,0.016666666666666666,38,0.8157894736842105,0.3684210526315789,0.011560693641618491,0.3348121261006923,1.105263157894737,0.21052631578947367,8.494197572872508e-06
008,1.0,40,0.0125,38,0.9210526315789473,0.3157894736842105,-0.03070624360286578,0.29112968768141184,1.105263157894737,0.21052631578947367,5.888454325031489e-06
008,1.0,50,0.01,38,0.8421052631578947,0.34210526315789475,0.0,0.31551551551551554,1.105263157894737,0.21052631578947367,2.0274130747566232e-06
008,1.0,60,0.008333333333333333,38,0.6842105263157895,0.4473684210526316,0.057851239669421295,0.3939858591021381,1.105263157894737,0.21052631578947367,0.006067747715860605
008,1.0,75,0.006666666666666667,38,0.631578947368421,0.5,0.08757062146892658,0.42671957671957667,1.105263157894737,0.21052631578947367,6.376037163136061e-06
008,2.0,1,1.0,38,0.8157894736842105,0.34210526315789475,0.031217481789802326,0.25229885057471263,1.105263157894737,0.21052631578947367,4.4659180275630206e-05
008,2.0,2,0.5,38,0.9210526315789473,0.2894736842105263,0.057441253263707526,0.1717948717948718,1.105263157894737,0.21052631578947367,0.002066622022539377
008,2.0,3,0.3333333333333333,38,1.3421052631578947,0.10526315789473684,0.08922638822971052,0.06785773366418528,1.105263157894737,0.21052631578947367,0.004418295808136463
008,2.0,4,0.25,38,1.0,0.18421052631578946,0.13028169014084512,0.13929618768328444,1.105263157894737,0.21052631578947367,0.01496330089867115
008,2.0,5,0.2,38,0.8157894736842105,0.2631578947368421,-0.04148148148148145,0.18026418026418026,1.105263157894737,0.21052631578947367,6.301706889644265e-05
008,2.0,6,0.16666666666666666,38,0.7894736842105263,0.2631578947368421,-0.1254355400696865,0.1809954751131222,1.105263157894737,0.21052631578947367,0.0009376351954415441
008,2.0,8,0.125,38,0.7105263157894737,0.3157894736842105,-0.011009174311926495,0.21621621621621623,1.105263157894737,0.21052631578947367,0.0020936764776706696
008,2.0,10,0.1,38,0.6842105263157895,0.34210526315789475,0.00746268656716409,0.23391812865497075,1.105263157894737,0.21052631578947367,9.811253221414518e-06
008,2.0,12,0.08333333333333333,38,0.7368421052631579,0.3157894736842105,-0.059233449477351874,0.21769733534439417,1.105263157894737,0.21052631578947367,0.0001336180284852162
008,2.0,14,0.07142857142857142,38,0.7631578947368421,0.2894736842105263,0.04855842185129,0.31451612903225806,1.105263157894737,0.21052631578947367,7.024672231636941e-05
008,2.0,16,0.0625,38,0.8421052631578947,0.2894736842105263,0.0025000000000000577,0.2714285714285714,1.105263157894737,0.21052631578947367,4.739134237752296e-05
008,2.0,20,0.05,38,1.105263157894737,0.23684210526315788,0.010719754977029039,0.2205387205387205,1.105263157894737,0.21052631578947367,0.00022861058823764324
008,2.0,25,0.04,38,0.8947368421052632,0.2894736842105263,0.057851239669421406,0.26395226395226395,1.105263157894737,0.21052631578947367,0.0010662847198545933
008,2.0,30,0.03333333333333333,38,0.7894736842105263,0.39473684210526316,0.02336448598130847,0.35368335368335363,1.105263157894737,0.21052631578947367,0.0012745922431349754
008,2.0,40,0.025,38,0.8947368421052632,0.34210526315789475,-0.02066115702479343,0.3115713115713116,1.105263157894737,0.21052631578947367,3.054273111047223e-05
008,2.0,50,0.02,38,0.8421052631578947,0.3157894736842105,0.0,0.30092592592592593,1.105263157894737,0.21052631578947367,9.378079084854107e-06
008,2.0,60,0.016666666666666666,38,0.631578947368421,0.4473684210526316,0.09810126582278478,0.4229235880398671,1.105263157894737,0.21052631578947367,0.00012972801050636917
008,2.0,75,0.013333333333333334,38,0.631578947368421,0.47368421052631576,0.09253731343283578,0.42113442113442107,1.105263157894737,0.21052631578947367,4.622611413651612e-06
009,0.005,1,0.0025,40,1.6,0.3,0.0,0.15384615384615385,1.3,0.5,1.8870521216740599e-06
009,0.005,2,0.00125,40,1.0,0.65,0.43143812709030105,0.4830917874396135,1.3,0.5,1.9056295741393114e-06
009,0.005,3,0.0008333333333333334,40,1.0,0.525,0.5524475524475525,0.36753246753246754,1.3,0.5,1.5440170955116628e-06
009,0.005,4,0.000625,40,1.675,0.5,0.1610139235987148,0.31341991341991343,1.3,0.5,1.8630006479725125e-06
009,0.005,5,0.0005,40,1.675,0.5,0.1610139235987148,0.31341991341991343,1.3,0.5,1.6062364238678128e-06
009,0.005,6,0.0004166666666666667,40,1.675,0.5,0.1610139235987148,0.31341991341991343,1.3,0.5,2.4617584131192416e-06
009,0.005,8,0.0003125,40,1.675,0.5,0.1610139235987148,0.31341991341991343,1.3,0.5,6.5189460656256415e-06
009,0.005,10,0.00025,40,1.675,0.5,0.1610139235987148,0.31341991341991343,1.3,0.5,1.4301050214271527e-05
009,0.005,12,0.00020833333333333335,40,1.675,0.5,0.1610139235987148,0.31341991341991343,1.3,0.5,1.4697682672704104e-05
009,0.005,14,0.00017857142857142857,40,1.675,0.5,0.1610139235987148,0.31341991341991343,1.3,0.5,1.4690293937746901e-05
009,0.005,16,0.00015625,40,1.675,0.5,0.1610139235987148,0.31341991341991343,1.3,0.5,1.267832521989476e-05
009,0.005,20,0.000125,40,1.85,0.45,0.016641452344932084,0.15789473684210525,1.3,0.5,4.1538085497450083e-05
009,0.005,25,0.0001,40,1.225,0.65,0.40362438220757824,0.5345804988662132,1.3,0.5,5.653097468893975e-05
009,0.005,30,8.333333333333333e-05,40,1.175,0.65,0.4437299035369775,0.44753086419753085,1.3,0.5,7.421842747135088e-05
009,0.005,40,6.25e-05,40,0.925,0.725,0.5628930817610063,0.49583333333333335,1.3,0.5,8.292961138067767e-05
009,0.005,50,5e-05,40,0.825,0.75,0.61198738170347,0.5151515151515151,1.3,0.5,0.00010796280548674986
009,0.005,60,4.1666666666666665e-05,40,0.675,0.8,0.6867088607594937,0.5535795713634291,1.3,0.5,0.00017286144429817796
009,0.005,75,3.3333333333333335e-05,40,1.0,0.7,0.5136153450933378,0.620536540240518,1.3,0.5,0.0003160708292853087
009,0.005,90,2.777777777777778e-05,40,0.975,0.7,0.5161290322580645,0.6424986361156574,1.3,0.5,0.000279002299066633
009,0.01,1,0.005,40,1.6,0.3,0.0,0.15384615384615385,1.3,0.5,4.293885780271012e-08
009,0.01,2,0.0025,40,1.0,0.65,0.43143812709030105,0.4830917874396135,1.3,0.5,3.124871028603593e-08
009,0.01,3,0.0016666666666666668,40,0.975,0.525,0.5743834526650755,0.37077922077922076,1.3,0.5,3.060809206090198e-08
009,0.01,4,0.00125,40,1.675,0.5,0.1610139235987148,0.31341991341991343,1.3,0.5,3.1588953675054654e-08
009,0.01,5,0.001,40,1.675,0.5,0.1610139235987148,0.31341991341991343,1.3,0.5,2.828789114062147e-08
009,0.01,6,0.0008333333333333334,40,1.675,0.5,0.1610139235987148,0.31341991341991343,1.3,0.5,4.428132172051846e-08
009,0.01,8,0.000625,40,1.675,0.5,0.1610139235987148,0.31341991341991343,1.3,0.5,1.925410515468684e-07
009,0.01,10,0.0005,40,1.675,0.5,0.1610139235987148,0.31341991341991343,1.3,0.5,1.128676785810967e-06
009,0.01,12,0.0004166666666666667,40,1.675,0.5,0.1610139235987148,0.31341991341991343,1.3,0.5,1.4340967027237639e-06
009,0.01,14,0.00035714285714285714,40,1.675,0.5,0.1610139235987148,0.31341991341991343,1.3,0.5,1.5528888752669445e-06
009,0.01,16,0.0003125,40,1.675,0.5,0.1610139235987148,0.31341991341991343,1.3,0.5,1.3509302334568929e-06
009,0.01,20,0.00025,40,1.85,0.45,0.016641452344932084,0.15789473684210525,1.3,0.5,1.0141114216821734e-05
009,0.01,25,0.0002,40,1.375,0.6,0.340185676392573,0.4171122994652407,1.3,0.5,1.2255895853741094e-05
009,0.01,30,0.00016666666666666666,40,1.375,0.6,0.340185676392573,0.4171122994652407,1.3,0.5,2.094124283757992e-05
009,0.01,40,0.000125,40,0.925,0.725,0.5628930817610063,0.49583333333333335,1.3,0.5,2.891585791076068e-05
009,0.01,50,0.0001,40,0.825,0.75,0.61198738170347,0.5151515151515151,1.3,0.5,6.260299414861947e-05
009,0.01,60,8.333333333333333e-05,40,0.675,0.8,0.6867088607594937,0.5535795713634291,1.3,0.5,0.00011105110024800524
009,0.01,75,6.666666666666667e-05,40,0.9,0.725,0.5681233933161954,0.6442028985507245,1.3,0.5,0.0002436594368191436
009,0.01,90,5.555555555555556e-05,40,0.825,0.75,0.5836298932384342,0.7142191142191142,1.3,0.5,0.0001713308593025431
009,0.02,1,0.01,40,1.6,0.3,0.0,0.15384615384615385,1.3,0.5,2.404004135314608e-06
009,0.02,2,0.005,40,1.05,0.625,0.41373534338358464,0.34782608695652173,1.3,0.5,2.928572939708829e-08
009,0.02,3,0.0033333333333333335,40,0.95,0.525,0.5867768595041323,0.37431077694235587,1.3,0.5,2.672320675856099e-08
009,0.02,4,0.0025,40,1.675,0.5,0.1610139235987148,0.31341991341991343,1.3,0.5,2.8228541282260267e-08
009,0.02,5,0.002,40,1.675,0.5,0.1610139235987148,0.31341991341991343,1.3,0.5,2.5656696323039796e-08
009,0.02,6,0.0016666666666666668,40,1.675,0.5,0.1610139235987148,0.31341991341991343,1.3,0.5,2.3419559624926478e-08
009,0.02,8,0.00125,40,1.675,0.5,0.1610139235987148,0.31341991341991343,1.3,0.5,1.927511839028284e-08
009,0.02,10,0.001,40,1.675,0.5,0.1610139235987148,0.31341991341991343,1.3,0.5,1.9894603298098446e-08
009,0.02,12,0.0008333333333333334,40,1.675,0.5,0.1610139235987148,0.31341991341991343,1.3,0.5,1.7281420738868292e-08
009,0.02,14,0.0007142857142857143,40,1.725,0.5,0.13183279742765264,0.23506493506493506,1.3,0.5,1.8867124751409392e-08
009,0.02,16,0.000625,40,1.675,0.5,0.1610139235987148,0.31341991341991343,1.3,0.5,2.094654760753656e-08
009,0.02,20,0.0005,40,1.85,0.45,0.016641452344932084,0.15789473684210525,1.3,0.5,3.629828313478356e-07
009,0.02,25,0.0004,40,1.45,0.575,0.29729729729729726,0.3974358974358974,1.3,0.5,3.7265442642819835e-07
009,0.02,30,0.0003333333333333333,40,1.45,0.575,0.29729729729729726,0.3974358974358974,1.3,0.5,1.4078482308832463e-06
009,0.02,40,0.00025,40,1.0,0.7,0.5292620865139949,0.4830917874396135,1.3,0.5,3.7393654110928765e-06
009,0.02,50,0.0002,40,0.825,0.75,0.61198738170347,0.5151515151515151,1.3,0.5,1.8369004465057515e-05
009,0.02,60,0.00016666666666666666,40,0.775,0.775,0.637223974763407,0.5353535353535354,1.3,0.5,3.759827450267039e-05
009,0.02,75,0.00013333333333333334,40,0.9,0.725,0.5681233933161954,0.6442028985507245,1.3,0.5,0.00011457840446382761
009,0.02,90,0.00011111111111111112,40,0.75,0.775,0.6216500262743037,0.7449494949494949,1.3,0.5,5.123587106936611e-05
009,0.05,1,0.025,40,1.6,0.3,0.0,0.15384615384615385,1.3,0.5,3.692487737794181e-08
009,0.05,2,0.0125,40,1.05,0.625,0.41373534338358464,0.34782608695652173,1.3,0.5,2.1814969386468874e-06
009,0.05,3,0.008333333333333333,40,0.975,0.525,0.5795918367346939,0.36492499364352915,1.3,0.5,1.2604710718733259e-05
009,0.05,4,0.00625,40,1.675,0.5,0.1610139235987148,0.31341991341991343,1.3,0.5,2.7330550267379294e-08
009,0.05,5,0.005,40,1.675,0.5,0.1610139235987148,0.31341991341991343,1.3,0.5,2.1590874865751175e-08
009,0.05,6,0.004166666666666667,40,1.675,0.5,0.1610139235987148,0.31341991341991343,1.3,0.5,1.9896409853004116e-08
009,0.05,8,0.003125,40,1.675,0.5,0.1610139235987148,0.31341991341991343,1.3,0.5,1.7523722917189843e-08
009,0.05,10,0.0025,40,1.675,0.5,0.1610139235987148,0.31341991341991343,1.3,0.5,1.7454624412494013e-08
009,0.05,12,0.0020833333333333333,40,1.7,0.5,0.1469534050179212,0.23506493506493506,1.3,0.5,1.5972716482792748e-08
009,0.05,14,0.0017857142857142859,40,1.725,0.5,0.13183279742765264,0.23506493506493506,1.3,0.5,1.7357612236423847e-08
009,0.05,16,0.0015625,40,1.675,0.5,0.1610139235987148,0.31341991341991343,1.3,0.5,1.6706906080798944e-08
009,0.05,20,0.00125,40,1.85,0.45,0.016641452344932084,0.15789473684210525,1.3,0.5,6.222649773235389e-08
009,0.05,25,0.001,40,1.475,0.55,0.26948619363858795,0.2841880341880342,1.3,0.5,3.4040017027336944e-08
009,0.05,30,0.0008333333333333334,40,1.45,0.575,0.29729729729729726,0.3974358974358974,1.3,0.5,5.0097199277843174e-08
009,0.05,40,0.000625,40,1.025,0.675,0.5218228498074453,0.46776611694152925,1.3,0.5,6.416276221443695e-08
009,0.05,50,0.0005,40,0.825,0.75,0.61198738170347,0.5151515151515151,1.3,0.5,3.400204491299519e-07
009,0.05,60,0.0004166666666666667,40,0.775,0.775,0.637223974763407,0.5353535353535354,1.3,0.5,1.4298876749307965e-06
009,0.05,75,0.0003333333333333334,40,0.9,0.725,0.5681233933161954,0.6442028985507245,1.3,0.5,6.8216277213650756e-06
009,0.05,90,0.0002777777777777778,40,0.65,0.8,0.6853625170998632,0.7506747057134654,1.3,0.5,2.284689344378421e-06
009,0.1,1,0.05,40,1.45,0.3,0.13507109004739326,0.1,1.3,0.5,5.8367055544295e-07
009,0.1,2,0.025,40,1.1,0.6,0.3959731543624162,0.3320158102766798,1.3,0.5,2.063436532750984e-08
009,0.1,3,0.016666666666666666,40,0.925,0.55,0.5820766910814305,0.3979166666666667,1.3,0.5,4.705439948793355e-07
009,0.1,4,0.0125,40,1.675,0.5,0.1610139235987148,0.31341991341991343,1.3,0.5,2.5865867669949694e-08
009,0.1,5,0.01,40,1.675,0.5,0.1610139235987148,0.31341991341991343,1.3,0.5,2.1958582507863866e-08
009,0.1,6,0.008333333333333333,40,1.675,0.5,0.1610139235987148,0.31341991341991343,1.3,0.5,2.3000234605774494e-08
009,0.1,8,0.00625,40,1.675,0.5,0.1610139235987148,0.31341991341991343,1.3,0.5,1.5142500586762253e-08
009,0.1,10,0.005,40,1.675,0.5,0.1610139235987148,0.31341991341991343,1.3,0.5,1.57173083437101e-08
009,0.1,12,0.004166666666666667,40,1.725,0.5,0.13183279742765264,0.23506493506493506,1.3,0.5,1.4969028683253782e-08
009,0.1,14,0.0035714285714285718,40,1.725,0.5,0.13183279742765264,0.23506493506493506,1.3,0.5,1.647844349861316e-08
009,0.1,16,0.003125,40,1.675,0.5,0.1610139235987148,0.31341991341991343,1.3,0.5,1.5203923453555035e-08
009,0.1,20,0.0025,40,1.85,0.45,0.016641452344932084,0.15789473684210525,1.3,0.5,4.8383068218527114e-08
009,0.1,25,0.002,40,1.6,0.525,0.21185701830863124,0.34722222222222215,1.3,0.5,4.1229025526945406e-08
009,0.1,30,0.0016666666666666668,40,1.7,0.475,0.09785932721712531,0.2090909090909091,1.3,0.5,8.353185876330826e-08
009,0.1,40,0.00125,40,1.375,0.6,0.340185676392573,0.4171122994652407,1.3,0.5,4.1294068608976886e-08
009,0.1,50,0.001,40,0.975,0.725,0.5391849529780564,0.4974287050023376,1.3,0.5,6.428832222127312e-08
009,0.1,60,0.0008333333333333334,40,0.775,0.775,0.637223974763407,0.5353535353535354,1.3,0.5,3.3368525009791483e-07
009,0.1,75,0.0006666666666666668,40,0.9,0.725,0.556338028169014,0.6699604743083004,1.3,0.5,6.386473501152068e-07
009,0.1,90,0.0005555555555555556,40,0.55,0.825,0.7397260273972603,0.7714285714285714,1.3,0.5,0.00015331152826547623
009,0.2,1,0.1,40,1.225,0.325,0.3392857142857143,0.13268053855569156,1.3,0.5,3.71760870621074e-05
009,0.2,2,0.05,40,1.15,0.6,0.3666666666666667,0.2674772036474164,1.3,0.5,2.231492771898047e-06
009,0.2,3,0.03333333333333333,40,0.875,0.55,0.6065128900949797,0.31784873949579834,1.3,0.5,5.260864099909668e-07
009,0.2,4,0.025,40,1.675,0.5,0.1610139235987148,0.31341991341991343,1.3,0.5,5.861404872575804e-08
009,0.2,5,0.02,40,1.675,0.5,0.1610139235987148,0.31341991341991343,1.3,0.5,7.834702955733519e-06
009,0.2,6,0.016666666666666666,40,1.675,0.5,0.1610139235987148,0.31341991341991343,1.3,0.5,3.996244757331624e-08
009,0.2,8,0.0125,40,1.675,0.5,0.1610139235987148,0.31341991341991343,1.3,0.5,2.546262933833532e-08
009,0.2,10,0.01,40,1.675,0.5,0.1610139235987148,0.31341991341991343,1.3,0.5,4.42223928587282e-08
009,0.2,12,0.008333333333333333,40,1.725,0.5,0.13183279742765264,0.23506493506493506,1.3,0.5,1.3707580848176804e-08
009,0.2,14,0.0071428571428571435,40,1.725,0.5,0.13183279742765264,0.23506493506493506,1.3,0.5,1.2932471982196603e-08
009,0.2,16,0.00625,40,1.675,0.5,0.1610139235987148,0.31341991341991343,1.3,0.5,1.307885444390422e-08
009,0.2,20,0.005,40,1.85,0.45,0.016641452344932084,0.15789473684210525,1.3,0.5,5.5120374042871845e-08
009,0.2,25,0.004,40,1.675,0.5,0.13123844731977818,0.325019425019425,1.3,0.5,3.138805482194584e-08
009,0.2,30,0.0033333333333333335,40,1.7,0.475,0.09785932721712531,0.2090909090909091,1.3,0.5,3.3854306025205005e-08
009,0.2,40,0.0025,40,1.425,0.6,0.2935153583617748,0.4802819013345329,1.3,0.5,1.3296445899868559e-07
009,0.2,50,0.002,40,0.975,0.725,0.5391849529780564,0.4974287050023376,1.3,0.5,8.409807605858077e-07
009,0.2,60,0.0016666666666666668,40,0.875,0.75,0.5880503144654088,0.5166666666666667,1.3,0.5,4.42022489721694e-08
009,0.2,75,0.0013333333333333335,40,0.825,0.725,0.604982206405694,0.6629370629370629,1.3,0.5,4.920441369904438e-06
009,0.2,90,0.0011111111111111111,40,0.55,0.825,0.7397260273972603,0.7714285714285714,1.3,0.5,2.7041667181038065e-06
009,0.5,1,0.25,40,0.75,0.425,0.735632183908046,0.23695652173913043,1.3,0.5,0.00017952908820006996
009,0.5,2,0.125,40,1.2,0.6,0.3322203672787981,0.2731914893617021,1.3,0.5,6.646898782491917e-06
009,0.5,3,0.08333333333333333,40,0.875,0.55,0.6067167476800708,0.31471861471861473,1.3,0.5,1.6664631630192162e-06
009,0.5,4,0.0625,40,1.65,0.5,0.17027417027417024,0.23809523809523808,1.3,0.5,0.00023526890436187387
009,0.5,5,0.05,40,1.65,0.5,0.17027417027417024,0.23809523809523808,1.3,0.5,4.519526441981725e-07
009,0.5,6,0.041666666666666664,40,1.675,0.5,0.13123844731977818,0.325019425019425,1.3,0.5,0.0016145281260833144
009,0.5,8,0.03125,40,1.7,0.5,0.11639131241878609,0.24696969696969695,1.3,0.5,1.814967845348292e-06
009,0.5,10,0.025,40,1.675,0.5,0.1610139235987148,0.31341991341991343,1.3,0.5,0.0006435345858335495
009,0.5,12,0.020833333333333332,40,1.725,0.5,0.13183279742765264,0.23506493506493506,1.3,0.5,3.128468233626336e-05
009,0.5,14,0.017857142857142856,40,1.725,0.5,0.13183279742765264,0.23506493506493506,1.3,0.5,2.186639491696951e-08
009,0.5,16,0.015625,40,1.675,0.5,0.1610139235987148,0.31341991341991343,1.3,0.5,7.826462024240755e-06
009,0.5,20,0.0125,40,1.825,0.45,0.032874617737003176,0.1285714285714286,1.3,0.5,1.4317420493625832e-07
009,0.5,25,0.01,40,1.725,0.45,0.08281733746130027,0.16363636363636364,1.3,0.5,1.5666697095184645e-07
009,0.5,30,0.008333333333333333,40,1.7,0.475,0.09785932721712531,0.2090909090909091,1.3,0.5,8.659777250841216e-08
009,0.5,40,0.00625,40,1.575,0.55,0.13990825688073383,0.4161616161616162,1.3,0.5,2.2225910356610257e-07
009,0.5,50,0.005,40,1.1,0.675,0.480266363488712,0.35815602836879434,1.3,0.5,4.1660623395500807e-08
009,0.5,60,0.004166666666666667,40,1.125,0.675,0.46945337620578775,0.47222222222222215,1.3,0.5,5.226905159361195e-06
009,0.5,75,0.0033333333333333335,40,0.825,0.725,0.5938529088913282,0.6777777777777777,1.3,0.5,0.000891747185960412
009,0.5,90,0.002777777777777778,40,0.525,0.85,0.7395833333333333,0.8244348244348244,1.3,0.5,4.319165600463748e-05
009,1.0,1,0.5,40,0.625,0.5,0.7894168466522677,0.27791563275434245,1.3,0.5,0.0005342292715795338
009,1.0,2,0.25,40,1.2,0.6,0.32659932659932667,0.3456521739130435,1.3,0.5,0.00011699173046508804
009,1.0,3,0.16666666666666666,40,0.9,0.55,0.5855379188712522,0.40476190476190477,1.3,0.5,0.00033817943767644465
009,1.0,4,0.125,40,1.625,0.5,0.17973022238425074,0.2412398921832884,1.3,0.5,0.00028934894362464547
009,1.0,5,0.1,40,1.625,0.5,0.17973022238425074,0.2412398921832884,1.3,0.5,3.824962550424971e-05
009,1.0,6,0.08333333333333333,40,1.7,0.5,0.11639131241878609,0.24696969696969695,1.3,0.5,0.00015524160698987544
009,1.0,8,0.0625,40,1.7,0.5,0.11639131241878609,0.24696969696969695,1.3,0.5,0.00013040851627010852
009,1.0,10,0.05,40,1.675,0.5,0.1610139235987148,0.31341991341991343,1.3,0.5,3.205098619218916e-05
009,1.0,12,0.041666666666666664,40,1.725,0.5,0.13183279742765264,0.23506493506493506,1.3,0.5,6.206468970049173e-05
009,1.0,14,0.03571428571428571,40,1.725,0.5,0.13183279742765264,0.23506493506493506,1.3,0.5,1.4938027561584022e-06
009,1.0,16,0.03125,40,1.7,0.5,0.1469534050179212,0.23506493506493506,1.3,0.5,1.8628064424319746e-07
009,1.0,20,0.025,40,1.8,0.45,0.04173106646058733,0.13090909090909092,1.3,0.5,5.427402811619686e-07
009,1.0,25,0.02,40,1.725,0.45,0.08281733746130027,0.16363636363636364,1.3,0.5,3.3775031624827534e-05
009,1.0,30,0.016666666666666666,40,1.7,0.475,0.09785932721712531,0.2090909090909091,1.3,0.5,1.8661970102584746e-07
009,1.0,40,0.0125,40,1.65,0.5,0.11538461538461542,0.20046620046620048,1.3,0.5,6.168332333800208e-08
009,1.0,50,0.01,40,1.325,0.625,0.366710875331565,0.447415329768271,1.3,0.5,2.2490372941774694e-07
009,1.0,60,0.008333333333333333,40,1.425,0.575,0.31399317406143346,0.40620782726045884,1.3,0.5,0.002879159990698099
009,1.0,75,0.006666666666666667,40,0.85,0.75,0.5728506787330316,0.5443223443223444,1.3,0.5,2.1004892914788797e-05
009,1.0,90,0.005555555555555556,40,0.725,0.775,0.6497919556171983,0.7212121212121212,1.3,0.5,0.0001651125494390726
009,2.0,1,1.0,40,0.85,0.5,0.6161825726141079,0.29333333333333333,1.3,0.5,0.00016163245891220868
009,2.0,2,0.5,40,1.175,0.6,0.33986371379897784,0.35,1.3,0.5,7.906211249064654e-05
009,2.0,3,0.3333333333333333,40,1.0,0.55,0.5179666958808063,0.3242334771746537,1.3,0.5,0.0018053371459245682
009,2.0,4,0.25,40,1.575,0.5,0.19778188539741204,0.1956043956043956,1.3,0.5,0.00020480022067204118
009,2.0,5,0.2,40,1.575,0.5,0.19778188539741204,0.1956043956043956,1.3,0.5,0.0018293018219992518
009,2.0,6,0.16666666666666666,40,1.7,0.5,0.08320493066255763,0.23506493506493506,1.3,0.5,0.0006153560243546963
009,2.0,8,0.125,40,1.725,0.5,0.06682027649769573,0.23506493506493506,1.3,0.5,0.012872106395661831
009,2.0,10,0.1,40,1.7,0.5,0.1469534050179212,0.23506493506493506,1.3,0.5,0.0010019888868555427
009,2.0,12,0.08333333333333333,40,1.725,0.5,0.13183279742765264,0.23506493506493506,1.3,0.5,2.1896827092859894e-05
009,2.0,14,0.07142857142857142,40,1.725,0.5,0.13183279742765264,0.23506493506493506,1.3,0.5,0.0001395277795381844
009,2.0,16,0.0625,40,1.7,0.5,0.1469534050179212,0.23506493506493506,1.3,0.5,2.6684407202992588e-05
009,2.0,20,0.05,40,1.775,0.45,0.050387596899224785,0.13090909090909092,1.3,0.5,0.00010508452396607026
009,2.0,25,0.04,40,1.725,0.45,0.08281733746130027,0.16363636363636364,1.3,0.5,2.2644835553364828e-05
009,2.0,30,0.03333333333333333,40,1.7,0.475,0.09785932721712531,0.2090909090909091,1.3,0.5,2.561649523613596e-07
009,2.0,40,0.025,40,1.625,0.525,0.12327718223583461,0.28354978354978355,1.3,0.5,5.88046660254804e-08
009,2.0,50,0.02,40,1.45,0.575,0.27415050702721944,0.34411764705882353,1.3,0.5,3.7843065001652576e-06
009,2.0,60,0.016666666666666666,40,1.55,0.55,0.20749279538904886,0.31526586620926245,1.3,0.5,1.5527148207183927e-05
009,2.0,75,0.013333333333333334,40,0.925,0.7,0.5496155254485537,0.49038461538461536,1.3,0.5,0.0046302564442157745
009,2.0,90,0.011111111111111112,40,0.825,0.75,0.5973847212663455,0.5111111111111111,1.3,0.5,1.6854532987053972e-06
010,0.005,1,0.0025,38,2.210526315789474,0.15789473684210525,-0.1148760330578511,0.11025641025641027,2.0789473684210527,0.10526315789473684,1.6361461518954457e-07
010,0.005,2,0.00125,38,2.1315789473684212,0.2631578947368421,-0.09258874818351659,0.15507142857142858,2.0789473684210527,0.10526315789473684,8.452592226149136e-08
010,0.005,3,0.0008333333333333334,38,2.1578947368421053,0.34210526315789475,-0.10526315789473695,0.1897560975609756,2.0789473684210527,0.10526315789473684,8.704991927288575e-08
010,0.005,4,0.000625,38,1.2894736842105263,0.47368421052631576,0.2003801248981807,0.31684981684981683,2.0789473684210527,0.10526315789473684,2.387635333889193e-07
010,0.005,5,0.0005,38,1.131578947368421,0.5263157894736842,0.1788944723618091,0.2733333333333333,2.0789473684210527,0.10526315789473684,4.452680514077656e-06
010,0.005,6,0.0004166666666666667,38,1.2105263157894737,0.5526315789473685,0.06037251123956322,0.296,2.0789473684210527,0.10526315789473684,4.125886334804818e-06
010,0.005,8,0.0003125,38,1.2894736842105263,0.5526315789473685,0.03312255344775683,0.29210884353741495,2.0789473684210527,0.10526315789473684,8.448436346952803e-06
010,0.005,10,0.00025,38,1.131578947368421,0.631578947368421,0.18485459257126402,0.39956122309063485,2.0789473684210527,0.10526315789473684,6.871247023809701e-05
010,0.005,12,0.00020833333333333335,38,1.105263157894737,0.631578947368421,0.20318960425280574,0.324777183600713,2.0789473684210527,0.10526315789473684,0.00012531124230008572
010,0.005,14,0.00017857142857142857,38,0.9473684210526315,0.7105263157894737,0.18169582772543746,0.5763202555655386,2.0789473684210527,0.10526315789473684,0.000170119950780645
010,0.005,16,0.00015625,38,0.9473684210526315,0.7105263157894737,0.18169582772543746,0.5763202555655386,2.0789473684210527,0.10526315789473684,0.00017252743418794125
010,0.005,20,0.000125,38,0.9473684210526315,0.7105263157894737,0.18169582772543746,0.5763202555655386,2.0789473684210527,0.10526315789473684,0.00025672646006569266
010,0.005,25,0.0001,38,1.0,0.7105263157894737,0.06205923836389271,0.5308176100628931,2.0789473684210527,0.10526315789473684,0.00022977637127041817
010,0.005,30,8.333333333333333e-05,38,0.8421052631578947,0.7631578947368421,0.2328398384925976,0.6365179195367875,2.0789473684210527,0.10526315789473684,0.0001970187295228243
010,0.005,40,6.25e-05,38,0.8947368421052632,0.7631578947368421,0.11565585331452743,0.5878406708595388,2.0789473684210527,0.10526315789473684,0.00020143555593676865
010,0.005,50,5e-05,38,0.9473684210526315,0.7105263157894737,0.12769010043041618,0.525925925925926,2.0789473684210527,0.10526315789473684,0.0001998886582441628
010,0.005,60,4.1666666666666665e-05,38,0.7894736842105263,0.7368421052631579,0.3691899070385126,0.6484509145203434,2.0789473684210527,0.10526315789473684,0.0001882888755062595
010,0.005,75,3.3333333333333335e-05,38,0.631578947368421,0.8157894736842105,0.4535947712418301,0.7183333333333333,2.0789473684210527,0.10526315789473684,0.00019581057131290436
010,0.005,90,2.777777777777778e-05,38,0.5789473684210527,0.8157894736842105,0.5481852315394242,0.7418181818181818,2.0789473684210527,0.10526315789473684,0.00022364023607224226
010,0.01,1,0.005,38,2.236842105263158,0.13157894736842105,-0.13928045444982118,0.09671794871794873,2.0789473684210527,0.10526315789473684,3.021251515633594e-08
010,0.01,2,0.0025,38,2.1315789473684212,0.23684210526315788,-0.1109929832022114,0.14308755760368663,2.0789473684210527,0.10526315789473684,2.2376301700433032e-08
010,0.01,3,0.0016666666666666668,38,2.1578947368421053,0.34210526315789475,-0.10526315789473695,0.1897560975609756,2.0789473684210527,0.10526315789473684,2.263387344214607e-08
010,0.01,4,0.00125,38,1.3421052631578947,0.42105263157894735,0.16419165032221905,0.2890225563909774,2.0789473684210527,0.10526315789473684,3.463093989353183e-08
010,0.01,5,0.001,38,1.1578947368421053,0.5526315789473685,0.12153236459709371,0.2828368794326241,2.0789473684210527,0.10526315789473684,5.2822823448650524e-08
010,0.01,6,0.0008333333333333334,38,1.131578947368421,0.5789473684210527,0.10580980201233348,0.30117647058823527,2.0789473684210527,0.10526315789473684,5.828283278219715e-08
010,0.01,8,0.000625,38,1.368421052631579,0.5263157894736842,0.010650887573964596,0.2217948717948718,2.0789473684210527,0.10526315789473684,3.2034247965384566e-07
010,0.01,10,0.0005,38,1.131578947368421,0.631578947368421,0.18485459257126402,0.39956122309063485,2.0789473684210527,0.10526315789473684,1.3789443983114325e-05
010,0.01,12,0.0004166666666666667,38,1.2105263157894737,0.5789473684210527,0.09186840471756685,0.3246998284734134,2.0789473684210527,0.10526315789473684,4.266359974280931e-05
010,0.01,14,0.00035714285714285714,38,0.9473684210526315,0.7105263157894737,0.18169582772543746,0.5763202555655386,2.0789473684210527,0.10526315789473684,6.661668157903478e-05
010,0.01,16,0.0003125,38,0.9473684210526315,0.7105263157894737,0.18169582772543746,0.5763202555655386,2.0789473684210527,0.10526315789473684,7.965404802234843e-05
010,0.01,20,0.00025,38,0.9473684210526315,0.7105263157894737,0.18169582772543746,0.5763202555655386,2.0789473684210527,0.10526315789473684,0.0001721264998195693
010,0.01,25,0.0002,38,1.0,0.7105263157894737,0.06205923836389271,0.5308176100628931,2.0789473684210527,0.10526315789473684,0.0001756650017341599
010,0.01,30,0.00016666666666666666,38,0.8421052631578947,0.7631578947368421,0.2328398384925976,0.6365179195367875,2.0789473684210527,0.10526315789473684,0.00014615047257393599
010,0.01,40,0.000125,38,0.8947368421052632,0.7631578947368421,0.11565585331452743,0.5878406708595388,2.0789473684210527,0.10526315789473684,0.00014209157961886376
010,0.01,50,0.0001,38,0.8947368421052632,0.7368421052631579,0.15977175463623383,0.5490196078431372,2.0789473684210527,0.10526315789473684,0.00015931876259855926
010,0.01,60,8.333333333333333e-05,38,0.7894736842105263,0.7368421052631579,0.3691899070385126,0.6484509145203434,2.0789473684210527,0.10526315789473684,0.00015108581283129752
010,0.01,75,6.666666666666667e-05,38,0.631578947368421,0.8157894736842105,0.4535947712418301,0.7183333333333333,2.0789473684210527,0.10526315789473684,0.00014925244613550603
010,0.01,90,5.555555555555556e-05,38,0.5789473684210527,0.8157894736842105,0.5481852315394242,0.7418181818181818,2.0789473684210527,0.10526315789473684,0.00017949708853848279
010,0.02,1,0.01,38,2.236842105263158,0.13157894736842105,-0.13928045444982118,0.09671794871794873,2.0789473684210527,0.10526315789473684,2.7864507146091455e-08
010,0.02,2,0.005,38,2.1315789473684212,0.23684210526315788,-0.1109929832022114,0.14308755760368663,2.0789473684210527,0.10526315789473684,1.7619862902051864e-08
010,0.02,3,0.0033333333333333335,38,2.210526315789474,0.2631578947368421,-0.14326647564469908,0.1236842105263158,2.0789473684210527,0.10526315789473684,1.8337392049261325e-08
010,0.02,4,0.0025,38,1.4210526315789473,0.3684210526315789,0.12705615428247297,0.2644444444444445,2.0789473684210527,0.10526315789473684,3.1158327828961774e-07
010,0.02,5,0.002,38,1.131578947368421,0.5526315789473685,0.13262245918027304,0.28579710144927534,2.0789473684210527,0.10526315789473684,7.330887541456832e-08
010,0.02,6,0.0016666666666666668,38,1.105263157894737,0.6052631578947368,0.11969111969111967,0.3061538461538461,2.0789473684210527,0.10526315789473684,3.8050121276000937e-08
010,0.02,8,0.00125,38,1.368421052631579,0.5263157894736842,0.010650887573964596,0.2217948717948718,2.0789473684210527,0.10526315789473684,4.55983304448182e-08
010,0.02,10,0.001,38,1.1842105263157894,0.6052631578947368,0.16680997420464327,0.3596153846153846,2.0789473684210527,0.10526315789473684,3.974805622419808e-07
010,0.02,12,0.0008333333333333334,38,1.105263157894737,0.6052631578947368,0.15473887814313347,0.3351851851851852,2.0789473684210527,0.10526315789473684,3.4413947105349507e-06
010,0.02,14,0.0007142857142857143,38,1.0,0.6842105263157895,0.16064257028112439,0.5384615384615384,2.0789473684210527,0.10526315789473684,6.447307441703742e-06
010,0.02,16,0.000625,38,0.9473684210526315,0.7105263157894737,0.18169582772543746,0.5763202555655386,2.0789473684210527,0.10526315789473684,1.026566587825073e-05
010,0.02,20,0.0005,38,0.9473684210526315,0.7105263157894737,0.18169582772543746,0.5763202555655386,2.0789473684210527,0.10526315789473684,5.2460985898505896e-05
010,0.02,25,0.0004,38,1.0,0.7105263157894737,0.06205923836389271,0.5308176100628931,2.0789473684210527,0.10526315789473684,7.238920807139948e-05
010,0.02,30,0.0003333333333333333,38,0.8421052631578947,0.7631578947368421,0.2328398384925976,0.6365179195367875,2.0789473684210527,0.10526315789473684,6.146612577140331e-05
010,0.02,40,0.00025,38,0.8947368421052632,0.7631578947368421,0.11565585331452743,0.5878406708595388,2.0789473684210527,0.10526315789473684,5.815326949232258e-05
010,0.02,50,0.0002,38,0.8947368421052632,0.7368421052631579,0.15977175463623383,0.5490196078431372,2.0789473684210527,0.10526315789473684,8.479104144498706e-05
010,0.02,60,0.00016666666666666666,38,0.7894736842105263,0.7368421052631579,0.3691899070385126,0.6484509145203434,2.0789473684210527,0.10526315789473684,7.680290582356974e-05
010,0.02,75,0.00013333333333333334,38,0.7105263157894737,0.7894736842105263,0.36731891520768967,0.49430555555555555,2.0789473684210527,0.10526315789473684,7.776328129693866e-05
010,0.02,90,0.00011111111111111112,38,0.5789473684210527,0.8157894736842105,0.5481852315394242,0.7418181818181818,2.0789473684210527,0.10526315789473684,9.963754564523697e-05
010,0.05,1,0.025,38,2.263157894736842,0.10526315789473684,-0.14980956411341517,0.08133333333333333,2.0789473684210527,0.10526315789473684,2.953547273421009e-08
010,0.05,2,0.0125,38,2.1315789473684212,0.23684210526315788,-0.1109929832022114,0.14308755760368663,2.0789473684210527,0.10526315789473684,2.5195365793706515e-08
010,0.05,3,0.008333333333333333,38,2.236842105263158,0.2631578947368421,-0.15233816622421914,0.1236842105263158,2.0789473684210527,0.10526315789473684,1.4906261114333574e-08
010,0.05,4,0.00625,38,1.631578947368421,0.34210526315789475,0.020822488287350338,0.2534453781512605,2.0789473684210527,0.10526315789473684,0.0011690612882375717
010,0.05,5,0.005,38,1.131578947368421,0.5789473684210527,0.1072975674775073,0.312463768115942,2.0789473684210527,0.10526315789473684,2.2106290487045044e-07
010,0.05,6,0.004166666666666667,38,1.0789473684210527,0.631578947368421,0.1333333333333333,0.3109433962264151,2.0789473684210527,0.10526315789473684,3.479414800722225e-08
010,0.05,8,0.003125,38,1.394736842105263,0.5263157894736842,-0.020545934840035196,0.2191823899371069,2.0789473684210527,0.10526315789473684,2.853419367454535e-08
010,0.05,10,0.0025,38,1.1842105263157894,0.6052631578947368,0.10526315789473684,0.3306397306397307,2.0789473684210527,0.10526315789473684,6.953699482892262e-08
010,0.05,12,0.0020833333333333333,38,1.131578947368421,0.5789473684210527,0.1455839534131349,0.29074074074074074,2.0789473684210527,0.10526315789473684,4.694830835205721e-08
010,0.05,14,0.0017857142857142859,38,0.9473684210526315,0.7105263157894737,0.19041278295605857,0.562962962962963,2.0789473684210527,0.10526315789473684,5.6964939432191386e-08
010,0.05,16,0.0015625,38,1.0,0.6842105263157895,0.16064257028112439,0.5384615384615384,2.0789473684210527,0.10526315789473684,5.133372127374969e-08
010,0.05,20,0.00125,38,1.0526315789473684,0.6578947368421053,0.09396914446002802,0.44973544973544977,2.0789473684210527,0.10526315789473684,6.54980055969645e-07
010,0.05,25,0.001,38,0.9473684210526315,0.7368421052631579,0.09396914446002802,0.5573192239858906,2.0789473684210527,0.10526315789473684,2.3142445115809096e-06
010,0.05,30,0.0008333333333333334,38,0.8421052631578947,0.7631578947368421,0.2328398384925976,0.6365179195367875,2.0789473684210527,0.10526315789473684,2.6191289634880377e-06
010,0.05,40,0.000625,38,0.9473684210526315,0.7368421052631579,0.09396914446002802,0.5573192239858906,2.0789473684210527,0.10526315789473684,2.8517108603409724e-06
010,0.05,50,0.0005,38,0.8947368421052632,0.7368421052631579,0.15977175463623383,0.5490196078431372,2.0789473684210527,0.10526315789473684,9.59980479819933e-06
010,0.05,60,0.0004166666666666667,38,0.7894736842105263,0.7368421052631579,0.3691899070385126,0.6484509145203434,2.0789473684210527,0.10526315789473684,6.890811164339539e-06
010,0.05,75,0.0003333333333333334,38,0.7368421052631579,0.7894736842105263,0.32789115646258504,0.653322440087146,2.0789473684210527,0.10526315789473684,9.918549949361477e-06
010,0.05,90,0.0002777777777777778,38,0.47368421052631576,0.8421052631578947,0.6562123039806997,0.7882086167800453,2.0789473684210527,0.10526315789473684,1.780001366569195e-05
010,0.1,1,0.05,38,2.236842105263158,0.10526315789473684,-0.16033755274261607,0.08294314381270904,2.0789473684210527,0.10526315789473684,3.583560470588054e-08
010,0.1,2,0.025,38,2.1315789473684212,0.23684210526315788,-0.1109929832022114,0.14308755760368663,2.0789473684210527,0.10526315789473684,3.075743038039036e-08
010,0.1,3,0.016666666666666666,38,2.263157894736842,0.23684210526315788,-0.1626283367556467,0.11486486486486487,2.0789473684210527,0.10526315789473684,2.584043556908e-08
010,0.1,4,0.0125,38,1.6578947368421053,0.3157894736842105,0.03951757762381303,0.22727272727272724,2.0789473684210527,0.10526315789473684,0.00013827538350597024
010,0.1,5,0.01,38,1.1578947368421053,0.5789473684210527,0.09163346613545809,0.3041304347826087,2.0789473684210527,0.10526315789473684,0.004191959742456675
010,0.1,6,0.008333333333333333,38,1.0789473684210527,0.631578947368421,0.1333333333333333,0.3109433962264151,2.0789473684210527,0.10526315789473684,7.088027587087709e-08
010,0.1,8,0.00625,38,1.368421052631579,0.5526315789473685,-0.006988934187536211,0.2240740740740741,2.0789473684210527,0.10526315789473684,2.7366118260374606e-08
010,0.1,10,0.005,38,1.236842105263158,0.5789473684210527,0.0863705972434915,0.2828282828282828,2.0789473684210527,0.10526315789473684,8.040808552323142e-08
010,0.1,12,0.004166666666666667,38,1.0526315789473684,0.6052631578947368,0.2014676450967311,0.2986111111111111,2.0789473684210527,0.10526315789473684,4.901619732322615e-08
010,0.1,14,0.0035714285714285718,38,0.9210526315789473,0.7105263157894737,0.2064817908453056,0.4373737373737374,2.0789473684210527,0.10526315789473684,5.800541202916065e-08
010,0.1,16,0.003125,38,1.0526315789473684,0.6842105263157895,0.05131761442441052,0.48412698412698413,2.0789473684210527,0.10526315789473684,5.273795977700502e-08
010,0.1,20,0.0025,38,1.0526315789473684,0.6842105263157895,0.05131761442441052,0.48412698412698413,2.0789473684210527,0.10526315789473684,5.0902311699019265e-08
010,0.1,25,0.002,38,0.9473684210526315,0.7368421052631579,0.09396914446002802,0.5573192239858906,2.0789473684210527,0.10526315789473684,5.315506257375091e-08
010,0.1,30,0.0016666666666666668,38,0.8421052631578947,0.7631578947368421,0.2328398384925976,0.6365179195367875,2.0789473684210527,0.10526315789473684,8.272819229659945e-08
010,0.1,40,0.00125,38,0.9473684210526315,0.7368421052631579,0.09396914446002802,0.5573192239858906,2.0789473684210527,0.10526315789473684,6.760958370932713e-08
010,0.1,50,0.001,38,0.8947368421052632,0.7368421052631579,0.15977175463623383,0.5490196078431372,2.0789473684210527,0.10526315789473684,1.8548546165675361e-07
010,0.1,60,0.0008333333333333334,38,0.8421052631578947,0.7105263157894737,0.3129346314325453,0.5769109535066982,2.0789473684210527,0.10526315789473684,1.613100835129444e-07
010,0.1,75,0.0006666666666666668,38,0.7894736842105263,0.7631578947368421,0.3058186738836266,0.6227920227920228,2.0789473684210527,0.10526315789473684,3.2464154742228857e-07
010,0.1,90,0.0005555555555555556,38,0.42105263157894735,0.868421052631579,0.6775757575757575,0.8194444444444443,2.0789473684210527,0.10526315789473684,1.367392428619496e-06
010,0.2,1,0.1,38,2.210526315789474,0.10526315789473684,-0.17044928207503474,0.08121212121212121,2.0789473684210527,0.10526315789473684,2.5660216124379076e-05
010,0.2,2,0.05,38,2.1052631578947367,0.23684210526315788,-0.1205766710353866,0.1496098104793757,2.0789473684210527,0.10526315789473684,3.5841207136400044e-05
010,0.2,3,0.03333333333333333,38,2.289473684210526,0.21052631578947367,-0.17303324385711338,0.10555555555555556,2.0789473684210527,0.10526315789473684,5.522678748093313e-06
010,0.2,4,0.025,38,1.7894736842105263,0.2894736842105263,-0.01941747572815533,0.21470588235294116,2.0789473684210527,0.10526315789473684,7.173957419581711e-05
010,0.2,5,0.02,38,1.1578947368421053,0.6052631578947368,0.07045009784735823,0.3066666666666667,2.0789473684210527,0.10526315789473684,0.0005987618351355195
010,0.2,6,0.016666666666666666,38,1.0263157894736843,0.6842105263157895,0.139415354963058,0.4262626262626263,2.0789473684210527,0.10526315789473684,5.097448152469042e-08
010,0.2,8,0.0125,38,1.263157894736842,0.5789473684210527,0.025941939468807962,0.3324915824915825,2.0789473684210527,0.10526315789473684,3.9968178100480145e-08
010,0.2,10,0.01,38,1.0789473684210527,0.5789473684210527,0.1878155503197576,0.29292929292929293,2.0789473684210527,0.10526315789473684,1.3032669698986865e-07
010,0.2,12,0.008333333333333333,38,1.0263157894736843,0.631578947368421,0.2148760330578513,0.30409356725146197,2.0789473684210527,0.10526315789473684,3.664194281327582e-08
010,0.2,14,0.0071428571428571435,38,0.9473684210526315,0.7105263157894737,0.19894598155467713,0.5430799220272905,2.0789473684210527,0.10526315789473684,6.730531509901994e-08
010,0.2,16,0.00625,38,1.105263157894737,0.6578947368421053,0.030344827586206824,0.43912812333864965,2.0789473684210527,0.10526315789473684,5.936311708865105e-08
010,0.2,20,0.005,38,1.0789473684210527,0.6578947368421053,0.046382831429560456,0.34298245614035083,2.0789473684210527,0.10526315789473684,5.0771607362776194e-08
010,0.2,25,0.004,38,0.9473684210526315,0.7368421052631579,0.09396914446002802,0.5573192239858906,2.0789473684210527,0.10526315789473684,6.511154282407006e-08
010,0.2,30,0.0033333333333333335,38,0.8421052631578947,0.7631578947368421,0.2328398384925976,0.6365179195367875,2.0789473684210527,0.10526315789473684,5.191026986040015e-08
010,0.2,40,0.0025,38,0.8947368421052632,0.7631578947368421,0.12552301255230125,0.5864801864801864,2.0789473684210527,0.10526315789473684,6.975799493602608e-08
010,0.2,50,0.002,38,0.8947368421052632,0.7368421052631579,0.15977175463623383,0.5490196078431372,2.0789473684210527,0.10526315789473684,4.88413647303787e-08
010,0.2,60,0.0016666666666666668,38,0.8421052631578947,0.7105263157894737,0.3129346314325453,0.5769109535066982,2.0789473684210527,0.10526315789473684,6.674853381127832e-08
010,0.2,75,0.0013333333333333335,38,0.7894736842105263,0.7631578947368421,0.3058186738836266,0.6227920227920228,2.0789473684210527,0.10526315789473684,5.8833354188436715e-08
010,0.2,90,0.0011111111111111111,38,0.42105263157894735,0.868421052631579,0.6775757575757575,0.8194444444444443,2.0789473684210527,0.10526315789473684,5.751034848344716e-08
010,0.5,1,0.25,38,2.1578947368421053,0.13157894736842105,-0.14859252422704206,0.0985014985014985,2.0789473684210527,0.10526315789473684,0.00021079489670228213
010,0.5,2,0.125,38,2.0789473684210527,0.21052631578947367,-0.11560429517934656,0.14308450170519135,2.0789473684210527,0.10526315789473684,1.2621724636119325e-05
010,0.5,3,0.08333333333333333,38,2.263157894736842,0.23684210526315788,-0.1664606510094766,0.14555555555555558,2.0789473684210527,0.10526315789473684,5.718778629670851e-05
010,0.5,4,0.0625,38,1.868421052631579,0.2894736842105263,-0.06658566221142159,0.20411764705882351,2.0789473684210527,0.10526315789473684,3.0427288947976194e-05
010,0.5,5,0.05,38,1.105263157894737,0.631578947368421,0.09049180327868844,0.3258573216520651,2.0789473684210527,0.10526315789473684,0.002138845855370164
010,0.5,6,0.041666666666666664,38,1.0526315789473684,0.6578947368421053,0.12890365448504992,0.32872117400419293,2.0789473684210527,0.10526315789473684,0.011340873315930367
010,0.5,8,0.03125,38,1.263157894736842,0.5789473684210527,0.025941939468807962,0.3324915824915825,2.0789473684210527,0.10526315789473684,9.326938197773416e-06
010,0.5,10,0.025,38,1.0526315789473684,0.6052631578947368,0.2014676450967311,0.2986111111111111,2.0789473684210527,0.10526315789473684,6.407694286281185e-08
010,0.5,12,0.020833333333333332,38,1.0,0.6578947368421053,0.22804718217562248,0.41251596424010223,2.0789473684210527,0.10526315789473684,2.5880233067709923e-08
010,0.5,14,0.017857142857142856,38,1.0526315789473684,0.6842105263157895,0.061728395061728336,0.46436781609195404,2.0789473684210527,0.10526315789473684,8.801490736232154e-08
010,0.5,16,0.015625,38,1.105263157894737,0.6578947368421053,0.030344827586206824,0.43912812333864965,2.0789473684210527,0.10526315789473684,6.89172523493653e-08
010,0.5,20,0.0125,38,1.0526315789473684,0.6842105263157895,0.061728395061728336,0.46436781609195404,2.0789473684210527,0.10526315789473684,9.644367082728422e-08
010,0.5,25,0.01,38,0.9736842105263158,0.7105263157894737,0.07858407079646013,0.41239892183288407,2.0789473684210527,0.10526315789473684,5.39370148544549e-08
010,0.5,30,0.008333333333333333,38,0.9473684210526315,0.7368421052631579,0.09396914446002802,0.5573192239858906,2.0789473684210527,0.10526315789473684,5.0153563080357344e-08
010,0.5,40,0.00625,38,0.8947368421052632,0.7631578947368421,0.12552301255230125,0.5864801864801864,2.0789473684210527,0.10526315789473684,2.0871286210422113e-07
010,0.5,50,0.005,38,0.9736842105263158,0.7105263157894737,0.07333570665717337,0.40192307692307694,2.0789473684210527,0.10526315789473684,9.69790576732521e-08
010,0.5,60,0.004166666666666667,38,0.8421052631578947,0.7105263157894737,0.3129346314325453,0.5769109535066982,2.0789473684210527,0.10526315789473684,5.438964834070248e-08
010,0.5,75,0.0033333333333333335,38,0.8421052631578947,0.7368421052631579,0.2761904761904762,0.5985838779956426,2.0789473684210527,0.10526315789473684,6.100080440774036e-08
010,0.5,90,0.002777777777777778,38,0.42105263157894735,0.868421052631579,0.6775757575757575,0.8194444444444443,2.0789473684210527,0.10526315789473684,7.382492128726881e-08
010,1.0,1,0.5,38,2.1315789473684212,0.13157894736842105,-0.13955659276546073,0.0965967365967366,2.0789473684210527,0.10526315789473684,0.000578561332076788
010,1.0,2,0.25,38,2.1052631578947367,0.21052631578947367,-0.1414048059149724,0.14088669950738913,2.0789473684210527,0.10526315789473684,0.00030102432356216013
010,1.0,3,0.16666666666666666,38,2.289473684210526,0.23684210526315788,-0.17553956834532358,0.14191919191919192,2.0789473684210527,0.10526315789473684,0.002557033207267523
010,1.0,4,0.125,38,1.8421052631578947,0.2894736842105263,-0.05968688845401182,0.20573055028462997,2.0789473684210527,0.10526315789473684,4.997373980586417e-05
010,1.0,5,0.1,38,1.131578947368421,0.5789473684210527,0.07906497078033692,0.28339869281045754,2.0789473684210527,0.10526315789473684,0.0001534528419142589
010,1.0,6,0.08333333333333333,38,1.0526315789473684,0.631578947368421,0.12584573748308514,0.32679738562091504,2.0789473684210527,0.10526315789473684,0.0020018606446683407
010,1.0,8,0.0625,38,1.3421052631578947,0.5789473684210527,-0.015952732644017642,0.3287037037037037,2.0789473684210527,0.10526315789473684,0.0027532868552953005
010,1.0,10,0.05,38,1.0789473684210527,0.6052631578947368,0.1667224640107131,0.3055555555555556,2.0789473684210527,0.10526315789473684,3.3161413739435375e-06
010,1.0,12,0.041666666666666664,38,1.0263157894736843,0.6578947368421053,0.19401512660309106,0.3163314176245211,2.0789473684210527,0.10526315789473684,3.6403973808774026e-06
010,1.0,14,0.03571428571428571,38,1.105263157894737,0.631578947368421,0.04146510020732552,0.2607758620689655,2.0789473684210527,0.10526315789473684,1.4654617189080454e-05
010,1.0,16,0.03125,38,1.131578947368421,0.631578947368421,0.030811365970558002,0.25741525423728817,2.0789473684210527,0.10526315789473684,4.050901679875096e-06
010,1.0,20,0.025,38,1.1578947368421053,0.631578947368421,0.020352781546811416,0.33888888888888885,2.0789473684210527,0.10526315789473684,9.26675147638889e-06
010,1.0,25,0.02,38,1.0,0.7105263157894737,0.07252440725244069,0.5230769230769231,2.0789473684210527,0.10526315789473684,4.32315255238791e-06
010,1.0,30,0.016666666666666666,38,0.9736842105263158,0.7105263157894737,0.08890444522226104,0.4083333333333333,2.0789473684210527,0.10526315789473684,0.0003782659478019923
010,1.0,40,0.0125,38,0.9473684210526315,0.7368421052631579,0.10402219140083213,0.5515873015873015,2.0789473684210527,0.10526315789473684,9.737372602103278e-05
010,1.0,50,0.01,38,1.0,0.7105263157894737,0.06205923836389271,0.5308176100628931,2.0789473684210527,0.10526315789473684,6.58687682175696e-08
010,1.0,60,0.008333333333333333,38,0.9210526315789473,0.6842105263157895,0.19016393442622948,0.3821271929824561,2.0789473684210527,0.10526315789473684,3.1516069043391326e-07
010,1.0,75,0.006666666666666667,38,0.8157894736842105,0.7105263157894737,0.34122897356676973,0.42180555555555554,2.0789473684210527,0.10526315789473684,6.538696339930539e-08
010,1.0,90,0.005555555555555556,38,0.5789473684210527,0.7894736842105263,0.5639344262295082,0.4234292866082603,2.0789473684210527,0.10526315789473684,6.147485009933007e-08
010,2.0,1,1.0,38,2.1315789473684212,0.13157894736842105,-0.15573964497041404,0.0965967365967366,2.0789473684210527,0.10526315789473684,0.005561364348977804
010,2.0,2,0.5,38,2.0526315789473686,0.21052631578947367,-0.1229314420803782,0.13731527093596058,2.0789473684210527,0.10526315789473684,0.0002303252404090017
010,2.0,3,0.3333333333333333,38,2.289473684210526,0.23684210526315788,-0.19419503027772,0.14047619047619048,2.0789473684210527,0.10526315789473684,0.0007053111330606043
010,2.0,4,0.25,38,1.8157894736842106,0.3157894736842105,-0.05220785557453045,0.22272401433691758,2.0789473684210527,0.10526315789473684,0.0001657395187066868
010,2.0,5,0.2,38,1.263157894736842,0.5263157894736842,-0.020935101186322358,0.26356589147286824,2.0789473684210527,0.10526315789473684,0.016472315415740013
010,2.0,6,0.16666666666666666,38,1.1578947368421053,0.5263157894736842,0.030612244897959218,0.21966604823747682,2.0789473684210527,0.10526315789473684,0.0021318483632057905
010,2.0,8,0.125,38,1.5263157894736843,0.47368421052631576,-0.10701545778834709,0.20326797385620915,2.0789473684210527,0.10526315789473684,0.0004117424541618675
010,2.0,10,0.1,38,1.0789473684210527,0.6052631578947368,0.1667224640107131,0.3055555555555556,2.0789473684210527,0.10526315789473684,0.0003013238019775599
010,2.0,12,0.08333333333333333,38,1.105263157894737,0.6052631578947368,0.14276094276094276,0.15593220338983052,2.0789473684210527,0.10526315789473684,8.968392648966983e-06
010,2.0,14,0.07142857142857142,38,1.1578947368421053,0.631578947368421,0.020352781546811416,0.33888888888888885,2.0789473684210527,0.10526315789473684,0.00025676790392026305
010,2.0,16,0.0625,38,1.1578947368421053,0.631578947368421,0.020352781546811416,0.33888888888888885,2.0789473684210527,0.10526315789473684,5.528114797925809e-06
010,2.0,20,0.05,38,1.131578947368421,0.631578947368421,0.030811365970558002,0.25741525423728817,2.0789473684210527,0.10526315789473684,6.6362099460093305e-06
010,2.0,25,0.04,38,1.0263157894736843,0.6578947368421053,0.0684303350970018,0.35,2.0789473684210527,0.10526315789473684,2.559296490289853e-07
010,2.0,30,0.03333333333333333,38,1.0,0.6842105263157895,0.07870695713281795,0.38181818181818183,2.0789473684210527,0.10526315789473684,3.426878174650483e-05
010,2.0,40,0.025,38,1.0,0.6842105263157895,0.08385744234800852,0.3553571428571428,2.0789473684210527,0.10526315789473684,1.6834334246595972e-06
010,2.0,50,0.02,38,1.0,0.7105263157894737,0.06205923836389271,0.5308176100628931,2.0789473684210527,0.10526315789473684,1.1919182441033627e-07
010,2.0,60,0.016666666666666666,38,0.9210526315789473,0.7105263157894737,0.16733067729083673,0.39852607709750565,2.0789473684210527,0.10526315789473684,2.7847664796354366e-07
010,2.0,75,0.013333333333333334,38,0.9473684210526315,0.6578947368421053,0.25771076079506516,0.3944911297852475,2.0789473684210527,0.10526315789473684,8.619630165185299e-08
010,2.0,90,0.011111111111111112,38,0.7105263157894737,0.7368421052631579,0.4675239037256841,0.4705357142857143,2.0789473684210527,0.10526315789473684,5.9018347542405536e-08
011,0.005,1,0.0025,35,1.4,0.2857142857142857,0.059025672124520034,0.29181461675579323,1.7142857142857142,0.2571428571428571,1.6450950823809762e-08
011,0.005,2,0.00125,35,1.7714285714285714,0.11428571428571428,-0.09686609686609704,0.11168831168831168,1.7142857142857142,0.2571428571428571,7.493658813473303e-06
011,0.005,3,0.0008333333333333334,35,2.057142857142857,0.11428571428571428,-0.10321384425216329,0.09915966386554623,1.7142857142857142,0.2571428571428571,4.996037660021102e-06
011,0.005,4,0.000625,35,2.0285714285714285,0.11428571428571428,-0.09219071756692543,0.10135746606334842,1.7142857142857142,0.2571428571428571,3.467786518740468e-05
011,0.005,5,0.0005,35,2.1714285714285713,0.11428571428571428,-0.06707317073170738,0.10924369747899158,1.7142857142857142,0.2571428571428571,2.8120692149968818e-05
011,0.005,6,0.0004166666666666667,35,2.142857142857143,0.11428571428571428,-0.03040774015203862,0.125,1.7142857142857142,0.2571428571428571,3.6927023757016286e-05
011,0.005,8,0.0003125,35,1.9428571428571428,0.17142857142857143,0.0980392156862745,0.2,1.7142857142857142,0.2571428571428571,3.936212306143716e-05
011,0.005,10,0.00025,35,1.8571428571428572,0.2,0.13452027695351132,0.24544710191769012,1.7142857142857142,0.2571428571428571,4.005206938018091e-05
011,0.005,12,0.00020833333333333335,35,1.8285714285714285,0.2,0.17136414881623463,0.2337254901960784,1.7142857142857142,0.2571428571428571,6.871134246466681e-05
011,0.005,14,0.00017857142857142857,35,1.6857142857142857,0.2571428571428571,0.22069738131914296,0.27908232118758436,1.7142857142857142,0.2571428571428571,6.48577042738907e-05
011,0.005,16,0.00015625,35,1.7142857142857142,0.2571428571428571,0.20410958904109577,0.27574898785425106,1.7142857142857142,0.2571428571428571,6.747278530383483e-05
011,0.005,20,0.000125,35,1.5714285714285714,0.3142857142857143,0.23567345742342083,0.3282539682539683,1.7142857142857142,0.2571428571428571,7.735873805359006e-05
011,0.005,25,0.0001,35,1.6857142857142857,0.2857142857142857,0.1919686581782566,0.3106884859206841,1.7142857142857142,0.2571428571428571,7.521695806644857e-05
011,0.005,30,8.333333333333333e-05,35,1.6,0.2571428571428571,0.25872925014310255,0.255,1.7142857142857142,0.2571428571428571,0.00013837305596098304
011,0.005,40,6.25e-05,35,1.542857142857143,0.2857142857142857,0.13522537562604342,0.2654761904761905,1.7142857142857142,0.2571428571428571,0.00018626464589033276
011,0.005,50,5e-05,35,1.2571428571428571,0.34285714285714286,0.3198992443324937,0.29657114127702366,1.7142857142857142,0.2571428571428571,0.00021793792257085443
011,0.005,60,4.1666666666666665e-05,35,1.1142857142857143,0.3142857142857143,0.44821392935541815,0.2805704099821747,1.7142857142857142,0.2571428571428571,0.0002463717828504741
011,0.005,75,3.3333333333333335e-05,35,0.8285714285714286,0.4857142857142857,0.5569620253164558,0.40915204678362577,1.7142857142857142,0.2571428571428571,0.0002216082066297531
011,0.01,1,0.005,35,1.3714285714285714,0.2857142857142857,0.07670454545454553,0.2912505141916907,1.7142857142857142,0.2571428571428571,1.5342834558396135e-08
011,0.01,2,0.0025,35,1.7714285714285714,0.11428571428571428,-0.09686609686609704,0.11168831168831168,1.7142857142857142,0.2571428571428571,1.7441604427403945e-07
011,0.01,3,0.0016666666666666668,35,2.057142857142857,0.11428571428571428,-0.10321384425216329,0.09915966386554623,1.7142857142857142,0.2571428571428571,1.213824702972488e-07
011,0.01,4,0.00125,35,2.0285714285714285,0.11428571428571428,-0.09219071756692543,0.10135746606334842,1.7142857142857142,0.2571428571428571,6.0821662373200525e-06
011,0.01,5,0.001,35,2.142857142857143,0.11428571428571428,-0.05639790279155443,0.11071428571428572,1.7142857142857142,0.2571428571428571,4.86570615976234e-06
011,0.01,6,0.0008333333333333334,35,2.1142857142857143,0.11428571428571428,-0.0189372526851328,0.12666666666666665,1.7142857142857142,0.2571428571428571,7.471139724657405e-06
011,0.01,8,0.000625,35,1.9428571428571428,0.17142857142857143,0.0980392156862745,0.2,1.7142857142857142,0.2571428571428571,6.769005267415196e-06
011,0.01,10,0.0005,35,1.8571428571428572,0.2,0.13452027695351132,0.24544710191769012,1.7142857142857142,0.2571428571428571,4.103904757357668e-06
011,0.01,12,0.0004166666666666667,35,1.8,0.22857142857142856,0.15741675075681127,0.2585876455845496,1.7142857142857142,0.2571428571428571,1.2121701729483902e-05
011,0.01,14,0.00035714285714285714,35,1.6571428571428573,0.2857142857142857,0.21582529778786164,0.3324156545209177,1.7142857142857142,0.2571428571428571,1.3828432201989926e-05
011,0.01,16,0.0003125,35,1.7142857142857142,0.2571428571428571,0.20410958904109577,0.27574898785425106,1.7142857142857142,0.2571428571428571,1.6396099454141222e-05
011,0.01,20,0.00025,35,1.5714285714285714,0.3142857142857143,0.23567345742342083,0.3282539682539683,1.7142857142857142,0.2571428571428571,1.9210283426218666e-05
011,0.01,25,0.0002,35,1.6857142857142857,0.2857142857142857,0.1919686581782566,0.3106884859206841,1.7142857142857142,0.2571428571428571,1.768553011061158e-05
011,0.01,30,0.00016666666666666666,35,1.6,0.2571428571428571,0.25872925014310255,0.255,1.7142857142857142,0.2571428571428571,5.196906204218976e-05
011,0.01,40,0.000125,35,1.6285714285714286,0.2857142857142857,0.19708555763959013,0.26717171717171717,1.7142857142857142,0.2571428571428571,8.962828724179417e-05
011,0.01,50,0.0001,35,1.2571428571428571,0.34285714285714286,0.34521708436286613,0.300982905982906,1.7142857142857142,0.2571428571428571,0.00012233135930728167
011,0.01,60,8.333333333333333e-05,35,1.1142857142857143,0.3142857142857143,0.44821392935541815,0.2805704099821747,1.7142857142857142,0.2571428571428571,0.00016287813195958734
011,0.01,75,6.666666666666667e-05,35,0.8,0.4857142857142857,0.587675577707295,0.4047402820777434,1.7142857142857142,0.2571428571428571,0.00015448986960109323
011,0.02,1,0.01,35,1.4,0.2857142857142857,0.07215467410803278,0.2800910939018356,1.7142857142857142,0.2571428571428571,1.0774061642848665e-08
011,0.02,2,0.005,35,1.8,0.11428571428571428,-0.08318549181943635,0.10454545454545454,1.7142857142857142,0.2571428571428571,3.3943013733050975e-08
011,0.02,3,0.0033333333333333335,35,2.057142857142857,0.11428571428571428,-0.10321384425216329,0.09915966386554623,1.7142857142857142,0.2571428571428571,7.734956852800678e-08
011,0.02,4,0.0025,35,2.0285714285714285,0.11428571428571428,-0.09219071756692543,0.10135746606334842,1.7142857142857142,0.2571428571428571,1.3495508710548165e-07
011,0.02,5,0.002,35,2.142857142857143,0.11428571428571428,-0.05639790279155443,0.11071428571428572,1.7142857142857142,0.2571428571428571,1.1133409572039454e-07
011,0.02,6,0.0016666666666666668,35,2.1142857142857143,0.11428571428571428,-0.0189372526851328,0.12666666666666665,1.7142857142857142,0.2571428571428571,2.866063084638881e-07
011,0.02,8,0.00125,35,1.9714285714285715,0.17142857142857143,0.07176287051482055,0.18909090909090906,1.7142857142857142,0.2571428571428571,1.6005439817945444e-07
011,0.02,10,0.001,35,1.8571428571428572,0.2,0.13452027695351132,0.24544710191769012,1.7142857142857142,0.2571428571428571,6.228503934835317e-08
011,0.02,12,0.0008333333333333334,35,1.8,0.22857142857142856,0.15741675075681127,0.2585876455845496,1.7142857142857142,0.2571428571428571,2.2970617408191174e-07
011,0.02,14,0.0007142857142857143,35,1.6571428571428573,0.2857142857142857,0.21582529778786164,0.3324156545209177,1.7142857142857142,0.2571428571428571,4.3627252921396575e-07
011,0.02,16,0.000625,35,1.6571428571428573,0.2857142857142857,0.2079633342881695,0.3039444765760555,1.7142857142857142,0.2571428571428571,6.322084686871676e-07
011,0.02,20,0.0005,35,1.5714285714285714,0.3142857142857143,0.23567345742342083,0.3282539682539683,1.7142857142857142,0.2571428571428571,8.039713179641694e-07
011,0.02,25,0.0004,35,1.6857142857142857,0.2857142857142857,0.1919686581782566,0.3106884859206841,1.7142857142857142,0.2571428571428571,7.614443688908068e-07
011,0.02,30,0.0003333333333333333,35,1.6285714285714286,0.2571428571428571,0.25073457394711063,0.2520588235294118,1.7142857142857142,0.2571428571428571,5.7606271184340585e-06
011,0.02,40,0.00025,35,1.6285714285714286,0.2857142857142857,0.19708555763959013,0.26717171717171717,1.7142857142857142,0.2571428571428571,1.607240119483322e-05
011,0.02,50,0.0002,35,1.3142857142857143,0.34285714285714286,0.32532972607372346,0.3003968253968254,1.7142857142857142,0.2571428571428571,2.3806442186469212e-05
011,0.02,60,0.00016666666666666666,35,1.0571428571428572,0.3142857142857143,0.49316744850091787,0.2770616380523501,1.7142857142857142,0.2571428571428571,5.2575869631255046e-05
011,0.02,75,0.00013333333333333334,35,0.8,0.4857142857142857,0.587675577707295,0.4047402820777434,1.7142857142857142,0.2571428571428571,5.840344965690747e-05
011,0.05,1,0.025,35,1.3714285714285714,0.2857142857142857,0.09221902017291073,0.2742036480143897,1.7142857142857142,0.2571428571428571,1.768604285246056e-08
011,0.05,2,0.0125,35,1.8,0.11428571428571428,-0.08318549181943635,0.10454545454545454,1.7142857142857142,0.2571428571428571,3.156340255827672e-08
011,0.05,3,0.008333333333333333,35,2.057142857142857,0.11428571428571428,-0.10321384425216329,0.09915966386554623,1.7142857142857142,0.2571428571428571,3.453736212577496e-07
011,0.05,4,0.00625,35,2.0285714285714285,0.11428571428571428,-0.09219071756692543,0.10135746606334842,1.7142857142857142,0.2571428571428571,5.2754760559992064e-08
011,0.05,5,0.005,35,2.1142857142857143,0.11428571428571428,-0.04523050159466502,0.11238095238095239,1.7142857142857142,0.2571428571428571,3.250551117162104e-08
011,0.05,6,0.004166666666666667,35,2.1142857142857143,0.11428571428571428,-0.0189372526851328,0.12666666666666665,1.7142857142857142,0.2571428571428571,1.6055359708389005e-07
011,0.05,8,0.003125,35,1.9714285714285715,0.17142857142857143,0.07176287051482055,0.18909090909090906,1.7142857142857142,0.2571428571428571,3.657623892650008e-08
011,0.05,10,0.0025,35,1.8857142857142857,0.17142857142857143,0.12325647594648448,0.22119047619047616,1.7142857142857142,0.2571428571428571,4.2955040413517054e-08
011,0.05,12,0.0020833333333333333,35,1.7428571428571429,0.22857142857142856,0.18509298579587052,0.2571931336637219,1.7142857142857142,0.2571428571428571,4.085650928686846e-08
011,0.05,14,0.0017857142857142859,35,1.6571428571428573,0.2857142857142857,0.19175679625840403,0.33650793650793653,1.7142857142857142,0.2571428571428571,4.1621202484520836e-08
011,0.05,16,0.0015625,35,1.6571428571428573,0.2857142857142857,0.19175679625840403,0.33650793650793653,1.7142857142857142,0.2571428571428571,3.543744142575633e-08
011,0.05,20,0.00125,35,1.5714285714285714,0.3142857142857143,0.23567345742342083,0.3282539682539683,1.7142857142857142,0.2571428571428571,4.288016697273633e-08
011,0.05,25,0.001,35,1.6857142857142857,0.2857142857142857,0.1919686581782566,0.3106884859206841,1.7142857142857142,0.2571428571428571,4.1309860421279154e-08
011,0.05,30,0.0008333333333333334,35,1.6285714285714286,0.2571428571428571,0.25073457394711063,0.2520588235294118,1.7142857142857142,0.2571428571428571,7.507338750656345e-08
011,0.05,40,0.000625,35,1.5714285714285714,0.3142857142857143,0.18823881490348637,0.29705882352941176,1.7142857142857142,0.2571428571428571,2.7834846605401253e-07
011,0.05,50,0.0005,35,1.2857142857142858,0.37142857142857144,0.3292383292383293,0.31618758434547906,1.7142857142857142,0.2571428571428571,1.3530330988942296e-07
011,0.05,60,0.0004166666666666667,35,1.1428571428571428,0.34285714285714286,0.47174447174447176,0.292063492063492,1.7142857142857142,0.2571428571428571,2.3559268811368383e-06
011,0.05,75,0.0003333333333333334,35,0.8,0.4857142857142857,0.587675577707295,0.4047402820777434,1.7142857142857142,0.2571428571428571,4.333081960794516e-06
011,0.1,1,0.05,35,1.4,0.2571428571428571,0.08857904449456644,0.24126050420168071,1.7142857142857142,0.2571428571428571,1.6744392539180808e-08
011,0.1,2,0.025,35,1.8,0.11428571428571428,-0.08318549181943635,0.10454545454545454,1.7142857142857142,0.2571428571428571,3.016364402697036e-08
011,0.1,3,0.016666666666666666,35,2.085714285714286,0.11428571428571428,-0.10425240054869689,0.10357142857142856,1.7142857142857142,0.2571428571428571,1.7522585267215618e-06
011,0.1,4,0.0125,35,2.0,0.11428571428571428,-0.08059798505037374,0.10392156862745099,1.7142857142857142,0.2571428571428571,6.1138002820371184e-06
011,0.1,5,0.01,35,2.085714285714286,0.11428571428571428,-0.016888507227708516,0.11897435897435897,1.7142857142857142,0.2571428571428571,2.4851459556884947e-08
011,0.1,6,0.008333333333333333,35,2.1142857142857143,0.11428571428571428,-0.0189372526851328,0.12666666666666665,1.7142857142857142,0.2571428571428571,2.8435600540888117e-08
011,0.1,8,0.00625,35,1.9714285714285715,0.17142857142857143,0.07176287051482055,0.18909090909090906,1.7142857142857142,0.2571428571428571,1.2488501965890464e-07
011,0.1,10,0.005,35,1.8571428571428572,0.2,0.1305890702625977,0.25910256410256405,1.7142857142857142,0.2571428571428571,8.799391082447983e-08
011,0.1,12,0.004166666666666667,35,1.7428571428571429,0.22857142857142856,0.18509298579587052,0.2571931336637219,1.7142857142857142,0.2571428571428571,2.2210018869373016e-05
011,0.1,14,0.0035714285714285718,35,1.6571428571428573,0.2857142857142857,0.19175679625840403,0.33650793650793653,1.7142857142857142,0.2571428571428571,8.235191728545033e-08
011,0.1,16,0.003125,35,1.6571428571428573,0.2857142857142857,0.19175679625840403,0.33650793650793653,1.7142857142857142,0.2571428571428571,4.8427018839447555e-08
011,0.1,20,0.0025,35,1.542857142857143,0.34285714285714286,0.24291142940660626,0.3873015873015873,1.7142857142857142,0.2571428571428571,5.5385275032904246e-08
011,0.1,25,0.002,35,1.6857142857142857,0.2857142857142857,0.1919686581782566,0.3106884859206841,1.7142857142857142,0.2571428571428571,6.830304499771955e-08
011,0.1,30,0.0016666666666666668,35,1.6857142857142857,0.2571428571428571,0.24259131633356312,0.25777310924369745,1.7142857142857142,0.2571428571428571,3.986903266195441e-06
011,0.1,40,0.00125,35,1.4857142857142858,0.3142857142857143,0.24540266328471783,0.28911764705882353,1.7142857142857142,0.2571428571428571,7.68878365420278e-08
011,0.1,50,0.001,35,1.4,0.34285714285714286,0.2977134857676156,0.30264957264957265,1.7142857142857142,0.2571428571428571,2.902138476201799e-07
011,0.1,60,0.0008333333333333334,35,1.1428571428571428,0.34285714285714286,0.47174447174447176,0.292063492063492,1.7142857142857142,0.2571428571428571,1.3201946558183408e-07
011,0.1,75,0.0006666666666666668,35,0.8857142857142857,0.42857142857142855,0.5414168332222963,0.36309941520467837,1.7142857142857142,0.2571428571428571,1.0397554461860636e-07
011,0.2,1,0.1,35,1.457142857142857,0.22857142857142856,0.09170731707317081,0.18265519646593814,1.7142857142857142,0.2571428571428571,2.3384351152344607e-05
011,0.2,2,0.05,35,1.8285714285714285,0.11428571428571428,-0.0984114684230919,0.10714285714285714,1.7142857142857142,0.2571428571428571,3.7310928746592253e-05
011,0.2,3,0.03333333333333333,35,2.057142857142857,0.11428571428571428,-0.0934083099031553,0.10576923076923077,1.7142857142857142,0.2571428571428571,0.0034573946613818407
011,0.2,4,0.025,35,2.057142857142857,0.11428571428571428,-0.08338597599494624,0.11333333333333333,1.7142857142857142,0.2571428571428571,2.926431261585094e-05
011,0.2,5,0.02,35,2.085714285714286,0.11428571428571428,-0.016888507227708516,0.11897435897435897,1.7142857142857142,0.2571428571428571,0.001212592818774283
011,0.2,6,0.016666666666666666,35,2.1142857142857143,0.11428571428571428,-0.0189372526851328,0.12666666666666665,1.7142857142857142,0.2571428571428571,0.0019445091020315886
011,0.2,8,0.0125,35,1.9714285714285715,0.17142857142857143,0.03792444509775095,0.1838095238095238,1.7142857142857142,0.2571428571428571,0.00039138298598118126
011,0.2,10,0.01,35,1.8571428571428572,0.2,0.10805300713557586,0.24605263157894736,1.7142857142857142,0.2571428571428571,0.005200143437832594
011,0.2,12,0.008333333333333333,35,1.7142857142857142,0.2571428571428571,0.1795252225519287,0.2918336565395389,1.7142857142857142,0.2571428571428571,8.00979250925593e-06
011,0.2,14,0.0071428571428571435,35,1.6571428571428573,0.2857142857142857,0.19175679625840403,0.33650793650793653,1.7142857142857142,0.2571428571428571,1.9188792066415772e-07
011,0.2,16,0.00625,35,1.6,0.3142857142857143,0.2085168869309838,0.37852474323062557,1.7142857142857142,0.2571428571428571,2.1585776721622096e-07
011,0.2,20,0.005,35,1.542857142857143,0.34285714285714286,0.22268907563025198,0.3817460317460317,1.7142857142857142,0.2571428571428571,2.8133351648307325e-08
011,0.2,25,0.004,35,1.7142857142857142,0.2571428571428571,0.1768206290733918,0.27630252100840336,1.7142857142857142,0.2571428571428571,3.9728863754362465e-08
011,0.2,30,0.0033333333333333335,35,1.7142857142857142,0.22857142857142856,0.23975804234259002,0.22804172951231774,1.7142857142857142,0.2571428571428571,5.492708078236319e-05
011,0.2,40,0.0025,35,1.457142857142857,0.34285714285714286,0.24868818572110019,0.31429590017825315,1.7142857142857142,0.2571428571428571,9.302956271994844e-08
011,0.2,50,0.002,35,1.457142857142857,0.34285714285714286,0.25854337405288386,0.31078431372549015,1.7142857142857142,0.2571428571428571,7.795498646601118e-08
011,0.2,60,0.0016666666666666668,35,1.0285714285714285,0.4,0.50849963045085,0.3341880341880342,1.7142857142857142,0.2571428571428571,7.016343062105079e-08
011,0.2,75,0.0013333333333333335,35,0.7714285714285715,0.4857142857142857,0.5963756177924218,0.40476190476190477,1.7142857142857142,0.2571428571428571,5.532963598398055e-08
011,0.5,1,0.25,35,1.5142857142857142,0.2571428571428571,0.09961685823754807,0.23000281452293833,1.7142857142857142,0.2571428571428571,5.969043922959827e-05
011,0.5,2,0.125,35,1.8857142857142857,0.14285714285714285,-0.08983536148890492,0.13216374269005846,1.7142857142857142,0.2571428571428571,1.911028812173754e-05
011,0.5,3,0.08333333333333333,35,2.0285714285714285,0.14285714285714285,-0.06291854851269263,0.13904761904761903,1.7142857142857142,0.2571428571428571,0.014439241960644722
011,0.5,4,0.0625,35,2.057142857142857,0.14285714285714285,-0.06382978723404253,0.13753614806246386,1.7142857142857142,0.2571428571428571,1.5062822967593092e-05
011,0.5,5,0.05,35,2.1142857142857143,0.14285714285714285,0.015417906410603255,0.14705882352941177,1.7142857142857142,0.2571428571428571,0.00028089346596971154
011,0.5,6,0.041666666666666664,35,2.1142857142857143,0.11428571428571428,-0.009044657998869443,0.12666666666666665,1.7142857142857142,0.2571428571428571,1.034358410834102e-05
011,0.5,8,0.03125,35,2.0,0.17142857142857143,0.01581722319859402,0.18021978021978022,1.7142857142857142,0.2571428571428571,0.021327253431081772
011,0.5,10,0.025,35,1.8857142857142857,0.17142857142857143,0.09117733844791964,0.21071428571428572,1.7142857142857142,0.2571428571428571,0.00020633854728657752
011,0.5,12,0.020833333333333332,35,1.7142857142857142,0.22857142857142856,0.16793660469369087,0.24406182053240877,1.7142857142857142,0.2571428571428571,0.00023905978014227003
011,0.5,14,0.017857142857142856,35,1.6285714285714286,0.3142857142857143,0.18628757589219613,0.3759103641456582,1.7142857142857142,0.2571428571428571,0.007261516992002726
011,0.5,16,0.015625,35,1.6,0.3142857142857143,0.2165697674418604,0.3560644257703081,1.7142857142857142,0.2571428571428571,0.00025789494975470006
011,0.5,20,0.0125,35,1.5142857142857142,0.34285714285714286,0.22813688212927774,0.36507936507936506,1.7142857142857142,0.2571428571428571,0.0041217622347176075
011,0.5,25,0.01,35,1.5714285714285714,0.2857142857142857,0.20046620046620034,0.2877310924369748,1.7142857142857142,0.2571428571428571,0.0003080963797401637
011,0.5,30,0.008333333333333333,35,1.8285714285714285,0.22857142857142856,0.1717628290348312,0.25598290598290596,1.7142857142857142,0.2571428571428571,0.00022182941029313952
011,0.5,40,0.00625,35,1.542857142857143,0.3142857142857143,0.2057989284588717,0.29517825311942963,1.7142857142857142,0.2571428571428571,1.8091359379468486e-05
011,0.5,50,0.005,35,1.3714285714285714,0.34285714285714286,0.31484502446982054,0.304593837535014,1.7142857142857142,0.2571428571428571,0.0014535816153511405
011,0.5,60,0.004166666666666667,35,1.0857142857142856,0.37142857142857144,0.44828911956939643,0.317560870502047,1.7142857142857142,0.2571428571428571,1.5385741392037744e-07
011,0.5,75,0.0033333333333333335,35,0.8,0.5142857142857142,0.5623046002679768,0.432121212121212,1.7142857142857142,0.2571428571428571,2.602149606900639e-07
011,1.0,1,0.5,35,1.5714285714285714,0.2571428571428571,0.07750043637633097,0.23048128342245988,1.7142857142857142,0.2571428571428571,0.0021476426627486944
011,1.0,2,0.25,35,1.9142857142857144,0.14285714285714285,-0.09124537607891492,0.1350326797385621,1.7142857142857142,0.2571428571428571,4.990697925677523e-05
011,1.0,3,0.16666666666666666,35,2.0285714285714285,0.14285714285714285,-0.03388813915129707,0.14307692307692307,1.7142857142857142,0.2571428571428571,4.538288339972496e-05
011,1.0,4,0.125,35,2.0,0.14285714285714285,-0.06196103481315873,0.14112554112554113,1.7142857142857142,0.2571428571428571,0.00019485039229039103
011,1.0,5,0.1,35,2.085714285714286,0.14285714285714285,0.017968210089841063,0.15,1.7142857142857142,0.2571428571428571,4.422017082106322e-05
011,1.0,6,0.08333333333333333,35,2.085714285714286,0.14285714285714285,0.017968210089841063,0.15,1.7142857142857142,0.2571428571428571,1.8900391296483576e-05
011,1.0,8,0.0625,35,2.0285714285714285,0.14285714285714285,0.023420558045395445,0.15714285714285714,1.7142857142857142,0.2571428571428571,0.0027236430905759335
011,1.0,10,0.05,35,1.8285714285714285,0.17142857142857143,0.10874775314559615,0.19290043290043288,1.7142857142857142,0.2571428571428571,0.001979476772248745
011,1.0,12,0.041666666666666664,35,1.8571428571428572,0.2,0.1038771031455743,0.21986013986013986,1.7142857142857142,0.2571428571428571,3.637516556409537e-06
011,1.0,14,0.03571428571428571,35,1.6,0.2857142857142857,0.16246851385390437,0.31413586413586414,1.7142857142857142,0.2571428571428571,0.0010648983297869563
011,1.0,16,0.03125,35,1.6571428571428573,0.2571428571428571,0.17272727272727262,0.28428571428571425,1.7142857142857142,0.2571428571428571,0.0036343017127364874
011,1.0,20,0.025,35,1.6,0.2857142857142857,0.18454935622317592,0.2966199813258637,1.7142857142857142,0.2571428571428571,0.00010335666593164206
011,1.0,25,0.02,35,1.5714285714285714,0.3142857142857143,0.1875480399692543,0.3277310924369748,1.7142857142857142,0.2571428571428571,0.000462796917418018
011,1.0,30,0.016666666666666666,35,1.7714285714285714,0.22857142857142856,0.18201814682430573,0.2474861739567622,1.7142857142857142,0.2571428571428571,0.0020031919702887535
011,1.0,40,0.0125,35,1.5142857142857142,0.2571428571428571,0.22273400230301021,0.23820728291316526,1.7142857142857142,0.2571428571428571,1.1471307516330853e-05
011,1.0,50,0.01,35,1.457142857142857,0.2857142857142857,0.293210367307998,0.25650793650793646,1.7142857142857142,0.2571428571428571,0.005551498848944902
011,1.0,60,0.008333333333333333,35,1.0,0.4,0.4776119402985075,0.34891774891774896,1.7142857142857142,0.2571428571428571,5.736555522162234e-06
011,1.0,75,0.006666666666666667,35,0.8,0.5142857142857142,0.5640034364261168,0.4221976853555801,1.7142857142857142,0.2571428571428571,2.2942806765513524e-07
011,2.0,1,1.0,35,1.542857142857143,0.2857142857142857,0.08056042031523658,0.2651720828191416,1.7142857142857142,0.2571428571428571,0.00074313476216048
011,2.0,2,0.5,35,1.9714285714285715,0.11428571428571428,-0.06919831223628692,0.11499999999999999,1.7142857142857142,0.2571428571428571,0.00023000134387984872
011,2.0,3,0.3333333333333333,35,2.0,0.14285714285714285,-0.021505376344086002,0.14468864468864467,1.7142857142857142,0.2571428571428571,0.00531013635918498
011,2.0,4,0.25,35,2.0,0.14285714285714285,-0.021505376344086002,0.14468864468864467,1.7142857142857142,0.2571428571428571,0.0014619362773373723
011,2.0,5,0.2,35,2.085714285714286,0.14285714285714285,0.017968210089841063,0.15,1.7142857142857142,0.2571428571428571,5.336525646271184e-06
011,2.0,6,0.16666666666666666,35,2.057142857142857,0.14285714285714285,0.020633126059920848,0.15333333333333332,1.7142857142857142,0.2571428571428571,1.7784668671083637e-06
011,2.0,8,0.125,35,2.085714285714286,0.14285714285714285,0.02764340013821709,0.15,1.7142857142857142,0.2571428571428571,0.00040052924305200577
011,2.0,10,0.1,35,1.9428571428571428,0.11428571428571428,0.08166273584905659,0.12606060606060607,1.7142857142857142,0.2571428571428571,0.000302698346786201
011,2.0,12,0.08333333333333333,35,1.8,0.14285714285714285,0.13956329210566487,0.14153846153846153,1.7142857142857142,0.2571428571428571,0.0005740323103964329
011,2.0,14,0.07142857142857142,35,1.6571428571428573,0.22857142857142856,0.14634146341463405,0.22714285714285715,1.7142857142857142,0.2571428571428571,5.555459938477725e-05
011,2.0,16,0.0625,35,1.6285714285714286,0.2571428571428571,0.14932486100079434,0.25487012987012986,1.7142857142857142,0.2571428571428571,0.0009032365633174777
011,2.0,20,0.05,35,1.542857142857143,0.3142857142857143,0.16960564283424162,0.3004583651642475,1.7142857142857142,0.2571428571428571,0.0005278369644656777
011,2.0,25,0.04,35,1.5714285714285714,0.2857142857142857,0.15710360433166326,0.27398777692895343,1.7142857142857142,0.2571428571428571,0.009527284651994705
011,2.0,30,0.03333333333333333,35,1.7142857142857142,0.22857142857142856,0.1515151515151515,0.22641025641025642,1.7142857142857142,0.2571428571428571,0.0043518734164536
011,2.0,40,0.025,35,1.457142857142857,0.2857142857142857,0.22798450917662905,0.26926955397543634,1.7142857142857142,0.2571428571428571,0.00019054042058996856
011,2.0,50,0.02,35,1.457142857142857,0.2857142857142857,0.2789746815537034,0.26222222222222225,1.7142857142857142,0.2571428571428571,0.00018822103447746485
011,2.0,60,0.016666666666666666,35,1.1142857142857143,0.37142857142857144,0.39248519501735757,0.32661654135338347,1.7142857142857142,0.2571428571428571,0.0019181780517101288
011,2.0,75,0.013333333333333334,35,0.8285714285714286,0.45714285714285713,0.5142568761039616,0.36690821256038647,1.7142857142857142,0.2571428571428571,0.0004996391944587231
012,0.005,1,0.0025,35,1.3142857142857143,0.34285714285714286,-0.1191860465116279,0.1631578947368421,1.5714285714285714,0.2571428571428571,5.541834525502054e-06
012,0.005,2,0.00125,35,1.3142857142857143,0.2857142857142857,-0.12424242424242427,0.11352941176470588,1.5714285714285714,0.2571428571428571,2.0410716388141736e-05
012,0.005,3,0.0008333333333333334,35,1.2857142857142858,0.2857142857142857,-0.13186813186813184,0.11133428981348636,1.5714285714285714,0.2571428571428571,3.9075574022717774e-05
012,0.005,4,0.000625,35,1.3428571428571427,0.22857142857142856,-0.09212481426448749,0.07619047619047618,1.5714285714285714,0.2571428571428571,3.887058119289577e-05
012,0.005,5,0.0005,35,1.3428571428571427,0.22857142857142856,-0.09212481426448749,0.07619047619047618,1.5714285714285714,0.2571428571428571,5.864979175385088e-05
012,0.005,6,0.0004166666666666667,35,1.4857142857142858,0.11428571428571428,-0.020179372197309364,0.058823529411764705,1.5714285714285714,0.2571428571428571,4.581312896334566e-05
012,0.005,8,0.0003125,35,1.6571428571428573,0.08571428571428572,-0.04285714285714293,0.041379310344827586,1.5714285714285714,0.2571428571428571,4.383102714200504e-05
012,0.005,10,0.00025,35,1.3142857142857143,0.2857142857142857,-0.09375,0.1478328173374613,1.5714285714285714,0.2571428571428571,9.96728049358353e-05
012,0.005,12,0.00020833333333333335,35,1.3142857142857143,0.2571428571428571,-0.05835543766578244,0.1125,1.5714285714285714,0.2571428571428571,0.00013790393131785095
012,0.005,14,0.00017857142857142857,35,1.2857142857142858,0.2857142857142857,-0.06174496644295302,0.14479638009049775,1.5714285714285714,0.2571428571428571,0.0001508510613348335
012,0.005,16,0.00015625,35,1.4,0.2,0.004778972520907976,0.11512605042016807,1.5714285714285714,0.2571428571428571,0.00017065789143089205
012,0.005,20,0.000125,35,1.4,0.2,-0.017094017094017033,0.07777777777777778,1.5714285714285714,0.2571428571428571,0.00016232026973739266
012,0.005,25,0.0001,35,1.4857142857142858,0.08571428571428572,0.11711711711711714,0.03636363636363636,1.5714285714285714,0.2571428571428571,0.0001432285353075713
012,0.005,30,8.333333333333333e-05,35,1.5142857142857142,0.14285714285714285,0.09886714727085488,0.11499999999999999,1.5714285714285714,0.2571428571428571,0.00017878241487778723
012,0.005,40,6.25e-05,35,1.542857142857143,0.2,-0.06986899563318771,0.17435897435897435,1.5714285714285714,0.2571428571428571,0.00013502243382390589
012,0.005,50,5e-05,35,1.542857142857143,0.2,-0.07234042553191489,0.1576923076923077,1.5714285714285714,0.2571428571428571,0.0001814559509512037
012,0.005,60,4.1666666666666665e-05,35,1.5714285714285714,0.2,-0.06830309498399134,0.15711462450592883,1.5714285714285714,0.2571428571428571,0.00023165496531873941
012,0.005,75,3.3333333333333335e-05,35,1.2,0.4,0.13720930232558137,0.32064777327935223,1.5714285714285714,0.2571428571428571,0.0002472659107297659
012,0.01,1,0.005,35,1.3142857142857143,0.34285714285714286,-0.1191860465116279,0.1631578947368421,1.5714285714285714,0.2571428571428571,5.655652657310384e-08
012,0.01,2,0.0025,35,1.3142857142857143,0.2857142857142857,-0.12424242424242427,0.11352941176470588,1.5714285714285714,0.2571428571428571,8.010352985365898e-07
012,0.01,3,0.0016666666666666668,35,1.2857142857142858,0.2857142857142857,-0.13186813186813184,0.11133428981348636,1.5714285714285714,0.2571428571428571,4.329593593865866e-06
012,0.01,4,0.00125,35,1.3428571428571427,0.22857142857142856,-0.09212481426448749,0.07619047619047618,1.5714285714285714,0.2571428571428571,3.5630982893053442e-06
012,0.01,5,0.001,35,1.3428571428571427,0.22857142857142856,-0.09212481426448749,0.07619047619047618,1.5714285714285714,0.2571428571428571,1.1146083124913275e-05
012,0.01,6,0.0008333333333333334,35,1.4857142857142858,0.11428571428571428,-0.020179372197309364,0.058823529411764705,1.5714285714285714,0.2571428571428571,9.094449524127413e-06
012,0.01,8,0.000625,35,1.6571428571428573,0.08571428571428572,-0.04285714285714293,0.041379310344827586,1.5714285714285714,0.2571428571428571,7.508114322263282e-06
012,0.01,10,0.0005,35,1.3142857142857143,0.2857142857142857,-0.09375,0.1478328173374613,1.5714285714285714,0.2571428571428571,5.401616363087669e-05
012,0.01,12,0.0004166666666666667,35,1.3142857142857143,0.2571428571428571,-0.05835543766578244,0.1125,1.5714285714285714,0.2571428571428571,8.916274964576587e-05
012,0.01,14,0.00035714285714285714,35,1.3142857142857143,0.2571428571428571,-0.0842391304347827,0.13304093567251463,1.5714285714285714,0.2571428571428571,9.273916657548398e-05
012,0.01,16,0.0003125,35,1.4,0.2,0.004778972520907976,0.11512605042016807,1.5714285714285714,0.2571428571428571,0.00013470578414853662
012,0.01,20,0.00025,35,1.4,0.2,-0.017094017094017033,0.07777777777777778,1.5714285714285714,0.2571428571428571,0.00012670674186665565
012,0.01,25,0.0002,35,1.4857142857142858,0.08571428571428572,0.11711711711711714,0.03636363636363636,1.5714285714285714,0.2571428571428571,9.273437171941623e-05
012,0.01,30,0.00016666666666666666,35,1.4857142857142858,0.14285714285714285,0.09915611814346004,0.11346153846153846,1.5714285714285714,0.2571428571428571,0.0001055101165547967
012,0.01,40,0.000125,35,1.6,0.2,-0.12364425162689807,0.17536630036630035,1.5714285714285714,0.2571428571428571,6.52076123515144e-05
012,0.01,50,0.0001,35,1.4857142857142858,0.2,-0.00421940928270037,0.1576923076923077,1.5714285714285714,0.2571428571428571,8.724716462893412e-05
012,0.01,60,8.333333333333333e-05,35,1.5714285714285714,0.2,-0.06830309498399134,0.15711462450592883,1.5714285714285714,0.2571428571428571,0.00012826552847400308
012,0.01,75,6.666666666666667e-05,35,1.2857142857142858,0.34285714285714286,0.11199999999999999,0.275,1.5714285714285714,0.2571428571428571,0.0001513677416369319
012,0.02,1,0.01,35,1.3142857142857143,0.34285714285714286,-0.1191860465116279,0.1631578947368421,1.5714285714285714,0.2571428571428571,5.281825110614591e-08
012,0.02,2,0.005,35,1.3142857142857143,0.2857142857142857,-0.12424242424242427,0.11352941176470588,1.5714285714285714,0.2571428571428571,4.902875971879439e-08
012,0.02,3,0.0033333333333333335,35,1.2857142857142858,0.2857142857142857,-0.13186813186813184,0.11133428981348636,1.5714285714285714,0.2571428571428571,5.5759656447662564e-08
012,0.02,4,0.0025,35,1.3428571428571427,0.22857142857142856,-0.09212481426448749,0.07619047619047618,1.5714285714285714,0.2571428571428571,4.130279052105834e-08
012,0.02,5,0.002,35,1.3428571428571427,0.22857142857142856,-0.09212481426448749,0.07619047619047618,1.5714285714285714,0.2571428571428571,3.9042367916408693e-07
012,0.02,6,0.0016666666666666668,35,1.4857142857142858,0.11428571428571428,-0.020179372197309364,0.058823529411764705,1.5714285714285714,0.2571428571428571,3.256865852563351e-07
012,0.02,8,0.00125,35,1.6857142857142857,0.08571428571428572,-0.039880358923230386,0.04285714285714286,1.5714285714285714,0.2571428571428571,2.4561194322814117e-07
012,0.02,10,0.001,35,1.3142857142857143,0.2857142857142857,-0.09375,0.1478328173374613,1.5714285714285714,0.2571428571428571,1.0970406037813518e-05
012,0.02,12,0.0008333333333333334,35,1.3142857142857143,0.2571428571428571,-0.05835543766578244,0.1125,1.5714285714285714,0.2571428571428571,2.4729035430937074e-05
012,0.02,14,0.0007142857142857143,35,1.2857142857142858,0.2857142857142857,-0.06174496644295302,0.14479638009049775,1.5714285714285714,0.2571428571428571,2.374542600591667e-05
012,0.02,16,0.000625,35,1.4,0.2,0.004778972520907976,0.11512605042016807,1.5714285714285714,0.2571428571428571,5.322613651514985e-05
012,0.02,20,0.0005,35,1.4,0.2,-0.017094017094017033,0.07777777777777778,1.5714285714285714,0.2571428571428571,5.551395224756561e-05
012,0.02,25,0.0004,35,1.4857142857142858,0.08571428571428572,0.11711711711711714,0.03636363636363636,1.5714285714285714,0.2571428571428571,3.738232408068143e-05
012,0.02,30,0.0003333333333333333,35,1.4857142857142858,0.14285714285714285,0.09915611814346004,0.11346153846153846,1.5714285714285714,0.2571428571428571,3.3276821341132745e-05
012,0.02,40,0.00025,35,1.457142857142857,0.22857142857142856,-0.017758046614872347,0.19452861952861955,1.5714285714285714,0.2571428571428571,1.2692282325588167e-05
012,0.02,50,0.0002,35,1.4857142857142858,0.22857142857142856,-0.07572383073496658,0.13925925925925925,1.5714285714285714,0.2571428571428571,1.6301699361065403e-05
012,0.02,60,0.00016666666666666666,35,1.4,0.2571428571428571,0.03528114663726556,0.19363636363636363,1.5714285714285714,0.2571428571428571,3.128221578663215e-05
012,0.02,75,0.00013333333333333334,35,1.2571428571428571,0.34285714285714286,0.11682242990654201,0.22421052631578947,1.5714285714285714,0.2571428571428571,5.5811451602494344e-05
012,0.05,1,0.025,35,1.3142857142857143,0.34285714285714286,-0.1191860465116279,0.1631578947368421,1.5714285714285714,0.2571428571428571,4.650901530567353e-08
012,0.05,2,0.0125,35,1.3142857142857143,0.2857142857142857,-0.12424242424242427,0.11352941176470588,1.5714285714285714,0.2571428571428571,4.402657793889375e-08
012,0.05,3,0.008333333333333333,35,1.2857142857142858,0.2857142857142857,-0.13186813186813184,0.11133428981348636,1.5714285714285714,0.2571428571428571,4.160859390367477e-08
012,0.05,4,0.00625,35,1.3142857142857143,0.2571428571428571,-0.09638554216867479,0.10157819225251077,1.5714285714285714,0.2571428571428571,3.8855539230553404e-08
012,0.05,5,0.005,35,1.3428571428571427,0.22857142857142856,-0.09212481426448749,0.07619047619047618,1.5714285714285714,0.2571428571428571,3.925720193365123e-08
012,0.05,6,0.004166666666666667,35,1.4857142857142858,0.11428571428571428,-0.020179372197309364,0.058823529411764705,1.5714285714285714,0.2571428571428571,3.455723174283776e-08
012,0.05,8,0.003125,35,1.6857142857142857,0.08571428571428572,-0.039880358923230386,0.04285714285714286,1.5714285714285714,0.2571428571428571,3.1208919892833364e-08
012,0.05,10,0.0025,35,1.3142857142857143,0.2857142857142857,-0.09375,0.1478328173374613,1.5714285714285714,0.2571428571428571,4.242473039539618e-08
012,0.05,12,0.0020833333333333333,35,1.3142857142857143,0.2571428571428571,-0.05835543766578244,0.1125,1.5714285714285714,0.2571428571428571,1.901788948543981e-07
012,0.05,14,0.0017857142857142859,35,1.2857142857142858,0.2857142857142857,-0.06174496644295302,0.14479638009049775,1.5714285714285714,0.2571428571428571,1.5373113626537815e-07
012,0.05,16,0.0015625,35,1.3714285714285714,0.2,0.002457002457002422,0.11274509803921567,1.5714285714285714,0.2571428571428571,1.198207428387832e-06
012,0.05,20,0.00125,35,1.4,0.2,-0.017094017094017033,0.07777777777777778,1.5714285714285714,0.2571428571428571,1.8093279550157604e-06
012,0.05,25,0.001,35,1.4857142857142858,0.08571428571428572,0.11711711711711714,0.03636363636363636,1.5714285714285714,0.2571428571428571,1.3450866163111641e-06
012,0.05,30,0.0008333333333333334,35,1.4857142857142858,0.14285714285714285,0.09915611814346004,0.11346153846153846,1.5714285714285714,0.2571428571428571,7.085852189447905e-07
012,0.05,40,0.000625,35,1.5142857142857142,0.2,-0.07753705815279366,0.1455026455026455,1.5714285714285714,0.2571428571428571,9.923211052864644e-08
012,0.05,50,0.0005,35,1.5142857142857142,0.22857142857142856,-0.09160305343511443,0.17407407407407408,1.5714285714285714,0.2571428571428571,1.0729910826512423e-07
012,0.05,60,0.0004166666666666667,35,1.4,0.2571428571428571,0.03528114663726556,0.19363636363636363,1.5714285714285714,0.2571428571428571,4.712529175776581e-07
012,0.05,75,0.0003333333333333334,35,1.2,0.34285714285714286,0.19354838709677424,0.28226495726495726,1.5714285714285714,0.2571428571428571,2.5882154659484513e-06
012,0.1,1,0.05,35,1.3142857142857143,0.34285714285714286,-0.1191860465116279,0.1631578947368421,1.5714285714285714,0.2571428571428571,3.5952471222344684e-08
012,0.1,2,0.025,35,1.3142857142857143,0.2857142857142857,-0.12424242424242427,0.11352941176470588,1.5714285714285714,0.2571428571428571,3.7343941272638403e-08
012,0.1,3,0.016666666666666666,35,1.2857142857142858,0.2857142857142857,-0.13186813186813184,0.11133428981348636,1.5714285714285714,0.2571428571428571,3.896516886925383e-08
012,0.1,4,0.0125,35,1.3428571428571427,0.22857142857142856,-0.09865470852017966,0.07804878048780488,1.5714285714285714,0.2571428571428571,3.58719276505326e-08
012,0.1,5,0.01,35,1.3428571428571427,0.22857142857142856,-0.09212481426448749,0.07619047619047618,1.5714285714285714,0.2571428571428571,3.724647967828787e-08
012,0.1,6,0.008333333333333333,35,1.5142857142857142,0.08571428571428572,-0.002185792349726823,0.045454545454545456,1.5714285714285714,0.2571428571428571,3.2344992462185473e-08
012,0.1,8,0.00625,35,1.6857142857142857,0.08571428571428572,-0.039880358923230386,0.04285714285714286,1.5714285714285714,0.2571428571428571,2.9097076748030304e-08
012,0.1,10,0.005,35,1.3428571428571427,0.2571428571428571,-0.09009009009009006,0.11538461538461539,1.5714285714285714,0.2571428571428571,4.2290665192012966e-08
012,0.1,12,0.004166666666666667,35,1.3142857142857143,0.2571428571428571,-0.05835543766578244,0.1125,1.5714285714285714,0.2571428571428571,2.779980150080519e-06
012,0.1,14,0.0035714285714285718,35,1.2857142857142858,0.2857142857142857,-0.06174496644295302,0.14479638009049775,1.5714285714285714,0.2571428571428571,4.35972005163876e-08
012,0.1,16,0.003125,35,1.3714285714285714,0.2,0.002457002457002422,0.11274509803921567,1.5714285714285714,0.2571428571428571,4.403202780167703e-08
012,0.1,20,0.0025,35,1.4,0.2,-0.017094017094017033,0.07777777777777778,1.5714285714285714,0.2571428571428571,4.6853784851919045e-08
012,0.1,25,0.002,35,1.457142857142857,0.08571428571428572,0.1179190751445085,0.03529411764705882,1.5714285714285714,0.2571428571428571,5.8674981318063146e-08
012,0.1,30,0.0016666666666666668,35,1.4857142857142858,0.14285714285714285,0.10064239828693777,0.11466165413533834,1.5714285714285714,0.2571428571428571,5.043674633498085e-08
012,0.1,40,0.00125,35,1.457142857142857,0.2,-0.05294825511432011,0.14039408866995073,1.5714285714285714,0.2571428571428571,5.498213795362972e-08
012,0.1,50,0.001,35,1.457142857142857,0.22857142857142856,-0.0361581920903955,0.1693121693121693,1.5714285714285714,0.2571428571428571,7.967108928141897e-08
012,0.1,60,0.0008333333333333334,35,1.3428571428571427,0.2571428571428571,0.09599999999999997,0.18869565217391304,1.5714285714285714,0.2571428571428571,6.854656930954661e-08
012,0.1,75,0.0006666666666666668,35,1.1142857142857143,0.34285714285714286,0.16822429906542058,0.22857142857142856,1.5714285714285714,0.2571428571428571,1.0556982488196809e-07
012,0.2,1,0.1,35,1.2285714285714286,0.42857142857142855,-0.13313161875945556,0.21818181818181817,1.5714285714285714,0.2571428571428571,5.8135410654358566e-05
012,0.2,2,0.05,35,1.3142857142857143,0.2857142857142857,-0.12424242424242427,0.11352941176470588,1.5714285714285714,0.2571428571428571,2.6391177243567654e-08
012,0.2,3,0.03333333333333333,35,1.2571428571428571,0.2857142857142857,-0.10759493670886089,0.11002710027100271,1.5714285714285714,0.2571428571428571,3.35782104343707e-08
012,0.2,4,0.025,35,1.3714285714285714,0.2,-0.12424242424242427,0.06999999999999999,1.5714285714285714,0.2571428571428571,2.625145079093727e-08
012,0.2,5,0.02,35,1.3714285714285714,0.2,-0.11746987951807242,0.06829268292682927,1.5714285714285714,0.2571428571428571,2.8655438910618614e-08
012,0.2,6,0.016666666666666666,35,1.5142857142857142,0.08571428571428572,-0.002185792349726823,0.045454545454545456,1.5714285714285714,0.2571428571428571,2.710523183679925e-08
012,0.2,8,0.0125,35,1.6857142857142857,0.08571428571428572,-0.039880358923230386,0.04285714285714286,1.5714285714285714,0.2571428571428571,2.378673080727367e-08
012,0.2,10,0.01,35,1.3428571428571427,0.2571428571428571,-0.09009009009009006,0.11538461538461539,1.5714285714285714,0.2571428571428571,3.101850865050437e-08
012,0.2,12,0.008333333333333333,35,1.3428571428571427,0.2571428571428571,-0.054054054054053946,0.11538461538461539,1.5714285714285714,0.2571428571428571,5.847487045684829e-06
012,0.2,14,0.0071428571428571435,35,1.2857142857142858,0.2857142857142857,-0.06174496644295302,0.14479638009049775,1.5714285714285714,0.2571428571428571,4.3605748345498796e-08
012,0.2,16,0.00625,35,1.3714285714285714,0.2,0.002457002457002422,0.11274509803921567,1.5714285714285714,0.2571428571428571,4.283429788642934e-08
012,0.2,20,0.005,35,1.3714285714285714,0.22857142857142856,-0.014742014742014753,0.12663398692810457,1.5714285714285714,0.2571428571428571,3.9674276308687695e-08
012,0.2,25,0.004,35,1.4285714285714286,0.11428571428571428,0.12093023255813962,0.07352941176470588,1.5714285714285714,0.2571428571428571,7.209302310684507e-08
012,0.2,30,0.0033333333333333335,35,1.4857142857142858,0.14285714285714285,0.10064239828693777,0.11466165413533834,1.5714285714285714,0.2571428571428571,5.1251003441166176e-08
012,0.2,40,0.0025,35,1.4857142857142858,0.17142857142857143,-0.04502369668246442,0.10137931034482758,1.5714285714285714,0.2571428571428571,5.8710590167265764e-08
012,0.2,50,0.002,35,1.4857142857142858,0.2,-0.033557046979865834,0.1464285714285714,1.5714285714285714,0.2571428571428571,5.753605591962696e-08
012,0.2,60,0.0016666666666666668,35,1.3428571428571427,0.2571428571428571,0.09599999999999997,0.18869565217391304,1.5714285714285714,0.2571428571428571,8.533137219046694e-08
012,0.2,75,0.0013333333333333335,35,1.0285714285714285,0.37142857142857144,0.24119241192411922,0.30437271062271065,1.5714285714285714,0.2571428571428571,2.1651969461800036e-07
012,0.5,1,0.25,35,1.1714285714285715,0.42857142857142855,-0.13420621931260235,0.2152258064516129,1.5714285714285714,0.2571428571428571,3.4848879295168445e-05
012,0.5,2,0.125,35,1.3142857142857143,0.2857142857142857,-0.15576323987538965,0.12631578947368421,1.5714285714285714,0.2571428571428571,2.9623958397451133e-08
012,0.5,3,0.08333333333333333,35,1.2857142857142858,0.2571428571428571,-0.1348314606741574,0.10105263157894737,1.5714285714285714,0.2571428571428571,3.058638498032451e-08
012,0.5,4,0.0625,35,1.3428571428571427,0.22857142857142856,-0.15384615384615374,0.07804878048780488,1.5714285714285714,0.2571428571428571,2.3694671114071753e-08
012,0.5,5,0.05,35,1.3428571428571427,0.2,-0.07938931297709906,0.06999999999999999,1.5714285714285714,0.2571428571428571,2.45519853336873e-08
012,0.5,6,0.041666666666666664,35,1.5142857142857142,0.08571428571428572,-0.002185792349726823,0.045454545454545456,1.5714285714285714,0.2571428571428571,1.8633892651109818e-08
012,0.5,8,0.03125,35,1.6857142857142857,0.08571428571428572,-0.039880358923230386,0.04285714285714286,1.5714285714285714,0.2571428571428571,4.292083488621756e-08
012,0.5,10,0.025,35,1.3142857142857143,0.2571428571428571,-0.0954907161803713,0.1125,1.5714285714285714,0.2571428571428571,4.482740934008689e-08
012,0.5,12,0.020833333333333332,35,1.3142857142857143,0.2571428571428571,-0.05835543766578244,0.1125,1.5714285714285714,0.2571428571428571,7.982552574503643e-08
012,0.5,14,0.017857142857142856,35,1.3142857142857143,0.2857142857142857,-0.05729166666666652,0.1478328173374613,1.5714285714285714,0.2571428571428571,5.0209600033213064e-08
012,0.5,16,0.015625,35,1.3714285714285714,0.2,0.002457002457002422,0.11274509803921567,1.5714285714285714,0.2571428571428571,8.266216156016526e-08
012,0.5,20,0.0125,35,1.3428571428571427,0.22857142857142856,-0.017699115044247815,0.12400635930047696,1.5714285714285714,0.2571428571428571,3.831137718179889e-08
012,0.5,25,0.01,35,1.4,0.11428571428571428,0.12186379928315416,0.0722689075630252,1.5714285714285714,0.2571428571428571,2.540781167681416e-07
012,0.5,30,0.008333333333333333,35,1.5142857142857142,0.11428571428571428,0.10180275715800646,0.09003831417624521,1.5714285714285714,0.2571428571428571,7.493449771800442e-08
012,0.5,40,0.00625,35,1.4,0.2,-0.05044136191677184,0.1359447004608295,1.5714285714285714,0.2571428571428571,3.704045957420021e-05
012,0.5,50,0.005,35,1.4,0.22857142857142856,-0.016528925619834656,0.15763546798029557,1.5714285714285714,0.2571428571428571,8.310564680868993e-08
012,0.5,60,0.004166666666666667,35,1.3142857142857143,0.2857142857142857,0.02777777777777779,0.19090909090909092,1.5714285714285714,0.2571428571428571,1.6969205773875728e-07
012,0.5,75,0.0033333333333333335,35,1.0857142857142856,0.3142857142857143,0.15088757396449692,0.18772727272727274,1.5714285714285714,0.2571428571428571,3.493049916869495e-06
012,1.0,1,0.5,35,1.2,0.4,-0.0888888888888888,0.20855172413793105,1.5714285714285714,0.2571428571428571,0.0002963560400530696
012,1.0,2,0.25,35,1.3142857142857143,0.2857142857142857,-0.15576323987538965,0.12631578947368421,1.5714285714285714,0.2571428571428571,1.557855853207002e-07
012,1.0,3,0.16666666666666666,35,1.2857142857142858,0.2571428571428571,-0.1348314606741574,0.10105263157894737,1.5714285714285714,0.2571428571428571,3.1617088097846135e-05
012,1.0,4,0.125,35,1.3142857142857143,0.22857142857142856,-0.1146496815286624,0.08,1.5714285714285714,0.2571428571428571,2.5660630953439068e-08
012,1.0,5,0.1,35,1.2857142857142858,0.2571428571428571,-0.1123595505617978,0.10105263157894737,1.5714285714285714,0.2571428571428571,5.535174096849005e-08
012,1.0,6,0.08333333333333333,35,1.4857142857142858,0.11428571428571428,-0.004415011037527616,0.07628676470588236,1.5714285714285714,0.2571428571428571,4.166434663943619e-08
012,1.0,8,0.0625,35,1.7428571428571429,0.02857142857142857,0.005644402634054635,0.023529411764705882,1.5714285714285714,0.2571428571428571,5.616312392930922e-08
012,1.0,10,0.05,35,1.2857142857142858,0.2857142857142857,-0.12038303693570462,0.12195121951219512,1.5714285714285714,0.2571428571428571,5.254001678167697e-08
012,1.0,12,0.041666666666666664,35,1.3142857142857143,0.2571428571428571,-0.05835543766578244,0.1125,1.5714285714285714,0.2571428571428571,1.6542941011721268e-05
012,1.0,14,0.03571428571428571,35,1.3142857142857143,0.2571428571428571,-0.0390625,0.1346749226006192,1.5714285714285714,0.2571428571428571,1.2146826122716448e-07
012,1.0,16,0.03125,35,1.3714285714285714,0.2,0.002457002457002422,0.11274509803921567,1.5714285714285714,0.2571428571428571,7.057085582573563e-08
012,1.0,20,0.025,35,1.3428571428571427,0.22857142857142856,-0.017699115044247815,0.12400635930047696,1.5714285714285714,0.2571428571428571,6.25835164100863e-05
012,1.0,25,0.02,35,1.3714285714285714,0.14285714285714285,0.10565110565110558,0.08496732026143791,1.5714285714285714,0.2571428571428571,1.6950235703916405e-06
012,1.0,30,0.016666666666666666,35,1.4857142857142858,0.11428571428571428,0.10217391304347823,0.08888888888888888,1.5714285714285714,0.2571428571428571,4.9134039727505296e-05
012,1.0,40,0.0125,35,1.4,0.17142857142857143,-0.06501950585175553,0.08916408668730649,1.5714285714285714,0.2571428571428571,0.00011909577733604237
012,1.0,50,0.01,35,1.457142857142857,0.2,-0.027303754266211566,0.1439655172413793,1.5714285714285714,0.2571428571428571,0.00011497951345518231
012,1.0,60,0.008333333333333333,35,1.4,0.2,-0.02287166454891998,0.12575757575757576,1.5714285714285714,0.2571428571428571,2.1573947378783487e-05
012,1.0,75,0.006666666666666667,35,1.0857142857142856,0.3142857142857143,0.15088757396449692,0.18772727272727274,1.5714285714285714,0.2571428571428571,1.0901833320531296e-06
012,2.0,1,1.0,35,1.1714285714285715,0.4,-0.09555189456342683,0.20317460317460317,1.5714285714285714,0.2571428571428571,0.0013931590365245938
012,2.0,2,0.5,35,1.3714285714285714,0.2571428571428571,-0.2068965517241379,0.11778093883357041,1.5714285714285714,0.2571428571428571,0.00028334191301837564
012,2.0,3,0.3333333333333333,35,1.2571428571428571,0.3142857142857143,-0.13694267515923553,0.13444444444444445,1.5714285714285714,0.2571428571428571,2.4505501642124727e-05
012,2.0,4,0.25,35,1.3142857142857143,0.22857142857142856,-0.09935897435897445,0.08205128205128205,1.5714285714285714,0.2571428571428571,2.112193214998115e-05
012,2.0,5,0.2,35,1.3142857142857143,0.22857142857142856,-0.09935897435897445,0.08205128205128205,1.5714285714285714,0.2571428571428571,1.1453307706688065e-06
012,2.0,6,0.16666666666666666,35,1.4857142857142858,0.11428571428571428,-0.004415011037527616,0.07628676470588236,1.5714285714285714,0.2571428571428571,0.00014508370077237487
012,2.0,8,0.125,35,1.6857142857142857,0.05714285714285714,-0.011799410029498691,0.03891402714932127,1.5714285714285714,0.2571428571428571,2.1125691773704602e-07
012,2.0,10,0.1,35,1.2857142857142858,0.2857142857142857,-0.12038303693570462,0.12195121951219512,1.5714285714285714,0.2571428571428571,4.774760782311205e-06
012,2.0,12,0.08333333333333333,35,1.3142857142857143,0.2571428571428571,-0.05835543766578244,0.1125,1.5714285714285714,0.2571428571428571,0.0005538375116884708
012,2.0,14,0.07142857142857142,35,1.3142857142857143,0.2571428571428571,-0.0390625,0.1346749226006192,1.5714285714285714,0.2571428571428571,0.0008412395254708827
012,2.0,16,0.0625,35,1.3714285714285714,0.2,0.002457002457002422,0.11274509803921567,1.5714285714285714,0.2571428571428571,0.0006785265868529677
012,2.0,20,0.05,35,1.3428571428571427,0.22857142857142856,-0.017699115044247815,0.12400635930047696,1.5714285714285714,0.2571428571428571,6.106434011599049e-05
012,2.0,25,0.04,35,1.3714285714285714,0.14285714285714285,0.10565110565110558,0.08496732026143791,1.5714285714285714,0.2571428571428571,1.757506288413424e-05
012,2.0,30,0.03333333333333333,35,1.4857142857142858,0.11428571428571428,0.10217391304347823,0.08888888888888888,1.5714285714285714,0.2571428571428571,3.50821137544699e-05
012,2.0,40,0.025,35,1.3428571428571427,0.2,-0.023285899094437346,0.12406015037593984,1.5714285714285714,0.2571428571428571,0.0003901949676219374
012,2.0,50,0.02,35,1.4285714285714286,0.17142857142857143,0.01869158878504662,0.125,1.5714285714285714,0.2571428571428571,9.874904662865447e-07
012,2.0,60,0.016666666666666666,35,1.3714285714285714,0.2,-0.02617801047120416,0.12352941176470589,1.5714285714285714,0.2571428571428571,0.004602457396686077
012,2.0,75,0.013333333333333334,35,1.2,0.2571428571428571,0.09550561797752799,0.15774891774891775,1.5714285714285714,0.2571428571428571,0.003510243259370327
