pid,tau,k,l2sp,n_val,set_mae,set_acc,set_qwk,set_macro_f1,base_set_mae,base_set_acc,grad_norm,head_in,embed_fcd,adapt_steps
001,0.005,1,0.0025,37,2.108108108108108,0.2162162162162162,-0.2285714285714286,0.1751724137931034,1.7837837837837838,0.3243243243243243,9.038879215950146e-05,76,1,2000
001,0.005,2,0.00125,37,1.945945945945946,0.2972972972972973,-0.2034124233537724,0.1885057471264367,1.7837837837837838,0.3243243243243243,0.000342276354786,76,1,2000
001,0.005,3,0.0008333333333333,37,1.945945945945946,0.2972972972972973,-0.2034124233537724,0.1885057471264367,1.7837837837837838,0.3243243243243243,0.0004725281905848,76,1,2000
001,0.005,4,0.000625,37,1.8108108108108107,0.3783783783783784,-0.0589453172573377,0.2404040404040404,1.7837837837837838,0.3243243243243243,0.0007055403548292,76,1,2000
001,0.005,5,0.0005,37,1.9189189189189189,0.3243243243243243,-0.0588858791661759,0.2581293706293706,1.7837837837837838,0.3243243243243243,0.0009612137218937,76,1,2000
001,0.005,6,0.0004166666666666,37,1.945945945945946,0.2972972972972973,-0.0468460111317254,0.2272727272727272,1.7837837837837838,0.3243243243243243,0.0008966630557551,76,1,2000
001,0.005,8,0.0003125,37,2.0,0.2432432432432432,-0.0411805078929308,0.1578643578643578,1.7837837837837838,0.3243243243243243,0.0015382450073957,76,1,2000
001,0.005,10,0.00025,37,2.0,0.2432432432432432,-0.0411805078929308,0.1578643578643578,1.7837837837837838,0.3243243243243243,0.0013804455520585,76,1,2000
001,0.005,12,0.0002083333333333,37,1.972972972972973,0.2432432432432432,-0.0271808572424205,0.1586111111111111,1.7837837837837838,0.3243243243243243,0.0013037037570029,76,1,2000
001,0.005,14,0.0001785714285714,37,1.972972972972973,0.2432432432432432,-0.0271808572424205,0.1586111111111111,1.7837837837837838,0.3243243243243243,0.0014079242246225,76,1,2000
001,0.005,16,0.00015625,37,2.0,0.2432432432432432,-0.0327156257149394,0.1578643578643578,1.7837837837837838,0.3243243243243243,0.0016910624690353,76,1,2000
001,0.005,20,0.000125,37,1.837837837837838,0.3243243243243243,-0.023574693288429,0.2417857142857142,1.7837837837837838,0.3243243243243243,0.0026546923909336,76,1,2000
001,0.005,25,0.0001,37,1.972972972972973,0.2432432432432432,-0.2122001370801918,0.1592592592592592,1.7837837837837838,0.3243243243243243,0.0030613776762038,76,1,2000
001,0.005,30,8.333333333333333e-05,37,1.891891891891892,0.2972972972972973,-0.0352692217258405,0.2171561771561772,1.7837837837837838,0.3243243243243243,0.0038788693491369,76,1,2000
001,0.005,40,6.25e-05,37,1.9189189189189189,0.2972972972972973,-0.0321796504225027,0.2191050779286073,1.7837837837837838,0.3243243243243243,0.0044650053605437,76,1,2000
001,0.005,50,5e-05,37,1.864864864864865,0.2702702702702703,0.002354880489815,0.1705627705627705,1.7837837837837838,0.3243243243243243,0.0059666880406439,76,1,2000
001,0.005,60,4.1666666666666665e-05,37,0.6486486486486487,0.5675675675675675,0.7602591792656588,0.4216442816442816,1.7837837837837838,0.3243243243243243,0.0064546419307589,76,1,2000
001,0.005,75,3.3333333333333335e-05,37,1.135135135135135,0.4864864864864865,0.3656027433394883,0.4382892469848992,1.7837837837837838,0.3243243243243243,0.0081491973251104,76,1,2000
001,0.01,1,0.005,37,2.081081081081081,0.2702702702702703,-0.267089779188153,0.2623716153127917,1.7837837837837838,0.3243243243243243,1.2831449566874651e-05,76,1,2000
001,0.01,2,0.0025,37,1.945945945945946,0.2972972972972973,-0.2034124233537724,0.1885057471264367,1.7837837837837838,0.3243243243243243,0.0001746062043821,76,1,2000
001,0.01,3,0.0016666666666666,37,1.945945945945946,0.2972972972972973,-0.2034124233537724,0.1885057471264367,1.7837837837837838,0.3243243243243243,0.0003776516532525,76,1,2000
001,0.01,4,0.00125,37,1.8108108108108107,0.3783783783783784,-0.0589453172573377,0.2404040404040404,1.7837837837837838,0.3243243243243243,0.0005937651148997,76,1,2000
001,0.01,5,0.001,37,1.9189189189189189,0.3243243243243243,-0.0588858791661759,0.2581293706293706,1.7837837837837838,0.3243243243243243,0.000937701202929,76,1,2000
001,0.01,6,0.0008333333333333,37,1.945945945945946,0.2972972972972973,-0.0468460111317254,0.2272727272727272,1.7837837837837838,0.3243243243243243,0.0009199327905662,76,1,2000
001,0.01,8,0.000625,37,2.0,0.2432432432432432,-0.0411805078929308,0.1578643578643578,1.7837837837837838,0.3243243243243243,0.0016906661912798,76,1,2000
001,0.01,10,0.0005,37,2.0,0.2432432432432432,-0.0411805078929308,0.1578643578643578,1.7837837837837838,0.3243243243243243,0.0015044634928926,76,1,2000
001,0.01,12,0.0004166666666666,37,1.972972972972973,0.2432432432432432,-0.0271808572424205,0.1586111111111111,1.7837837837837838,0.3243243243243243,0.0014035206986591,76,1,2000
001,0.01,14,0.0003571428571428,37,1.972972972972973,0.2432432432432432,-0.0271808572424205,0.1586111111111111,1.7837837837837838,0.3243243243243243,0.0015573626151308,76,1,2000
001,0.01,16,0.0003125,37,2.0,0.2432432432432432,-0.0327156257149394,0.1578643578643578,1.7837837837837838,0.3243243243243243,0.0017679800512269,76,1,2000
001,0.01,20,0.00025,37,1.8108108108108107,0.3513513513513513,-0.0264082374318594,0.2652777777777778,1.7837837837837838,0.3243243243243243,0.002329807030037,76,1,2000
001,0.01,25,0.0002,37,2.0,0.2162162162162162,-0.2398771292934933,0.1461538461538461,1.7837837837837838,0.3243243243243243,0.0027603057678788,76,1,2000
001,0.01,30,0.0001666666666666,37,1.891891891891892,0.2972972972972973,-0.0352692217258405,0.2171561771561772,1.7837837837837838,0.3243243243243243,0.0033174364361912,76,1,2000
001,0.01,40,0.000125,37,1.9189189189189189,0.2972972972972973,-0.0321796504225027,0.2191050779286073,1.7837837837837838,0.3243243243243243,0.0039167692884802,76,1,2000
001,0.01,50,0.0001,37,1.837837837837838,0.2972972972972973,0.0135640785781104,0.2342990342990343,1.7837837837837838,0.3243243243243243,0.0052667916752398,76,1,2000
001,0.01,60,8.333333333333333e-05,37,0.6486486486486487,0.5675675675675675,0.7602591792656588,0.4216442816442816,1.7837837837837838,0.3243243243243243,0.0055743046104907,76,1,2000
001,0.01,75,6.666666666666667e-05,37,1.108108108108108,0.5135135135135135,0.3753435414212799,0.4726482213438736,1.7837837837837838,0.3243243243243243,0.0073472335934638,76,1,2000
001,0.02,1,0.01,37,2.135135135135135,0.2162162162162162,-0.3669054642505969,0.2124812834224598,1.7837837837837838,0.3243243243243243,1.7151479880794798e-07,76,1,2000
001,0.02,2,0.005,37,1.945945945945946,0.2972972972972973,-0.2034124233537724,0.1885057471264367,1.7837837837837838,0.3243243243243243,3.285309867351316e-05,76,1,2000
001,0.02,3,0.0033333333333333,37,1.945945945945946,0.2972972972972973,-0.2034124233537724,0.1885057471264367,1.7837837837837838,0.3243243243243243,0.0001930674334289,76,1,2000
001,0.02,4,0.0025,37,1.8108108108108107,0.3783783783783784,-0.0589453172573377,0.2404040404040404,1.7837837837837838,0.3243243243243243,0.0003281696117483,76,1,2000
001,0.02,5,0.002,37,1.9189189189189189,0.3243243243243243,-0.0588858791661759,0.2581293706293706,1.7837837837837838,0.3243243243243243,0.0006648106500506,76,1,2000
001,0.02,6,0.0016666666666666,37,1.945945945945946,0.2972972972972973,-0.0468460111317254,0.2272727272727272,1.7837837837837838,0.3243243243243243,0.0007022673380561,76,1,2000
001,0.02,8,0.00125,37,2.0,0.2432432432432432,-0.0411805078929308,0.1578643578643578,1.7837837837837838,0.3243243243243243,0.0015695883193984,76,1,2000
001,0.02,10,0.001,37,2.0,0.2432432432432432,-0.0411805078929308,0.1578643578643578,1.7837837837837838,0.3243243243243243,0.001387343974784,76,1,2000
001,0.02,12,0.0008333333333333,37,1.972972972972973,0.2432432432432432,-0.0271808572424205,0.1586111111111111,1.7837837837837838,0.3243243243243243,0.0012831828789785,76,1,2000
001,0.02,14,0.0007142857142857,37,1.972972972972973,0.2432432432432432,-0.0271808572424205,0.1586111111111111,1.7837837837837838,0.3243243243243243,0.0015765236457809,76,1,2000
001,0.02,16,0.000625,37,2.0,0.2432432432432432,-0.0327156257149394,0.1578643578643578,1.7837837837837838,0.3243243243243243,0.0018369188765063,76,1,2000
001,0.02,20,0.0005,37,1.8108108108108107,0.3513513513513513,-0.0264082374318594,0.2652777777777778,1.7837837837837838,0.3243243243243243,0.0019362113671377,76,1,2000
001,0.02,25,0.0004,37,1.972972972972973,0.2432432432432432,-0.2122001370801918,0.1592592592592592,1.7837837837837838,0.3243243243243243,0.0023259057197719,76,1,2000
001,0.02,30,0.0003333333333333,37,1.864864864864865,0.3243243243243243,-0.0381200426186814,0.2435786435786435,1.7837837837837838,0.3243243243243243,0.0025852834805846,76,1,2000
001,0.02,40,0.00025,37,1.9189189189189189,0.2972972972972973,-0.0321796504225027,0.2191050779286073,1.7837837837837838,0.3243243243243243,0.0032160005066543,76,1,2000
001,0.02,50,0.0002,37,1.864864864864865,0.2702702702702703,0.0244099021301094,0.1746606334841628,1.7837837837837838,0.3243243243243243,0.0043965610675513,76,1,2000
001,0.02,60,0.0001666666666666,37,0.6486486486486487,0.5675675675675675,0.7602591792656588,0.4216442816442816,1.7837837837837838,0.3243243243243243,0.0043767667375504,76,1,2000
001,0.02,75,0.0001333333333333,37,1.162162162162162,0.4594594594594595,0.3557091585803535,0.3983625070581592,1.7837837837837838,0.3243243243243243,0.006138302385807,76,1,2000
001,0.05,1,0.025,37,2.27027027027027,0.1621621621621621,-0.4986791899031406,0.1433333333333333,1.7837837837837838,0.3243243243243243,2.1955007468932308e-05,76,1,2000
001,0.05,2,0.0125,37,1.945945945945946,0.2972972972972973,-0.2034124233537724,0.1885057471264367,1.7837837837837838,0.3243243243243243,5.333541253094154e-07,76,1,2000
001,0.05,3,0.0083333333333333,37,1.945945945945946,0.2972972972972973,-0.2034124233537724,0.1885057471264367,1.7837837837837838,0.3243243243243243,1.411412358720554e-05,76,1,2000
001,0.05,4,0.00625,37,1.8108108108108107,0.3783783783783784,-0.0589453172573377,0.2404040404040404,1.7837837837837838,0.3243243243243243,4.85980708617717e-05,76,1,2000
001,0.05,5,0.005,37,1.9189189189189189,0.3243243243243243,-0.0588858791661759,0.2581293706293706,1.7837837837837838,0.3243243243243243,0.0001479771308368,76,1,2000
001,0.05,6,0.0041666666666666,37,1.945945945945946,0.2972972972972973,-0.0468460111317254,0.2272727272727272,1.7837837837837838,0.3243243243243243,0.0001939646608661,76,1,2000
001,0.05,8,0.003125,37,2.0,0.2432432432432432,-0.0411805078929308,0.1578643578643578,1.7837837837837838,0.3243243243243243,0.0008375619654543,76,1,2000
001,0.05,10,0.0025,37,2.0,0.2432432432432432,-0.0411805078929308,0.1578643578643578,1.7837837837837838,0.3243243243243243,0.000700352131389,76,1,2000
001,0.05,12,0.0020833333333333,37,1.972972972972973,0.2432432432432432,-0.0271808572424205,0.1586111111111111,1.7837837837837838,0.3243243243243243,0.0006558610475622,76,1,2000
001,0.05,14,0.0017857142857142,37,1.972972972972973,0.2432432432432432,-0.0271808572424205,0.1586111111111111,1.7837837837837838,0.3243243243243243,0.0010597228538244,76,1,2000
001,0.05,16,0.0015625,37,1.972972972972973,0.2432432432432432,-0.0271808572424205,0.1586111111111111,1.7837837837837838,0.3243243243243243,0.0014637999702244,76,1,2000
001,0.05,20,0.00125,37,1.8108108108108107,0.3513513513513513,-0.0264082374318594,0.2652777777777778,1.7837837837837838,0.3243243243243243,0.0011602466693148,76,1,2000
001,0.05,25,0.001,37,1.945945945945946,0.2702702702702703,-0.1974435681261896,0.2045224171539961,1.7837837837837838,0.3243243243243243,0.001473884913139,76,1,2000
001,0.05,30,0.0008333333333333,37,1.864864864864865,0.3243243243243243,-0.0381200426186814,0.2435786435786435,1.7837837837837838,0.3243243243243243,0.0014187499182298,76,1,2000
001,0.05,40,0.000625,37,1.9189189189189189,0.2972972972972973,-0.0321796504225027,0.2191050779286073,1.7837837837837838,0.3243243243243243,0.0020713582634925,76,1,2000
001,0.05,50,0.0005,37,1.864864864864865,0.3243243243243243,-0.022099447513812,0.2771561771561771,1.7837837837837838,0.3243243243243243,0.0029401686042547,76,1,2000
001,0.05,60,0.0004166666666666,37,0.6756756756756757,0.5675675675675675,0.7028321826123713,0.4509401709401709,1.7837837837837838,0.3243243243243243,0.0025872543919831,76,1,2000
001,0.05,75,0.0003333333333333,37,1.162162162162162,0.4594594594594595,0.3466774497910769,0.3969772256728778,1.7837837837837838,0.3243243243243243,0.0040023163892328,76,1,2000
001,0.1,1,0.05,37,2.324324324324324,0.1621621621621621,-0.5657773689052437,0.1546897546897547,1.7837837837837838,0.3243243243243243,2.69709180429345e-05,76,1,2000
001,0.1,2,0.025,37,1.9189189189189189,0.3243243243243243,-0.2468450977672998,0.2683760683760684,1.7837837837837838,0.3243243243243243,8.811376517314785e-08,76,1,2000
001,0.1,3,0.0166666666666666,37,1.864864864864865,0.3243243243243243,-0.1928762494720539,0.2393162393162393,1.7837837837837838,0.3243243243243243,7.136629847082077e-07,76,1,2000
001,0.1,4,0.0125,37,1.8108108108108107,0.3783783783783784,-0.0589453172573377,0.2404040404040404,1.7837837837837838,0.3243243243243243,1.6693429643055424e-06,76,1,2000
001,0.1,5,0.01,37,1.9189189189189189,0.3243243243243243,-0.0588858791661759,0.2581293706293706,1.7837837837837838,0.3243243243243243,7.286470008693868e-06,76,1,2000
001,0.1,6,0.0083333333333333,37,1.945945945945946,0.2972972972972973,-0.0468460111317254,0.2272727272727272,1.7837837837837838,0.3243243243243243,1.585029713169206e-05,76,1,2000
001,0.1,8,0.00625,37,2.0,0.2432432432432432,-0.0411805078929308,0.1578643578643578,1.7837837837837838,0.3243243243243243,0.0002070488553727,76,1,2000
001,0.1,10,0.005,37,2.0,0.2432432432432432,-0.0411805078929308,0.1578643578643578,1.7837837837837838,0.3243243243243243,0.0001685304159764,76,1,2000
001,0.1,12,0.0041666666666666,37,1.972972972972973,0.2432432432432432,-0.0271808572424205,0.1586111111111111,1.7837837837837838,0.3243243243243243,0.0001673184451647,76,1,2000
001,0.1,14,0.0035714285714285,37,1.972972972972973,0.2432432432432432,-0.0271808572424205,0.1586111111111111,1.7837837837837838,0.3243243243243243,0.0004269194614607,76,1,2000
001,0.1,16,0.003125,37,1.972972972972973,0.2432432432432432,-0.0271808572424205,0.1586111111111111,1.7837837837837838,0.3243243243243243,0.0007518815109506,76,1,2000
001,0.1,20,0.0025,37,1.8108108108108107,0.3513513513513513,-0.0264082374318594,0.2652777777777778,1.7837837837837838,0.3243243243243243,0.0004593984631355,76,1,2000
001,0.1,25,0.002,37,1.945945945945946,0.2702702702702703,-0.1974435681261896,0.2045224171539961,1.7837837837837838,0.3243243243243243,0.0007057424518279,76,1,2000
001,0.1,30,0.0016666666666666,37,1.864864864864865,0.3243243243243243,-0.0381200426186814,0.2435786435786435,1.7837837837837838,0.3243243243243243,0.0006645380053669,76,1,2000
001,0.1,40,0.00125,37,1.9189189189189189,0.2702702702702703,-0.0561328078347067,0.2036713286713286,1.7837837837837838,0.3243243243243243,0.0012056728592142,76,1,2000
001,0.1,50,0.001,37,1.8108108108108107,0.3243243243243243,-0.0281519233102778,0.2626302729528536,1.7837837837837838,0.3243243243243243,0.001636765548028,76,1,2000
001,0.1,60,0.0008333333333333,37,0.7837837837837838,0.5405405405405406,0.6279101804656289,0.4197142857142857,1.7837837837837838,0.3243243243243243,0.0013676413800567,76,1,2000
001,0.1,75,0.0006666666666666,37,1.5135135135135136,0.3243243243243243,0.1651970954356846,0.2257625272331155,1.7837837837837838,0.3243243243243243,0.0023141568526625,76,1,2000
001,0.2,1,0.1,37,2.324324324324324,0.1351351351351351,-0.5946283572767019,0.1316666666666666,1.7837837837837838,0.3243243243243243,9.699543443275616e-05,76,1,2000
001,0.2,2,0.05,37,1.891891891891892,0.2702702702702703,-0.2660295930949445,0.193030303030303,1.7837837837837838,0.3243243243243243,4.48074843006907e-06,76,1,2000
001,0.2,3,0.0333333333333333,37,1.891891891891892,0.2702702702702703,-0.2660295930949445,0.193030303030303,1.7837837837837838,0.3243243243243243,2.761217047009268e-06,76,1,2000
001,0.2,4,0.025,37,1.8108108108108107,0.3783783783783784,-0.0589453172573377,0.2404040404040404,1.7837837837837838,0.3243243243243243,1.3690760169993157e-07,76,1,2000
001,0.2,5,0.02,37,1.9189189189189189,0.3243243243243243,-0.0588858791661759,0.2581293706293706,1.7837837837837838,0.3243243243243243,1.664995181727136e-07,76,1,2000
001,0.2,6,0.0166666666666666,37,1.945945945945946,0.2972972972972973,-0.0468460111317254,0.2272727272727272,1.7837837837837838,0.3243243243243243,1.796344122340088e-07,76,1,2000
001,0.2,8,0.0125,37,2.0,0.2432432432432432,-0.0411805078929308,0.1578643578643578,1.7837837837837838,0.3243243243243243,8.707722372491844e-06,76,1,2000
001,0.2,10,0.01,37,2.0,0.2432432432432432,-0.0411805078929308,0.1578643578643578,1.7837837837837838,0.3243243243243243,7.501739219151204e-06,76,1,2000
001,0.2,12,0.0083333333333333,37,1.972972972972973,0.2432432432432432,-0.0271808572424205,0.1586111111111111,1.7837837837837838,0.3243243243243243,8.351918040716555e-06,76,1,2000
001,0.2,14,0.0071428571428571,37,1.972972972972973,0.2432432432432432,-0.0271808572424205,0.1586111111111111,1.7837837837837838,0.3243243243243243,5.568664346355945e-05,76,1,2000
001,0.2,16,0.00625,37,1.972972972972973,0.2432432432432432,-0.0271808572424205,0.1586111111111111,1.7837837837837838,0.3243243243243243,0.0001610646431799,76,1,2000
001,0.2,20,0.005,37,1.837837837837838,0.3243243243243243,-0.023574693288429,0.2417857142857142,1.7837837837837838,0.3243243243243243,6.435941759264097e-05,76,1,2000
001,0.2,25,0.004,37,1.972972972972973,0.2702702702702703,-0.210765326566048,0.2068504594820384,1.7837837837837838,0.3243243243243243,0.0001586794387549,76,1,2000
001,0.2,30,0.0033333333333333,37,1.864864864864865,0.3243243243243243,-0.0381200426186814,0.2435786435786435,1.7837837837837838,0.3243243243243243,0.0002090619382215,76,1,2000
001,0.2,40,0.0025,37,1.9189189189189189,0.2702702702702703,-0.0561328078347067,0.2036713286713286,1.7837837837837838,0.3243243243243243,0.0005278290482237,76,1,2000
001,0.2,50,0.002,37,1.7297297297297298,0.3783783783783784,-0.0226130653266332,0.3108374384236453,1.7837837837837838,0.3243243243243243,0.0006024480098858,76,1,2000
001,0.2,60,0.0016666666666666,37,0.8108108108108109,0.5675675675675675,0.5962902345881069,0.4399999999999999,1.7837837837837838,0.3243243243243243,0.0005279202014207,76,1,2000
001,0.2,75,0.0013333333333333,37,1.5405405405405406,0.3513513513513513,0.103705643577321,0.2422222222222222,1.7837837837837838,0.3243243243243243,0.0009881414007395,76,1,2000
001,0.5,1,0.25,37,2.324324324324324,0.1891891891891892,-0.7034771410173859,0.2019047619047619,1.7837837837837838,0.3243243243243243,0.0002272583660669,76,1,2000
001,0.5,2,0.125,37,1.837837837837838,0.1891891891891892,-0.3043630017452006,0.1076923076923076,1.7837837837837838,0.3243243243243243,0.0002627029898576,76,1,2000
001,0.5,3,0.0833333333333333,37,1.7567567567567568,0.2162162162162162,-0.2539069359086916,0.152,1.7837837837837838,0.3243243243243243,1.3734196727455128e-05,76,1,2000
001,0.5,4,0.0625,37,1.7837837837837838,0.3783783783783784,-0.0443179004704135,0.2430555555555555,1.7837837837837838,0.3243243243243243,1.1814054801106977e-07,76,1,2000
001,0.5,5,0.05,37,1.864864864864865,0.3243243243243243,-0.0301519756838906,0.2557575757575757,1.7837837837837838,0.3243243243243243,1.2426562534528784e-07,76,1,2000
001,0.5,6,0.0416666666666666,37,1.945945945945946,0.2972972972972973,-0.0468460111317254,0.2272727272727272,1.7837837837837838,0.3243243243243243,1.216600793441103e-07,76,1,2000
001,0.5,8,0.03125,37,2.0,0.2432432432432432,-0.0411805078929308,0.1578643578643578,1.7837837837837838,0.3243243243243243,1.7082408021451556e-07,76,1,2000
001,0.5,10,0.025,37,2.0,0.2432432432432432,-0.0411805078929308,0.1578643578643578,1.7837837837837838,0.3243243243243243,1.7726758017033717e-07,76,1,2000
001,0.5,12,0.0208333333333333,37,1.972972972972973,0.2432432432432432,-0.0271808572424205,0.1586111111111111,1.7837837837837838,0.3243243243243243,1.5966777766607265e-07,76,1,2000
001,0.5,14,0.0178571428571428,37,1.972972972972973,0.2432432432432432,-0.0271808572424205,0.1586111111111111,1.7837837837837838,0.3243243243243243,1.964580604862931e-07,76,1,2000
001,0.5,16,0.015625,37,1.972972972972973,0.2432432432432432,-0.0271808572424205,0.1586111111111111,1.7837837837837838,0.3243243243243243,1.5200326970443712e-06,76,1,2000
001,0.5,20,0.0125,37,1.864864864864865,0.2972972972972973,-0.0207810820494447,0.2161713286713286,1.7837837837837838,0.3243243243243243,2.857045728887897e-07,76,1,2000
001,0.5,25,0.01,37,1.945945945945946,0.2972972972972973,-0.1779749478079333,0.2571428571428571,1.7837837837837838,0.3243243243243243,1.5072400856297463e-06,76,1,2000
001,0.5,30,0.0083333333333333,37,1.864864864864865,0.3243243243243243,-0.0381200426186814,0.2435786435786435,1.7837837837837838,0.3243243243243243,6.4104860939551145e-06,76,1,2000
001,0.5,40,0.00625,37,1.864864864864865,0.3243243243243243,-0.0718738540520718,0.2644323418516967,1.7837837837837838,0.3243243243243243,5.23864509887062e-05,76,1,2000
001,0.5,50,0.005,37,1.7297297297297298,0.3513513513513513,-0.045142555438226,0.2805555555555555,1.7837837837837838,0.3243243243243243,5.712317579309456e-05,76,1,2000
001,0.5,60,0.0041666666666666,37,1.0,0.5405405405405406,0.4486508256141764,0.431154714850367,1.7837837837837838,0.3243243243243243,5.861022145836614e-05,76,1,2000
001,0.5,75,0.0033333333333333,37,1.7027027027027026,0.3513513513513513,0.0007827788649706,0.2228675136116152,1.7837837837837838,0.3243243243243243,0.0001263883896172,76,1,2000
001,1.0,1,0.5,37,2.2432432432432434,0.2432432432432432,-0.6468842729970326,0.228030303030303,1.7837837837837838,0.3243243243243243,0.0007423930801451,76,1,2000
001,1.0,2,0.25,37,1.8108108108108107,0.2432432432432432,-0.2940664694623283,0.1837995337995338,1.7837837837837838,0.3243243243243243,0.0010529963765293,76,1,2000
001,1.0,3,0.1666666666666666,37,1.7837837837837838,0.2432432432432432,-0.2790449037776195,0.1837995337995338,1.7837837837837838,0.3243243243243243,6.333081546472386e-05,76,1,2000
001,1.0,4,0.125,37,1.7027027027027026,0.3783783783783784,-0.0070321656465686,0.2521072796934865,1.7837837837837838,0.3243243243243243,9.562080549585517e-08,76,1,2000
001,1.0,5,0.1,37,1.891891891891892,0.2702702702702703,-0.0684896498849987,0.2276094276094276,1.7837837837837838,0.3243243243243243,4.720865547369613e-07,76,1,2000
001,1.0,6,0.0833333333333333,37,1.945945945945946,0.2972972972972973,-0.0468460111317254,0.2272727272727272,1.7837837837837838,0.3243243243243243,1.0676421879907141e-07,76,1,2000
001,1.0,8,0.0625,37,2.0,0.2432432432432432,-0.0411805078929308,0.1578643578643578,1.7837837837837838,0.3243243243243243,1.2261766357823944e-07,76,1,2000
001,1.0,10,0.05,37,2.0,0.2432432432432432,-0.0411805078929308,0.1578643578643578,1.7837837837837838,0.3243243243243243,1.289187139263959e-07,76,1,2000
001,1.0,12,0.0416666666666666,37,1.972972972972973,0.2432432432432432,-0.0271808572424205,0.1586111111111111,1.7837837837837838,0.3243243243243243,1.239726969970434e-07,76,1,2000
001,1.0,14,0.0357142857142857,37,1.972972972972973,0.2432432432432432,-0.0271808572424205,0.1586111111111111,1.7837837837837838,0.3243243243243243,1.441651562572588e-07,76,1,2000
001,1.0,16,0.03125,37,1.972972972972973,0.2432432432432432,-0.0271808572424205,0.1586111111111111,1.7837837837837838,0.3243243243243243,1.6647641132294669e-07,76,1,2000
001,1.0,20,0.025,37,1.945945945945946,0.2702702702702703,-0.0299415204678361,0.1960714285714286,1.7837837837837838,0.3243243243243243,1.5371600170510646e-07,76,1,2000
001,1.0,25,0.02,37,1.891891891891892,0.2972972972972973,-0.1315857106142381,0.2571428571428571,1.7837837837837838,0.3243243243243243,1.3872760007416218e-07,76,1,2000
001,1.0,30,0.0166666666666666,37,1.891891891891892,0.2972972972972973,-0.0842157104161536,0.2240860215053763,1.7837837837837838,0.3243243243243243,1.5087483973275084e-07,76,1,2000
001,1.0,40,0.0125,37,1.9189189189189189,0.2972972972972973,-0.0999136548661649,0.2512820512820513,1.7837837837837838,0.3243243243243243,6.592648560399539e-07,76,1,2000
001,1.0,50,0.01,37,1.8108108108108107,0.2702702702702703,-0.0516044531761623,0.2115099715099715,1.7837837837837838,0.3243243243243243,1.150757157120097e-06,76,1,2000
001,1.0,60,0.0083333333333333,37,1.0810810810810811,0.4864864864864865,0.3831590844871432,0.3999749820183257,1.7837837837837838,0.3243243243243243,1.045085582518368e-06,76,1,2000
001,1.0,75,0.0066666666666666,37,1.837837837837838,0.3513513513513513,-0.0491322415057442,0.2286764705882353,1.7837837837837838,0.3243243243243243,3.6290002753958106e-06,76,1,2000
001,2.0,1,1.0,37,2.27027027027027,0.2432432432432432,-0.6812837623133141,0.2363636363636364,1.7837837837837838,0.3243243243243243,0.0025470582768321,76,1,2000
001,2.0,2,0.5,37,1.864864864864865,0.2972972972972973,-0.3948798877783621,0.256183574879227,1.7837837837837838,0.3243243243243243,0.0002227802178822,76,1,2000
001,2.0,3,0.3333333333333333,37,1.8108108108108107,0.3243243243243243,-0.3385840401592523,0.2816993464052288,1.7837837837837838,0.3243243243243243,0.0001839626202126,76,1,2000
001,2.0,4,0.25,37,1.6216216216216215,0.3513513513513513,-0.0511985794613791,0.3172438672438672,1.7837837837837838,0.3243243243243243,1.861398595792707e-05,76,1,2000
001,2.0,5,0.2,37,1.837837837837838,0.2432432432432432,-0.0761772853185593,0.209090909090909,1.7837837837837838,0.3243243243243243,6.314512575045228e-05,76,1,2000
001,2.0,6,0.1666666666666666,37,1.945945945945946,0.2702702702702703,-0.0443548387096772,0.1875,1.7837837837837838,0.3243243243243243,6.074544671719195e-06,76,1,2000
001,2.0,8,0.125,37,2.0,0.2432432432432432,-0.0411805078929308,0.1578643578643578,1.7837837837837838,0.3243243243243243,9.252995880615345e-08,76,1,2000
001,2.0,10,0.1,37,2.0,0.2432432432432432,-0.0411805078929308,0.1578643578643578,1.7837837837837838,0.3243243243243243,9.972005443614763e-08,76,1,2000
001,2.0,12,0.0833333333333333,37,1.972972972972973,0.2432432432432432,-0.0271808572424205,0.1586111111111111,1.7837837837837838,0.3243243243243243,1.0001493677691543e-07,76,1,2000
001,2.0,14,0.0714285714285714,37,1.972972972972973,0.2432432432432432,-0.0271808572424205,0.1586111111111111,1.7837837837837838,0.3243243243243243,1.049706099820469e-07,76,1,2000
001,2.0,16,0.0625,37,1.972972972972973,0.2432432432432432,-0.0271808572424205,0.1586111111111111,1.7837837837837838,0.3243243243243243,1.236057869391516e-07,76,1,2000
001,2.0,20,0.05,37,1.945945945945946,0.2702702702702703,-0.0299415204678361,0.1960714285714286,1.7837837837837838,0.3243243243243243,1.0021229712720017e-07,76,1,2000
001,2.0,25,0.04,37,1.891891891891892,0.2972972972972973,-0.1315857106142381,0.2571428571428571,1.7837837837837838,0.3243243243243243,1.342529714065677e-07,76,1,2000
001,2.0,30,0.0333333333333333,37,1.945945945945946,0.2702702702702703,-0.1125745526838963,0.2142857142857142,1.7837837837837838,0.3243243243243243,1.3114187424889678e-07,76,1,2000
001,2.0,40,0.025,37,1.9189189189189189,0.2972972972972973,-0.0999136548661649,0.2512820512820513,1.7837837837837838,0.3243243243243243,1.4194797870459297e-07,76,1,2000
001,2.0,50,0.02,37,1.891891891891892,0.2702702702702703,-0.0935492161398099,0.2142857142857142,1.7837837837837838,0.3243243243243243,1.280780708157181e-07,76,1,2000
001,2.0,60,0.0166666666666666,37,1.2972972972972974,0.4054054054054054,0.2411812961443807,0.3361670480549198,1.7837837837837838,0.3243243243243243,1.0495968183477089e-07,76,1,2000
001,2.0,75,0.0133333333333333,37,1.8108108108108107,0.3783783783783784,-0.0589453172573377,0.2404040404040404,1.7837837837837838,0.3243243243243243,9.68661382216851e-08,76,1,2000
001,5.0,1,2.5,37,2.108108108108108,0.2702702702702703,-0.6108843537414967,0.2543956043956044,1.7837837837837838,0.3243243243243243,0.0026637946721166,76,1,2000
001,5.0,2,1.25,37,2.0,0.2972972972972973,-0.5683282468633435,0.238989898989899,1.7837837837837838,0.3243243243243243,0.0050472845323383,76,1,2000
001,5.0,3,0.8333333333333334,37,1.9189189189189189,0.2702702702702703,-0.4577131850814218,0.1933333333333333,1.7837837837837838,0.3243243243243243,0.0011729334946721,76,1,2000
001,5.0,4,0.625,37,1.5945945945945943,0.2702702702702703,-0.0876740587931923,0.2284644766997708,1.7837837837837838,0.3243243243243243,4.8506139137316495e-05,76,1,2000
001,5.0,5,0.5,37,1.648648648648649,0.2162162162162162,-0.0272829401380196,0.2159103641456582,1.7837837837837838,0.3243243243243243,4.548068318399601e-05,76,1,2000
001,5.0,6,0.4166666666666667,37,1.9189189189189189,0.2972972972972973,-0.0472948763883913,0.210576923076923,1.7837837837837838,0.3243243243243243,0.0003785936860367,76,1,2000
001,5.0,8,0.3125,37,1.972972972972973,0.2432432432432432,-0.0271808572424205,0.1586111111111111,1.7837837837837838,0.3243243243243243,0.0001143067784141,76,1,2000
001,5.0,10,0.25,37,1.972972972972973,0.2432432432432432,-0.0271808572424205,0.1586111111111111,1.7837837837837838,0.3243243243243243,0.0001011673884931,76,1,2000
001,5.0,12,0.2083333333333333,37,1.972972972972973,0.2432432432432432,-0.0271808572424205,0.1586111111111111,1.7837837837837838,0.3243243243243243,0.0002436440991004,76,1,2000
001,5.0,14,0.1785714285714285,37,1.972972972972973,0.2432432432432432,-0.0271808572424205,0.1586111111111111,1.7837837837837838,0.3243243243243243,9.15695636649616e-06,76,1,2000
001,5.0,16,0.15625,37,1.945945945945946,0.2702702702702703,-0.0389334591788577,0.1847670250896057,1.7837837837837838,0.3243243243243243,9.31446948015946e-07,76,1,2000
001,5.0,20,0.125,37,1.945945945945946,0.2702702702702703,-0.0389334591788577,0.1847670250896057,1.7837837837837838,0.3243243243243243,7.645455468718866e-08,76,1,2000
001,5.0,25,0.1,37,2.027027027027027,0.2162162162162162,-0.1212121212121211,0.1822312373225152,1.7837837837837838,0.3243243243243243,1.1589381188059633e-07,76,1,2000
001,5.0,30,0.0833333333333333,37,1.972972972972973,0.2702702702702703,-0.1181694831626987,0.2205128205128205,1.7837837837837838,0.3243243243243243,9.110463849992813e-08,76,1,2000
001,5.0,40,0.0625,37,1.972972972972973,0.2432432432432432,-0.084897558581769,0.196024340770791,1.7837837837837838,0.3243243243243243,1.112358845034578e-07,76,1,2000
001,5.0,50,0.05,37,1.945945945945946,0.2432432432432432,-0.0865822784810128,0.1964285714285714,1.7837837837837838,0.3243243243243243,8.151810249046322e-08,76,1,2000
001,5.0,60,0.0416666666666666,37,1.5405405405405406,0.3243243243243243,0.1251182272665856,0.2837589350121319,1.7837837837837838,0.3243243243243243,8.659512218400779e-08,76,1,2000
001,5.0,75,0.0333333333333333,37,1.891891891891892,0.3243243243243243,-0.0502766418089966,0.2303571428571428,1.7837837837837838,0.3243243243243243,6.456092194184748e-08,76,1,2000
002,0.005,1,0.0025,28,1.6071428571428572,0.4642857142857143,0.0194274028629857,0.1625,1.7142857142857142,0.1428571428571428,0.0010349021758884,76,1,2000
002,0.005,2,0.00125,28,2.392857142857143,0.2142857142857142,-0.5463362068965518,0.1422222222222222,1.7142857142857142,0.1428571428571428,0.0010904318187385,76,1,2000
002,0.005,3,0.0008333333333333,28,1.0714285714285714,0.2857142857142857,0.359621451104101,0.1811764705882353,1.7142857142857142,0.1428571428571428,0.0013077725889161,76,1,2000
002,0.005,4,0.000625,28,1.0,0.3214285714285714,0.4220183486238533,0.1955555555555555,1.7142857142857142,0.1428571428571428,0.0011507475282996,76,1,2000
002,0.005,5,0.0005,28,1.0357142857142858,0.3571428571428571,0.3598200899550224,0.2107416879795396,1.7142857142857142,0.1428571428571428,0.000834739068523,76,1,2000
002,0.005,6,0.0004166666666666,28,1.0357142857142858,0.3571428571428571,0.3598200899550224,0.2107416879795396,1.7142857142857142,0.1428571428571428,0.0014477734221145,76,1,2000
002,0.005,8,0.0003125,28,0.7857142857142857,0.6071428571428571,0.506527415143603,0.2786764705882353,1.7142857142857142,0.1428571428571428,0.0013545741094276,76,1,2000
002,0.005,10,0.00025,28,0.8571428571428571,0.6071428571428571,0.4585152838427947,0.2666666666666666,1.7142857142857142,0.1428571428571428,0.0012813606299459,76,1,2000
002,0.005,12,0.0002083333333333,28,0.8571428571428571,0.6071428571428571,0.4585152838427947,0.2666666666666666,1.7142857142857142,0.1428571428571428,0.0012596298474818,76,1,2000
002,0.005,14,0.0001785714285714,28,0.75,0.6428571428571429,0.5414091470951793,0.2848684210526316,1.7142857142857142,0.1428571428571428,0.0014578069094568,76,1,2000
002,0.005,16,0.00015625,28,0.8571428571428571,0.6071428571428571,0.4585152838427947,0.2666666666666666,1.7142857142857142,0.1428571428571428,0.0013755704276263,76,1,2000
002,0.005,20,0.000125,28,1.2142857142857142,0.4642857142857143,0.1791530944625406,0.1942857142857142,1.7142857142857142,0.1428571428571428,0.0018653542501851,76,1,2000
002,0.005,25,0.0001,28,1.25,0.3928571428571428,0.2715311004784689,0.2827586206896552,1.7142857142857142,0.1428571428571428,0.0021486592013388,76,1,2000
002,0.005,30,8.333333333333333e-05,28,1.2857142857142858,0.3214285714285714,0.3592336349121874,0.1689655172413793,1.7142857142857142,0.1428571428571428,0.0028030995745211,76,1,2000
002,0.005,40,6.25e-05,28,1.0357142857142858,0.3928571428571428,0.5299586776859504,0.2,1.7142857142857142,0.1428571428571428,0.0042673982679843,76,1,2000
002,0.005,50,5e-05,28,0.9285714285714286,0.5,0.4879056047197639,0.32,1.7142857142857142,0.1428571428571428,0.0047702360898256,76,1,2000
002,0.005,60,4.1666666666666665e-05,28,0.9642857142857144,0.5357142857142857,0.4467353951890035,0.4337760910815939,1.7142857142857142,0.1428571428571428,0.0054363836534321,76,1,2000
002,0.01,1,0.005,28,1.4642857142857142,0.4642857142857143,0.1023706896551722,0.1405405405405405,1.7142857142857142,0.1428571428571428,0.0008979212143458,76,1,2000
002,0.01,2,0.0025,28,2.392857142857143,0.2142857142857142,-0.5463362068965518,0.1422222222222222,1.7142857142857142,0.1428571428571428,0.0008736622403375,76,1,2000
002,0.01,3,0.0016666666666666,28,1.0714285714285714,0.2857142857142857,0.359621451104101,0.1811764705882353,1.7142857142857142,0.1428571428571428,0.0010052939178422,76,1,2000
002,0.01,4,0.00125,28,1.0,0.3214285714285714,0.4220183486238533,0.1955555555555555,1.7142857142857142,0.1428571428571428,0.000881016603671,76,1,2000
002,0.01,5,0.001,28,1.0357142857142858,0.3571428571428571,0.3598200899550224,0.2107416879795396,1.7142857142857142,0.1428571428571428,0.0006341904518194,76,1,2000
002,0.01,6,0.0008333333333333,28,1.0357142857142858,0.3571428571428571,0.3598200899550224,0.2107416879795396,1.7142857142857142,0.1428571428571428,0.0014862359967082,76,1,2000
002,0.01,8,0.000625,28,0.7857142857142857,0.6071428571428571,0.506527415143603,0.2786764705882353,1.7142857142857142,0.1428571428571428,0.0013967890990898,76,1,2000
002,0.01,10,0.0005,28,0.8571428571428571,0.6071428571428571,0.4585152838427947,0.2666666666666666,1.7142857142857142,0.1428571428571428,0.0012395894154906,76,1,2000
002,0.01,12,0.0004166666666666,28,0.8571428571428571,0.6071428571428571,0.4585152838427947,0.2666666666666666,1.7142857142857142,0.1428571428571428,0.0011976902605965,76,1,2000
002,0.01,14,0.0003571428571428,28,0.8571428571428571,0.6071428571428571,0.4585152838427947,0.2666666666666666,1.7142857142857142,0.1428571428571428,0.0013519738567993,76,1,2000
002,0.01,16,0.0003125,28,0.8928571428571429,0.5714285714285714,0.4417721518987342,0.2583333333333333,1.7142857142857142,0.1428571428571428,0.0013116139452904,76,1,2000
002,0.01,20,0.00025,28,1.2142857142857142,0.4642857142857143,0.1791530944625406,0.1942857142857142,1.7142857142857142,0.1428571428571428,0.001709476695396,76,1,2000
002,0.01,25,0.0002,28,1.25,0.3928571428571428,0.2868852459016393,0.1903225806451613,1.7142857142857142,0.1428571428571428,0.0019416256109252,76,1,2000
002,0.01,30,0.0001666666666666,28,1.2857142857142858,0.3214285714285714,0.3592336349121874,0.1689655172413793,1.7142857142857142,0.1428571428571428,0.0026011220179498,76,1,2000
002,0.01,40,0.000125,28,1.0357142857142858,0.3928571428571428,0.5299586776859504,0.2,1.7142857142857142,0.1428571428571428,0.0037304901052266,76,1,2000
002,0.01,50,0.0001,28,0.9285714285714286,0.5,0.4879056047197639,0.32,1.7142857142857142,0.1428571428571428,0.0041376785375177,76,1,2000
002,0.01,60,8.333333333333333e-05,28,0.9642857142857144,0.5357142857142857,0.4467353951890035,0.4337760910815939,1.7142857142857142,0.1428571428571428,0.0047882841899991,76,1,2000
002,0.02,1,0.01,28,1.4642857142857142,0.4642857142857143,0.1023706896551722,0.1405405405405405,1.7142857142857142,0.1428571428571428,0.0004778454604092,76,1,2000
002,0.02,2,0.005,28,2.392857142857143,0.2142857142857142,-0.5463362068965518,0.1422222222222222,1.7142857142857142,0.1428571428571428,0.0004279119311831,76,1,2000
002,0.02,3,0.0033333333333333,28,1.0714285714285714,0.2857142857142857,0.359621451104101,0.1811764705882353,1.7142857142857142,0.1428571428571428,0.000427579274401,76,1,2000
002,0.02,4,0.0025,28,1.0,0.3214285714285714,0.4220183486238533,0.1955555555555555,1.7142857142857142,0.1428571428571428,0.0004108524881303,76,1,2000
002,0.02,5,0.002,28,1.0357142857142858,0.3571428571428571,0.3598200899550224,0.2107416879795396,1.7142857142857142,0.1428571428571428,0.0003227146225981,76,1,2000
002,0.02,6,0.0016666666666666,28,1.0357142857142858,0.3571428571428571,0.3598200899550224,0.2107416879795396,1.7142857142857142,0.1428571428571428,0.0011301928898319,76,1,2000
002,0.02,8,0.00125,28,0.7857142857142857,0.6071428571428571,0.506527415143603,0.2786764705882353,1.7142857142857142,0.1428571428571428,0.0010773149551823,76,1,2000
002,0.02,10,0.001,28,0.8571428571428571,0.6071428571428571,0.4585152838427947,0.2666666666666666,1.7142857142857142,0.1428571428571428,0.0009151968406513,76,1,2000
002,0.02,12,0.0008333333333333,28,0.8571428571428571,0.6071428571428571,0.4585152838427947,0.2666666666666666,1.7142857142857142,0.1428571428571428,0.0009478972642682,76,1,2000
002,0.02,14,0.0007142857142857,28,0.8571428571428571,0.6071428571428571,0.4585152838427947,0.2666666666666666,1.7142857142857142,0.1428571428571428,0.0011422623647376,76,1,2000
002,0.02,16,0.000625,28,0.8928571428571429,0.5714285714285714,0.4417721518987342,0.2583333333333333,1.7142857142857142,0.1428571428571428,0.001144687179476,76,1,2000
002,0.02,20,0.0005,28,1.2142857142857142,0.4642857142857143,0.1791530944625406,0.1942857142857142,1.7142857142857142,0.1428571428571428,0.0015687178820371,76,1,2000
002,0.02,25,0.0004,28,1.2142857142857142,0.3928571428571428,0.3094539048737521,0.1903225806451613,1.7142857142857142,0.1428571428571428,0.0017206817865371,76,1,2000
002,0.02,30,0.0003333333333333,28,1.25,0.3571428571428571,0.349015317286652,0.18,1.7142857142857142,0.1428571428571428,0.0024502871092408,76,1,2000
002,0.02,40,0.00025,28,1.1071428571428572,0.3928571428571428,0.4775051124744375,0.1968253968253968,1.7142857142857142,0.1428571428571428,0.0031456483993679,76,1,2000
002,0.02,50,0.0002,28,0.8928571428571429,0.5357142857142857,0.5029103608847497,0.3290322580645161,1.7142857142857142,0.1428571428571428,0.0033637601882219,76,1,2000
002,0.02,60,0.0001666666666666,28,0.9642857142857144,0.5357142857142857,0.4467353951890035,0.4337760910815939,1.7142857142857142,0.1428571428571428,0.0039515965618193,76,1,2000
002,0.05,1,0.025,28,1.3928571428571428,0.4642857142857143,0.1317233809001097,0.2704761904761905,1.7142857142857142,0.1428571428571428,3.241740705561824e-05,76,1,2000
002,0.05,2,0.0125,28,2.392857142857143,0.2142857142857142,-0.5463362068965518,0.1422222222222222,1.7142857142857142,0.1428571428571428,3.286070204921998e-05,76,1,2000
002,0.05,3,0.0083333333333333,28,1.0714285714285714,0.2857142857142857,0.359621451104101,0.1811764705882353,1.7142857142857142,0.1428571428571428,2.163855060643982e-05,76,1,2000
002,0.05,4,0.00625,28,1.0,0.3214285714285714,0.4220183486238533,0.1955555555555555,1.7142857142857142,0.1428571428571428,6.789089093217626e-05,76,1,2000
002,0.05,5,0.005,28,1.0357142857142858,0.3571428571428571,0.3598200899550224,0.2107416879795396,1.7142857142857142,0.1428571428571428,6.224674143595621e-05,76,1,2000
002,0.05,6,0.0041666666666666,28,1.0357142857142858,0.3571428571428571,0.3598200899550224,0.2107416879795396,1.7142857142857142,0.1428571428571428,0.0002613731776364,76,1,2000
002,0.05,8,0.003125,28,0.75,0.6428571428571429,0.5225225225225225,0.2866310160427807,1.7142857142857142,0.1428571428571428,0.0002751973515842,76,1,2000
002,0.05,10,0.0025,28,0.8214285714285714,0.6428571428571429,0.4747847478474785,0.2745098039215686,1.7142857142857142,0.1428571428571428,0.0002318534679943,76,1,2000
002,0.05,12,0.0020833333333333,28,0.8214285714285714,0.6428571428571429,0.4747847478474785,0.2745098039215686,1.7142857142857142,0.1428571428571428,0.0003022078017238,76,1,2000
002,0.05,14,0.0017857142857142,28,0.8571428571428571,0.6071428571428571,0.4585152838427947,0.2666666666666666,1.7142857142857142,0.1428571428571428,0.0004410306573845,76,1,2000
002,0.05,16,0.0015625,28,0.8928571428571429,0.5714285714285714,0.4417721518987342,0.2583333333333333,1.7142857142857142,0.1428571428571428,0.0004749558574985,76,1,2000
002,0.05,20,0.00125,28,1.3214285714285714,0.4285714285714285,0.0881578947368421,0.1682539682539682,1.7142857142857142,0.1428571428571428,0.0009486712515354,76,1,2000
002,0.05,25,0.001,28,1.2857142857142858,0.3571428571428571,0.2688427299703263,0.18,1.7142857142857142,0.1428571428571428,0.0010659516556188,76,1,2000
002,0.05,30,0.0008333333333333,28,1.2857142857142858,0.3571428571428571,0.3145290047897818,0.1827586206896551,1.7142857142857142,0.1428571428571428,0.0017856012564152,76,1,2000
002,0.05,40,0.000625,28,1.0714285714285714,0.4285714285714285,0.4705882352941176,0.2076628352490421,1.7142857142857142,0.1428571428571428,0.0021967694628983,76,1,2000
002,0.05,50,0.0005,28,0.8928571428571429,0.5357142857142857,0.5029103608847497,0.3290322580645161,1.7142857142857142,0.1428571428571428,0.0021175805013626,76,1,2000
002,0.05,60,0.0004166666666666,28,0.9642857142857144,0.5357142857142857,0.4467353951890035,0.4337760910815939,1.7142857142857142,0.1428571428571428,0.002593788318336,76,1,2000
002,0.1,1,0.05,28,1.3571428571428572,0.4285714285714285,0.1815626756604834,0.1411764705882353,1.7142857142857142,0.1428571428571428,2.24182002739326e-07,76,1,2000
002,0.1,2,0.025,28,2.392857142857143,0.2142857142857142,-0.5463362068965518,0.1422222222222222,1.7142857142857142,0.1428571428571428,3.0057644835324027e-05,76,1,2000
002,0.1,3,0.0166666666666666,28,1.0714285714285714,0.2857142857142857,0.359621451104101,0.1811764705882353,1.7142857142857142,0.1428571428571428,3.325320392377762e-07,76,1,2000
002,0.1,4,0.0125,28,1.0357142857142858,0.3214285714285714,0.3926940639269406,0.1955555555555555,1.7142857142857142,0.1428571428571428,3.948629910155432e-06,76,1,2000
002,0.1,5,0.01,28,1.0357142857142858,0.3571428571428571,0.3598200899550224,0.2107416879795396,1.7142857142857142,0.1428571428571428,3.855912382277893e-06,76,1,2000
002,0.1,6,0.0083333333333333,28,1.0357142857142858,0.3571428571428571,0.3598200899550224,0.2107416879795396,1.7142857142857142,0.1428571428571428,1.1759661902033258e-05,76,1,2000
002,0.1,8,0.00625,28,0.8571428571428571,0.6071428571428571,0.4348958333333333,0.2661764705882353,1.7142857142857142,0.1428571428571428,1.551012792333495e-05,76,1,2000
002,0.1,10,0.005,28,0.9285714285714286,0.6071428571428571,0.3916821849782744,0.2547899159663865,1.7142857142857142,0.1428571428571428,1.619431350263767e-05,76,1,2000
002,0.1,12,0.0041666666666666,28,0.8214285714285714,0.6428571428571429,0.4747847478474785,0.2745098039215686,1.7142857142857142,0.1428571428571428,4.138367876294069e-05,76,1,2000
002,0.1,14,0.0035714285714285,28,0.8928571428571429,0.5714285714285714,0.4417721518987342,0.2583333333333333,1.7142857142857142,0.1428571428571428,7.76928718551062e-05,76,1,2000
002,0.1,16,0.003125,28,0.8928571428571429,0.5714285714285714,0.4417721518987342,0.2583333333333333,1.7142857142857142,0.1428571428571428,8.250649261754006e-05,76,1,2000
002,0.1,20,0.0025,28,1.3571428571428572,0.3928571428571428,0.0647962591850366,0.1599999999999999,1.7142857142857142,0.1428571428571428,0.0003091017424594,76,1,2000
002,0.1,25,0.002,28,1.2857142857142858,0.3571428571428571,0.2352576039726878,0.18,1.7142857142857142,0.1428571428571428,0.000381110527087,76,1,2000
002,0.1,30,0.0016666666666666,28,1.25,0.3571428571428571,0.349015317286652,0.18,1.7142857142857142,0.1428571428571428,0.0008486101869493,76,1,2000
002,0.1,40,0.00125,28,1.0357142857142858,0.4642857142857143,0.4632829373650109,0.2177777777777778,1.7142857142857142,0.1428571428571428,0.0011819596402347,76,1,2000
002,0.1,50,0.001,28,0.8928571428571429,0.5357142857142857,0.5266075388026608,0.2401433691756272,1.7142857142857142,0.1428571428571428,0.0010025935480371,76,1,2000
002,0.1,60,0.0008333333333333,28,0.9642857142857144,0.5357142857142857,0.4467353951890035,0.4337760910815939,1.7142857142857142,0.1428571428571428,0.0013460959307849,76,1,2000
002,0.2,1,0.1,28,1.3214285714285714,0.4285714285714285,0.2061855670103092,0.1454545454545454,1.7142857142857142,0.1428571428571428,1.8800740519964165e-07,76,1,2000
002,0.2,2,0.05,28,2.2857142857142856,0.25,-0.4689507494646678,0.1630824372759856,1.7142857142857142,0.1428571428571428,1.3179418601794168e-05,76,1,2000
002,0.2,3,0.0333333333333333,28,1.0714285714285714,0.2857142857142857,0.359621451104101,0.1811764705882353,1.7142857142857142,0.1428571428571428,1.5185243285031905e-07,76,1,2000
002,0.2,4,0.025,28,1.1428571428571428,0.2857142857142857,0.287037037037037,0.1792717086834734,1.7142857142857142,0.1428571428571428,1.503753424003662e-07,76,1,2000
002,0.2,5,0.02,28,1.1428571428571428,0.3214285714285714,0.2553191489361702,0.1916666666666666,1.7142857142857142,0.1428571428571428,1.6799899071884286e-07,76,1,2000
002,0.2,6,0.0166666666666666,28,1.0357142857142858,0.3571428571428571,0.3598200899550224,0.2107416879795396,1.7142857142857142,0.1428571428571428,2.1508850522877765e-07,76,1,2000
002,0.2,8,0.0125,28,0.9285714285714286,0.6071428571428571,0.3636363636363636,0.2511111111111111,1.7142857142857142,0.1428571428571428,1.846420616402611e-07,76,1,2000
002,0.2,10,0.01,28,0.9642857142857144,0.5714285714285714,0.3740554156171285,0.2470588235294117,1.7142857142857142,0.1428571428571428,1.939974509923559e-07,76,1,2000
002,0.2,12,0.0083333333333333,28,0.9642857142857144,0.5714285714285714,0.3740554156171285,0.2470588235294117,1.7142857142857142,0.1428571428571428,1.216787154589838e-06,76,1,2000
002,0.2,14,0.0071428571428571,28,0.8571428571428571,0.6071428571428571,0.4585152838427947,0.2666666666666666,1.7142857142857142,0.1428571428571428,2.5832523533608764e-06,76,1,2000
002,0.2,16,0.00625,28,0.9285714285714286,0.5357142857142857,0.4245343609505458,0.2494623655913978,1.7142857142857142,0.1428571428571428,2.467198783051572e-06,76,1,2000
002,0.2,20,0.005,28,1.3571428571428572,0.3928571428571428,0.0647962591850366,0.1599999999999999,1.7142857142857142,0.1428571428571428,2.576924634922761e-05,76,1,2000
002,0.2,25,0.004,28,1.3571428571428572,0.3214285714285714,0.176996805111821,0.1714285714285714,1.7142857142857142,0.1428571428571428,4.022493158117868e-05,76,1,2000
002,0.2,30,0.0033333333333333,28,1.25,0.3571428571428571,0.349015317286652,0.18,1.7142857142857142,0.1428571428571428,0.0001573591580381,76,1,2000
002,0.2,40,0.0025,28,1.0714285714285714,0.4642857142857143,0.4393939393939394,0.2722222222222222,1.7142857142857142,0.1428571428571428,0.0003167724353261,76,1,2000
002,0.2,50,0.002,28,0.9642857142857144,0.5357142857142857,0.4448275862068965,0.2274509803921568,1.7142857142857142,0.1428571428571428,0.0002244792412966,76,1,2000
002,0.2,60,0.0016666666666666,28,0.8571428571428571,0.6428571428571429,0.4457108578284342,0.4588235294117647,1.7142857142857142,0.1428571428571428,0.000370528519852,76,1,2000
002,0.5,1,0.25,28,1.2857142857142858,0.4285714285714285,0.244112578977599,0.1454545454545454,1.7142857142857142,0.1428571428571428,1.3731664694205392e-07,76,1,2000
002,0.5,2,0.125,28,2.1785714285714284,0.2142857142857142,-0.4251968503937007,0.0915360501567398,1.7142857142857142,0.1428571428571428,9.879673598334192e-05,76,1,2000
002,0.5,3,0.0833333333333333,28,1.0714285714285714,0.2857142857142857,0.3738019169329072,0.18328173374613,1.7142857142857142,0.1428571428571428,5.66323160455795e-06,76,1,2000
002,0.5,4,0.0625,28,1.25,0.25,0.1784037558685445,0.1613636363636363,1.7142857142857142,0.1428571428571428,1.8057749002764467e-06,76,1,2000
002,0.5,5,0.05,28,1.2142857142857142,0.2857142857142857,0.1880877742946708,0.1733333333333333,1.7142857142857142,0.1428571428571428,1.734132411002065e-07,76,1,2000
002,0.5,6,0.0416666666666666,28,1.0357142857142858,0.3571428571428571,0.3598200899550224,0.2107416879795396,1.7142857142857142,0.1428571428571428,1.274423198083241e-07,76,1,2000
002,0.5,8,0.03125,28,0.9642857142857144,0.5714285714285714,0.3451910408432148,0.2438095238095238,1.7142857142857142,0.1428571428571428,1.4541679149715494e-07,76,1,2000
002,0.5,10,0.025,28,0.9642857142857144,0.5714285714285714,0.3740554156171285,0.2470588235294117,1.7142857142857142,0.1428571428571428,1.1467642480056385e-07,76,1,2000
002,0.5,12,0.0208333333333333,28,0.9642857142857144,0.5714285714285714,0.3740554156171285,0.2470588235294117,1.7142857142857142,0.1428571428571428,1.2826897943796214e-07,76,1,2000
002,0.5,14,0.0178571428571428,28,0.8928571428571429,0.5714285714285714,0.4417721518987342,0.2583333333333333,1.7142857142857142,0.1428571428571428,1.432407117363255e-07,76,1,2000
002,0.5,16,0.015625,28,1.0,0.4642857142857143,0.3884844473858372,0.2298850574712643,1.7142857142857142,0.1428571428571428,1.3213943361733982e-07,76,1,2000
002,0.5,20,0.0125,28,1.2857142857142858,0.3928571428571428,0.134989926124916,0.1769696969696969,1.7142857142857142,0.1428571428571428,1.809252125895e-07,76,1,2000
002,0.5,25,0.01,28,1.3214285714285714,0.3571428571428571,0.1152777777777778,0.1827586206896551,1.7142857142857142,0.1428571428571428,1.952672050720139e-07,76,1,2000
002,0.5,30,0.0083333333333333,28,1.25,0.3928571428571428,0.2415940224159402,0.1933333333333333,1.7142857142857142,0.1428571428571428,5.356054089133977e-07,76,1,2000
002,0.5,40,0.00625,28,1.0,0.5714285714285714,0.3799533799533801,0.3006535947712418,1.7142857142857142,0.1428571428571428,3.863859092234634e-06,76,1,2000
002,0.5,50,0.005,28,0.8928571428571429,0.6071428571428571,0.4266503667481662,0.2426890756302521,1.7142857142857142,0.1428571428571428,2.458245717207319e-06,76,1,2000
002,0.5,60,0.0041666666666666,28,0.8571428571428571,0.6428571428571429,0.4199623352165725,0.4588235294117647,1.7142857142857142,0.1428571428571428,1.0464780643815176e-05,76,1,2000
002,1.0,1,0.5,28,1.1785714285714286,0.4285714285714285,0.3264311814859927,0.16,1.7142857142857142,0.1428571428571428,1.0079173762278516e-07,76,1,2000
002,1.0,2,0.25,28,1.9642857142857144,0.3214285714285714,-0.2650602409638551,0.1284178187403994,1.7142857142857142,0.1428571428571428,0.0003067452344112,76,1,2000
002,1.0,3,0.1666666666666666,28,1.1785714285714286,0.25,0.2625607779578606,0.1649999999999999,1.7142857142857142,0.1428571428571428,0.0001433246070519,76,1,2000
002,1.0,4,0.125,28,1.3214285714285714,0.2142857142857142,0.1151999999999999,0.143030303030303,1.7142857142857142,0.1428571428571428,1.5152376420246585e-07,76,1,2000
002,1.0,5,0.1,28,1.25,0.2857142857142857,0.1479198767334359,0.1706666666666666,1.7142857142857142,0.1428571428571428,2.8681739649982774e-07,76,1,2000
002,1.0,6,0.0833333333333333,28,1.25,0.2857142857142857,0.1479198767334359,0.1706666666666666,1.7142857142857142,0.1428571428571428,2.183676315326011e-07,76,1,2000
002,1.0,8,0.0625,28,0.8928571428571429,0.5714285714285714,0.4174372523117569,0.2583333333333333,1.7142857142857142,0.1428571428571428,2.477405871559313e-07,76,1,2000
002,1.0,10,0.05,28,0.9642857142857144,0.5714285714285714,0.3740554156171285,0.2470588235294117,1.7142857142857142,0.1428571428571428,9.459327543481777e-08,76,1,2000
002,1.0,12,0.0416666666666666,28,0.9642857142857144,0.5714285714285714,0.3740554156171285,0.2470588235294117,1.7142857142857142,0.1428571428571428,1.0496501801071645e-07,76,1,2000
002,1.0,14,0.0357142857142857,28,0.8928571428571429,0.5714285714285714,0.4417721518987342,0.2583333333333333,1.7142857142857142,0.1428571428571428,1.0277084072640721e-07,76,1,2000
002,1.0,16,0.03125,28,1.0,0.4642857142857143,0.3884844473858372,0.2298850574712643,1.7142857142857142,0.1428571428571428,9.736114492397975e-08,76,1,2000
002,1.0,20,0.025,28,1.3214285714285714,0.3214285714285714,0.1175637393767705,0.1714285714285714,1.7142857142857142,0.1428571428571428,1.1314364201098217e-07,76,1,2000
002,1.0,25,0.02,28,1.3571428571428572,0.3214285714285714,0.0910374029640085,0.1714285714285714,1.7142857142857142,0.1428571428571428,1.0389866389459713e-07,76,1,2000
002,1.0,30,0.0166666666666666,28,1.2142857142857142,0.4285714285714285,0.187035786630655,0.2032258064516129,1.7142857142857142,0.1428571428571428,1.0535832473124175e-07,76,1,2000
002,1.0,40,0.0125,28,1.1071428571428572,0.4642857142857143,0.3272506082725062,0.267921146953405,1.7142857142857142,0.1428571428571428,1.621468186385755e-07,76,1,2000
002,1.0,50,0.01,28,0.9642857142857144,0.5357142857142857,0.3916876574307304,0.2274509803921568,1.7142857142857142,0.1428571428571428,1.0889372958899914e-07,76,1,2000
002,1.0,60,0.0083333333333333,28,1.0357142857142858,0.5,0.3085250338294993,0.4279918864097363,1.7142857142857142,0.1428571428571428,1.0571292818895017e-07,76,1,2000
002,2.0,1,1.0,28,1.1785714285714286,0.4285714285714285,0.3264311814859927,0.16,1.7142857142857142,0.1428571428571428,2.3741100108054525e-07,76,1,2000
002,2.0,2,0.5,28,1.9642857142857144,0.2857142857142857,-0.288,0.1208538587848932,1.7142857142857142,0.1428571428571428,0.0017163208685815,76,1,2000
002,2.0,3,0.3333333333333333,28,1.2142857142857142,0.25,0.2322580645161291,0.1649999999999999,1.7142857142857142,0.1428571428571428,0.0002496633387636,76,1,2000
002,2.0,4,0.25,28,1.3571428571428572,0.2142857142857142,0.0771704180064308,0.143030303030303,1.7142857142857142,0.1428571428571428,2.11542264878517e-05,76,1,2000
002,2.0,5,0.2,28,1.3214285714285714,0.2142857142857142,0.0956937799043063,0.1414492753623188,1.7142857142857142,0.1428571428571428,2.0074070050668527e-07,76,1,2000
002,2.0,6,0.1666666666666666,28,1.3214285714285714,0.2142857142857142,0.0956937799043063,0.1414492753623188,1.7142857142857142,0.1428571428571428,2.0362338659651869e-07,76,1,2000
002,2.0,8,0.125,28,0.9285714285714286,0.5357142857142857,0.3994638069705094,0.25,1.7142857142857142,0.1428571428571428,7.703634707922903e-08,76,1,2000
002,2.0,10,0.1,28,1.0357142857142858,0.5,0.3372243839169909,0.2301470588235294,1.7142857142857142,0.1428571428571428,8.727677425213187e-08,76,1,2000
002,2.0,12,0.0833333333333333,28,1.0714285714285714,0.5,0.3122171945701357,0.2301470588235294,1.7142857142857142,0.1428571428571428,6.775777450229725e-08,76,1,2000
002,2.0,14,0.0714285714285714,28,1.0,0.5357142857142857,0.3746011486917677,0.2494623655913978,1.7142857142857142,0.1428571428571428,7.079688657540828e-08,76,1,2000
002,2.0,16,0.0625,28,1.2142857142857142,0.3571428571428571,0.2249822569198013,0.1945701357466063,1.7142857142857142,0.1428571428571428,6.356390969131098e-08,76,1,2000
002,2.0,20,0.05,28,1.0357142857142858,0.3928571428571428,0.3849372384937238,0.2140350877192982,1.7142857142857142,0.1428571428571428,7.961202896922259e-08,76,1,2000
002,2.0,25,0.04,28,1.5357142857142858,0.2142857142857142,-0.0634218289085546,0.1244444444444444,1.7142857142857142,0.1428571428571428,7.549282798891e-08,76,1,2000
002,2.0,30,0.0333333333333333,28,1.3928571428571428,0.3214285714285714,0.0368794326241134,0.1474654377880184,1.7142857142857142,0.1428571428571428,7.77357982428839e-08,76,1,2000
002,2.0,40,0.025,28,1.1785714285714286,0.4642857142857143,0.231266149870801,0.2177777777777778,1.7142857142857142,0.1428571428571428,8.900979509007811e-08,76,1,2000
002,2.0,50,0.02,28,1.1071428571428572,0.4285714285714285,0.2962466487935656,0.2044624746450304,1.7142857142857142,0.1428571428571428,8.212730051582184e-08,76,1,2000
002,2.0,60,0.0166666666666666,28,1.0357142857142858,0.4642857142857143,0.3206751054852321,0.3476190476190476,1.7142857142857142,0.1428571428571428,9.238247855591909e-08,76,1,2000
002,5.0,1,2.5,28,1.25,0.3571428571428571,0.2525125628140703,0.1481481481481481,1.7142857142857142,0.1428571428571428,1.9905263570763054e-07,76,1,2000
002,5.0,2,1.25,28,1.6785714285714286,0.25,-0.1226415094339623,0.1316017316017315,1.7142857142857142,0.1428571428571428,0.0035027926787734,76,1,2000
002,5.0,3,0.8333333333333334,28,1.3571428571428572,0.25,0.0925925925925924,0.1613636363636363,1.7142857142857142,0.1428571428571428,0.0003184707602486,76,1,2000
002,5.0,4,0.625,28,1.4642857142857142,0.2142857142857142,-0.0187793427230047,0.1414492753623188,1.7142857142857142,0.1428571428571428,0.0004598110972438,76,1,2000
002,5.0,5,0.5,28,1.3571428571428572,0.2142857142857142,0.0666666666666666,0.1414492753623188,1.7142857142857142,0.1428571428571428,1.7729014871292748e-05,76,1,2000
002,5.0,6,0.4166666666666667,28,1.2857142857142858,0.2142857142857142,0.1446945337620578,0.143030303030303,1.7142857142857142,0.1428571428571428,0.0001463654771214,76,1,2000
002,5.0,8,0.3125,28,1.2142857142857142,0.3214285714285714,0.2083333333333332,0.189,1.7142857142857142,0.1428571428571428,0.0001868761173682,76,1,2000
002,5.0,10,0.25,28,1.25,0.3214285714285714,0.2077363896848137,0.1816470588235294,1.7142857142857142,0.1428571428571428,0.0001188716196338,76,1,2000
002,5.0,12,0.2083333333333333,28,1.25,0.3214285714285714,0.2077363896848137,0.1816470588235294,1.7142857142857142,0.1428571428571428,5.669325631174616e-08,76,1,2000
002,5.0,14,0.1785714285714285,28,1.25,0.3571428571428571,0.209205020920502,0.1973333333333333,1.7142857142857142,0.1428571428571428,3.911531530320645e-05,76,1,2000
002,5.0,16,0.15625,28,1.3214285714285714,0.3214285714285714,0.1596045197740112,0.1833333333333333,1.7142857142857142,0.1428571428571428,6.533228713578866e-08,76,1,2000
002,5.0,20,0.125,28,1.25,0.3214285714285714,0.2133712660028449,0.1833333333333333,1.7142857142857142,0.1428571428571428,5.2702564090623134e-08,76,1,2000
002,5.0,25,0.1,28,1.2857142857142858,0.25,0.1732711732711731,0.1466666666666666,1.7142857142857142,0.1428571428571428,5.2346280199344626e-08,76,1,2000
002,5.0,30,0.0833333333333333,28,1.4642857142857142,0.25,-0.0241327300150828,0.1135278514588859,1.7142857142857142,0.1428571428571428,6.030955290725616e-08,76,1,2000
002,5.0,40,0.0625,28,1.3214285714285714,0.3928571428571428,0.0779036827195467,0.276551724137931,1.7142857142857142,0.1428571428571428,6.526817486474101e-08,76,1,2000
002,5.0,50,0.05,28,1.0714285714285714,0.3928571428571428,0.2721712538226299,0.2424908424908424,1.7142857142857142,0.1428571428571428,5.9298987054035024e-08,76,1,2000
002,5.0,60,0.0416666666666666,28,0.9285714285714286,0.4642857142857143,0.4029411764705882,0.3051851851851851,1.7142857142857142,0.1428571428571428,6.178188982630672e-08,76,1,2000
003,0.005,1,0.0025,37,2.2972972972972974,0.054054054054054,-0.4690564217971387,0.0615384615384615,1.5945945945945943,0.1891891891891892,0.0002210492821177,76,1,2000
003,0.005,2,0.00125,37,1.5405405405405406,0.2702702702702703,0.2996997780968542,0.1176470588235294,1.5945945945945943,0.1891891891891892,0.0003703621332533,76,1,2000
003,0.005,3,0.0008333333333333,37,1.5405405405405406,0.2702702702702703,0.2996997780968542,0.1176470588235294,1.5945945945945943,0.1891891891891892,0.0003563191276043,76,1,2000
003,0.005,4,0.000625,37,0.7567567567567568,0.5135135135135135,0.7773148148148148,0.2833333333333333,1.5945945945945943,0.1891891891891892,0.0008778576157055,76,1,2000
003,0.005,5,0.0005,37,0.7567567567567568,0.5135135135135135,0.7773148148148148,0.2833333333333333,1.5945945945945943,0.1891891891891892,0.0008421090315096,76,1,2000
003,0.005,6,0.0004166666666666,37,0.6486486486486487,0.5405405405405406,0.8254716981132075,0.3624175824175825,1.5945945945945943,0.1891891891891892,0.0008376259938813,76,1,2000
003,0.005,8,0.0003125,37,1.0,0.4594594594594595,0.6275308223051691,0.2484848484848484,1.5945945945945943,0.1891891891891892,0.0008690278627909,76,1,2000
003,0.005,10,0.00025,37,1.0,0.4594594594594595,0.6275308223051691,0.2484848484848484,1.5945945945945943,0.1891891891891892,0.0010958893690258,76,1,2000
003,0.005,12,0.0002083333333333,37,1.0,0.4594594594594595,0.6328464711785038,0.2429512516469038,1.5945945945945943,0.1891891891891892,0.0013619230594485,76,1,2000
003,0.005,14,0.0001785714285714,37,0.7297297297297297,0.5135135135135135,0.7951180924398237,0.2717948717948718,1.5945945945945943,0.1891891891891892,0.0016910524573177,76,1,2000
003,0.005,16,0.00015625,37,1.054054054054054,0.4324324324324324,0.6107906345436036,0.2303030303030303,1.5945945945945943,0.1891891891891892,0.0017857804195955,76,1,2000
003,0.005,20,0.000125,37,0.972972972972973,0.4054054054054054,0.6755155250059256,0.2320839580209895,1.5945945945945943,0.1891891891891892,0.0018112526740878,76,1,2000
003,0.005,25,0.0001,37,1.0,0.3783783783783784,0.6554407449929838,0.2685185185185185,1.5945945945945943,0.1891891891891892,0.0027181601617485,76,1,2000
003,0.005,30,8.333333333333333e-05,37,0.5945945945945946,0.4324324324324324,0.8748237947561319,0.3007465963987702,1.5945945945945943,0.1891891891891892,0.0025078866165131,76,1,2000
003,0.005,40,6.25e-05,37,0.7567567567567568,0.4324324324324324,0.7697777777777778,0.3899711399711399,1.5945945945945943,0.1891891891891892,0.0032153886277228,76,1,2000
003,0.005,50,5e-05,37,0.6486486486486487,0.4594594594594595,0.8215792646172393,0.4216727716727717,1.5945945945945943,0.1891891891891892,0.0031296242959797,76,1,2000
003,0.005,60,4.1666666666666665e-05,37,0.6756756756756757,0.4594594594594595,0.8182966184930546,0.3962732919254658,1.5945945945945943,0.1891891891891892,0.0035863711964339,76,1,2000
003,0.005,75,3.3333333333333335e-05,37,0.4054054054054054,0.6216216216216216,0.9120894479385044,0.6037336093857834,1.5945945945945943,0.1891891891891892,0.0063584805466234,76,1,2000
003,0.01,1,0.005,37,2.2972972972972974,0.054054054054054,-0.4690564217971387,0.0615384615384615,1.5945945945945943,0.1891891891891892,6.954180571483448e-05,76,1,2000
003,0.01,2,0.0025,37,1.5405405405405406,0.2702702702702703,0.2996997780968542,0.1176470588235294,1.5945945945945943,0.1891891891891892,0.0001561936223879,76,1,2000
003,0.01,3,0.0016666666666666,37,1.5405405405405406,0.2702702702702703,0.2996997780968542,0.1176470588235294,1.5945945945945943,0.1891891891891892,0.000203165502171,76,1,2000
003,0.01,4,0.00125,37,0.7567567567567568,0.5135135135135135,0.7773148148148148,0.2833333333333333,1.5945945945945943,0.1891891891891892,0.0007219691178761,76,1,2000
003,0.01,5,0.001,37,0.7297297297297297,0.5135135135135135,0.7958680596314122,0.2879310344827586,1.5945945945945943,0.1891891891891892,0.0007616257644258,76,1,2000
003,0.01,6,0.0008333333333333,37,0.7297297297297297,0.5135135135135135,0.7901863210276588,0.2761904761904762,1.5945945945945943,0.1891891891891892,0.0008286302327178,76,1,2000
003,0.01,8,0.000625,37,1.0,0.4594594594594595,0.6275308223051691,0.2484848484848484,1.5945945945945943,0.1891891891891892,0.0008919407264329,76,1,2000
003,0.01,10,0.0005,37,1.0,0.4594594594594595,0.6275308223051691,0.2484848484848484,1.5945945945945943,0.1891891891891892,0.0011445300187915,76,1,2000
003,0.01,12,0.0004166666666666,37,1.0,0.4594594594594595,0.6328464711785038,0.2429512516469038,1.5945945945945943,0.1891891891891892,0.0014463036786764,76,1,2000
003,0.01,14,0.0003571428571428,37,0.8378378378378378,0.4864864864864865,0.729440881988975,0.2570322580645161,1.5945945945945943,0.1891891891891892,0.0018263474339619,76,1,2000
003,0.01,16,0.0003125,37,1.054054054054054,0.4324324324324324,0.6107906345436036,0.2303030303030303,1.5945945945945943,0.1891891891891892,0.0019081020727753,76,1,2000
003,0.01,20,0.00025,37,1.0810810810810811,0.3783783783783784,0.6072186836518046,0.2157575757575757,1.5945945945945943,0.1891891891891892,0.0019682627171278,76,1,2000
003,0.01,25,0.0002,37,1.027027027027027,0.3783783783783784,0.628140703517588,0.2642857142857143,1.5945945945945943,0.1891891891891892,0.0026103525888174,76,1,2000
003,0.01,30,0.0001666666666666,37,0.5945945945945946,0.4324324324324324,0.8748237947561319,0.3007465963987702,1.5945945945945943,0.1891891891891892,0.0023354217410087,76,1,2000
003,0.01,40,0.000125,37,0.7837837837837838,0.4054054054054054,0.7684470964925048,0.3344375431331953,1.5945945945945943,0.1891891891891892,0.0029556015506386,76,1,2000
003,0.01,50,0.0001,37,0.6486486486486487,0.4594594594594595,0.8215792646172393,0.4216727716727717,1.5945945945945943,0.1891891891891892,0.0028738239780068,76,1,2000
003,0.01,60,8.333333333333333e-05,37,0.6756756756756757,0.4594594594594595,0.8182966184930546,0.3962732919254658,1.5945945945945943,0.1891891891891892,0.0033385755959898,76,1,2000
003,0.01,75,6.666666666666667e-05,37,0.4864864864864865,0.5405405405405406,0.8944967208440262,0.5287101787101788,1.5945945945945943,0.1891891891891892,0.0058807940222322,76,1,2000
003,0.02,1,0.01,37,2.2972972972972974,0.054054054054054,-0.4690564217971387,0.0615384615384615,1.5945945945945943,0.1891891891891892,4.764503955811961e-06,76,1,2000
003,0.02,2,0.005,37,1.5135135135135136,0.2702702702702703,0.3129973474801061,0.1212121212121212,1.5945945945945943,0.1891891891891892,2.4326047423528507e-05,76,1,2000
003,0.02,3,0.0033333333333333,37,1.5135135135135136,0.2702702702702703,0.3129973474801061,0.1212121212121212,1.5945945945945943,0.1891891891891892,5.903228520764969e-05,76,1,2000
003,0.02,4,0.0025,37,0.7297297297297297,0.5135135135135135,0.7958680596314122,0.2879310344827586,1.5945945945945943,0.1891891891891892,0.000422335404437,76,1,2000
003,0.02,5,0.002,37,0.7297297297297297,0.5135135135135135,0.7958680596314122,0.2879310344827586,1.5945945945945943,0.1891891891891892,0.0005298707983456,76,1,2000
003,0.02,6,0.0016666666666666,37,0.6756756756756757,0.5135135135135135,0.8252505471719848,0.2763925729442971,1.5945945945945943,0.1891891891891892,0.0006556560983881,76,1,2000
003,0.02,8,0.00125,37,1.0,0.4594594594594595,0.6275308223051691,0.2484848484848484,1.5945945945945943,0.1891891891891892,0.0007867469103075,76,1,2000
003,0.02,10,0.001,37,1.0,0.4594594594594595,0.6275308223051691,0.2484848484848484,1.5945945945945943,0.1891891891891892,0.001058213179931,76,1,2000
003,0.02,12,0.0008333333333333,37,1.0,0.4594594594594595,0.6328464711785038,0.2429512516469038,1.5945945945945943,0.1891891891891892,0.0015245553804561,76,1,2000
003,0.02,14,0.0007142857142857,37,0.945945945945946,0.4594594594594595,0.6643521110986672,0.2416666666666667,1.5945945945945943,0.1891891891891892,0.0019223778508603,76,1,2000
003,0.02,16,0.000625,37,1.0,0.4594594594594595,0.6328464711785038,0.2429512516469038,1.5945945945945943,0.1891891891891892,0.0020286531653255,76,1,2000
003,0.02,20,0.0005,37,1.027027027027027,0.4054054054054054,0.6302579595630955,0.2284057971014492,1.5945945945945943,0.1891891891891892,0.0021524566691368,76,1,2000
003,0.02,25,0.0004,37,1.027027027027027,0.3783783783783784,0.6340257171117705,0.2666666666666666,1.5945945945945943,0.1891891891891892,0.0025109893176704,76,1,2000
003,0.02,30,0.0003333333333333,37,0.5945945945945946,0.4324324324324324,0.8748237947561319,0.3007465963987702,1.5945945945945943,0.1891891891891892,0.0021458503324538,76,1,2000
003,0.02,40,0.00025,37,0.7837837837837838,0.4054054054054054,0.7684470964925048,0.3344375431331953,1.5945945945945943,0.1891891891891892,0.002589012030512,76,1,2000
003,0.02,50,0.0002,37,0.6756756756756757,0.4594594594594595,0.8040550764109547,0.4194749694749695,1.5945945945945943,0.1891891891891892,0.0025291107594966,76,1,2000
003,0.02,60,0.0001666666666666,37,0.6756756756756757,0.4324324324324324,0.8321649484536082,0.3368298368298368,1.5945945945945943,0.1891891891891892,0.0030253657605499,76,1,2000
003,0.02,75,0.0001333333333333,37,0.5675675675675675,0.5405405405405406,0.8174770965468641,0.5306495726495726,1.5945945945945943,0.1891891891891892,0.0052275867201387,76,1,2000
003,0.05,1,0.025,37,2.2432432432432434,0.054054054054054,-0.4459218420625912,0.0615384615384615,1.5945945945945943,0.1891891891891892,8.85420021745631e-08,76,1,2000
003,0.05,2,0.0125,37,1.5135135135135136,0.2702702702702703,0.3129973474801061,0.1212121212121212,1.5945945945945943,0.1891891891891892,1.2789072911800758e-07,76,1,2000
003,0.05,3,0.0083333333333333,37,1.5135135135135136,0.2702702702702703,0.3129973474801061,0.1212121212121212,1.5945945945945943,0.1891891891891892,9.071326871890052e-07,76,1,2000
003,0.05,4,0.00625,37,0.8108108108108109,0.4864864864864865,0.7544441810855653,0.2770614692653673,1.5945945945945943,0.1891891891891892,8.373201853828505e-05,76,1,2000
003,0.05,5,0.005,37,0.8108108108108109,0.4864864864864865,0.7544441810855653,0.2770614692653673,1.5945945945945943,0.1891891891891892,0.0001651749480515,76,1,2000
003,0.05,6,0.0041666666666666,37,0.6756756756756757,0.5135135135135135,0.8252505471719848,0.2763925729442971,1.5945945945945943,0.1891891891891892,0.0002449836756568,76,1,2000
003,0.05,8,0.003125,37,0.972972972972973,0.4594594594594595,0.6520642201834863,0.2522727272727272,1.5945945945945943,0.1891891891891892,0.0003957622975576,76,1,2000
003,0.05,10,0.0025,37,1.0,0.4594594594594595,0.6275308223051691,0.2484848484848484,1.5945945945945943,0.1891891891891892,0.0006779859540984,76,1,2000
003,0.05,12,0.0020833333333333,37,1.0,0.4594594594594595,0.6328464711785038,0.2429512516469038,1.5945945945945943,0.1891891891891892,0.0013752470258623,76,1,2000
003,0.05,14,0.0017857142857142,37,0.972972972972973,0.4594594594594595,0.6487341772151899,0.2467391304347826,1.5945945945945943,0.1891891891891892,0.0017368246335536,76,1,2000
003,0.05,16,0.0015625,37,1.0,0.4594594594594595,0.6328464711785038,0.2429512516469038,1.5945945945945943,0.1891891891891892,0.0019094361923635,76,1,2000
003,0.05,20,0.00125,37,1.027027027027027,0.4054054054054054,0.6302579595630955,0.2284057971014492,1.5945945945945943,0.1891891891891892,0.0021575656719505,76,1,2000
003,0.05,25,0.001,37,1.0,0.4054054054054054,0.6430577604103065,0.2805194805194805,1.5945945945945943,0.1891891891891892,0.002157338662073,76,1,2000
003,0.05,30,0.0008333333333333,37,0.6756756756756757,0.3783783783783784,0.8490220908962994,0.2610644257703081,1.5945945945945943,0.1891891891891892,0.0017025903798639,76,1,2000
003,0.05,40,0.000625,37,0.8108108108108109,0.3783783783783784,0.7595273264401773,0.311008684410219,1.5945945945945943,0.1891891891891892,0.0019644962158054,76,1,2000
003,0.05,50,0.0005,37,0.6486486486486487,0.4864864864864865,0.813075780089153,0.4387390387390388,1.5945945945945943,0.1891891891891892,0.0019870158284902,76,1,2000
003,0.05,60,0.0004166666666666,37,0.6216216216216216,0.4594594594594595,0.8490220908962994,0.3698996655518394,1.5945945945945943,0.1891891891891892,0.002433858346194,76,1,2000
003,0.05,75,0.0003333333333333,37,0.6216216216216216,0.4864864864864865,0.8070472163495419,0.4498803418803419,1.5945945945945943,0.1891891891891892,0.0042141084559261,76,1,2000
003,0.1,1,0.05,37,2.2972972972972974,0.054054054054054,-0.4714901772879734,0.0615384615384615,1.5945945945945943,0.1891891891891892,7.17408568107203e-08,76,1,2000
003,0.1,2,0.025,37,1.4864864864864864,0.2702702702702703,0.3367030597115513,0.125,1.5945945945945943,0.1891891891891892,1.1492706164517585e-07,76,1,2000
003,0.1,3,0.0166666666666666,37,1.4864864864864864,0.2702702702702703,0.3367030597115513,0.125,1.5945945945945943,0.1891891891891892,1.011003547546352e-07,76,1,2000
003,0.1,4,0.0125,37,0.8108108108108109,0.4864864864864865,0.7544441810855653,0.2770614692653673,1.5945945945945943,0.1891891891891892,4.044302841066383e-06,76,1,2000
003,0.1,5,0.01,37,0.8108108108108109,0.4864864864864865,0.7544441810855653,0.2770614692653673,1.5945945945945943,0.1891891891891892,2.1275151084410027e-05,76,1,2000
003,0.1,6,0.0083333333333333,37,0.7567567567567568,0.4864864864864865,0.7848837209302326,0.2659310344827587,1.5945945945945943,0.1891891891891892,3.508271765895188e-05,76,1,2000
003,0.1,8,0.00625,37,0.945945945945946,0.4594594594594595,0.668682404930806,0.2563049853372434,1.5945945945945943,0.1891891891891892,0.0001094376784749,76,1,2000
003,0.1,10,0.005,37,1.0,0.4594594594594595,0.6275308223051691,0.2484848484848484,1.5945945945945943,0.1891891891891892,0.0003136927261948,76,1,2000
003,0.1,12,0.0041666666666666,37,1.0,0.4594594594594595,0.6328464711785038,0.2429512516469038,1.5945945945945943,0.1891891891891892,0.0009127933881245,76,1,2000
003,0.1,14,0.0035714285714285,37,0.972972972972973,0.4594594594594595,0.6487341772151899,0.2467391304347826,1.5945945945945943,0.1891891891891892,0.0012589914258569,76,1,2000
003,0.1,16,0.003125,37,1.0,0.4594594594594595,0.6328464711785038,0.2429512516469038,1.5945945945945943,0.1891891891891892,0.0014726221561431,76,1,2000
003,0.1,20,0.0025,37,1.027027027027027,0.4054054054054054,0.6302579595630955,0.2284057971014492,1.5945945945945943,0.1891891891891892,0.0017883500549942,76,1,2000
003,0.1,25,0.002,37,1.0,0.4054054054054054,0.6430577604103065,0.2805194805194805,1.5945945945945943,0.1891891891891892,0.0016034025466069,76,1,2000
003,0.1,30,0.0016666666666666,37,0.6756756756756757,0.3783783783783784,0.8490220908962994,0.2610644257703081,1.5945945945945943,0.1891891891891892,0.0011815106263384,76,1,2000
003,0.1,40,0.00125,37,0.8108108108108109,0.3783783783783784,0.7595273264401773,0.311008684410219,1.5945945945945943,0.1891891891891892,0.001563623547554,76,1,2000
003,0.1,50,0.001,37,0.6486486486486487,0.4864864864864865,0.813075780089153,0.4387390387390388,1.5945945945945943,0.1891891891891892,0.0016421147156506,76,1,2000
003,0.1,60,0.0008333333333333,37,0.6486486486486487,0.4594594594594595,0.8327683615819209,0.3647714604236343,1.5945945945945943,0.1891891891891892,0.0019294068915769,76,1,2000
003,0.1,75,0.0006666666666666,37,0.6216216216216216,0.4864864864864865,0.8070472163495419,0.4498803418803419,1.5945945945945943,0.1891891891891892,0.0033865943551063,76,1,2000
003,0.2,1,0.1,37,2.27027027027027,0.054054054054054,-0.4488673139158576,0.0615384615384615,1.5945945945945943,0.1891891891891892,6.576775746225394e-08,76,1,2000
003,0.2,2,0.05,37,1.4054054054054057,0.2702702702702703,0.4022108843537415,0.1379310344827586,1.5945945945945943,0.1891891891891892,5.351747631721082e-07,76,1,2000
003,0.2,3,0.0333333333333333,37,1.4054054054054057,0.2702702702702703,0.4022108843537415,0.1379310344827586,1.5945945945945943,0.1891891891891892,7.920631617253093e-08,76,1,2000
003,0.2,4,0.025,37,0.8918918918918919,0.4594594594594595,0.7122173028598779,0.2652037617554859,1.5945945945945943,0.1891891891891892,1.3531189324567094e-07,76,1,2000
003,0.2,5,0.02,37,0.8918918918918919,0.4594594594594595,0.7122173028598779,0.2652037617554859,1.5945945945945943,0.1891891891891892,2.253518829320456e-07,76,1,2000
003,0.2,6,0.0166666666666666,37,0.8108108108108109,0.4864864864864865,0.7544441810855653,0.2770614692653673,1.5945945945945943,0.1891891891891892,3.850182110909373e-07,76,1,2000
003,0.2,8,0.0125,37,0.945945945945946,0.4594594594594595,0.668682404930806,0.2563049853372434,1.5945945945945943,0.1891891891891892,5.776563739345875e-06,76,1,2000
003,0.2,10,0.01,37,1.0,0.4594594594594595,0.6275308223051691,0.2484848484848484,1.5945945945945943,0.1891891891891892,4.938628262607381e-05,76,1,2000
003,0.2,12,0.0083333333333333,37,0.972972972972973,0.4594594594594595,0.6487341772151899,0.2467391304347826,1.5945945945945943,0.1891891891891892,0.0002950328344013,76,1,2000
003,0.2,14,0.0071428571428571,37,0.945945945945946,0.4594594594594595,0.6735418815171308,0.2507713884992987,1.5945945945945943,0.1891891891891892,0.0005359757924452,76,1,2000
003,0.2,16,0.00625,37,0.972972972972973,0.4594594594594595,0.6487341772151899,0.2467391304347826,1.5945945945945943,0.1891891891891892,0.0007310178480111,76,1,2000
003,0.2,20,0.005,37,0.972972972972973,0.4054054054054054,0.6814921090387375,0.2360248447204969,1.5945945945945943,0.1891891891891892,0.0010671189520508,76,1,2000
003,0.2,25,0.004,37,1.027027027027027,0.3783783783783784,0.6406022340942206,0.2233766233766233,1.5945945945945943,0.1891891891891892,0.0008502238197252,76,1,2000
003,0.2,30,0.0033333333333333,37,0.7567567567567568,0.3513513513513513,0.8123943661971831,0.2460268317853457,1.5945945945945943,0.1891891891891892,0.0005846148706041,76,1,2000
003,0.2,40,0.0025,37,0.7837837837837838,0.4054054054054054,0.7691191409084313,0.3226028873087697,1.5945945945945943,0.1891891891891892,0.0010287101613357,76,1,2000
003,0.2,50,0.002,37,0.6756756756756757,0.4594594594594595,0.8109764997810538,0.3752720709242448,1.5945945945945943,0.1891891891891892,0.0011757557513192,76,1,2000
003,0.2,60,0.0016666666666666,37,0.6756756756756757,0.4324324324324324,0.8299679710346748,0.3266762223283962,1.5945945945945943,0.1891891891891892,0.00136260362342,76,1,2000
003,0.2,75,0.0013333333333333,37,0.6756756756756757,0.4324324324324324,0.7877629063097514,0.3986666666666666,1.5945945945945943,0.1891891891891892,0.0023993691429495,76,1,2000
003,0.5,1,0.25,37,2.2432432432432434,0.054054054054054,-0.4425069912814607,0.0615384615384615,1.5945945945945943,0.1891891891891892,7.495970066884183e-08,76,1,2000
003,0.5,2,0.125,37,1.4054054054054057,0.2702702702702703,0.4022108843537415,0.1379310344827586,1.5945945945945943,0.1891891891891892,1.1975942470598966e-05,76,1,2000
003,0.5,3,0.0833333333333333,37,1.4054054054054057,0.2702702702702703,0.4022108843537415,0.1379310344827586,1.5945945945945943,0.1891891891891892,7.981996219541544e-08,76,1,2000
003,0.5,4,0.0625,37,0.945945945945946,0.4324324324324324,0.6897557418884432,0.2522167487684729,1.5945945945945943,0.1891891891891892,1.113051268930576e-07,76,1,2000
003,0.5,5,0.05,37,0.945945945945946,0.4324324324324324,0.6897557418884432,0.2522167487684729,1.5945945945945943,0.1891891891891892,1.2386070125103288e-07,76,1,2000
003,0.5,6,0.0416666666666666,37,0.8648648648648649,0.4864864864864865,0.7124817872753764,0.3145743145743146,1.5945945945945943,0.1891891891891892,1.8671930774871728e-06,76,1,2000
003,0.5,8,0.03125,37,0.945945945945946,0.4594594594594595,0.668682404930806,0.2563049853372434,1.5945945945945943,0.1891891891891892,6.588454652955988e-07,76,1,2000
003,0.5,10,0.025,37,0.945945945945946,0.4594594594594595,0.668682404930806,0.2563049853372434,1.5945945945945943,0.1891891891891892,1.3631237152367248e-06,76,1,2000
003,0.5,12,0.0208333333333333,37,0.945945945945946,0.4594594594594595,0.6735418815171308,0.2507713884992987,1.5945945945945943,0.1891891891891892,3.941699560527923e-06,76,1,2000
003,0.5,14,0.0178571428571428,37,0.918918918918919,0.4594594594594595,0.6990471763885662,0.2550724637681159,1.5945945945945943,0.1891891891891892,2.0059860617038797e-05,76,1,2000
003,0.5,16,0.015625,37,0.945945945945946,0.4594594594594595,0.6735418815171308,0.2507713884992987,1.5945945945945943,0.1891891891891892,4.710959910880774e-05,76,1,2000
003,0.5,20,0.0125,37,0.972972972972973,0.4054054054054054,0.6814921090387375,0.2360248447204969,1.5945945945945943,0.1891891891891892,0.0001469039707444,76,1,2000
003,0.5,25,0.01,37,1.0,0.3513513513513513,0.6757271688047759,0.2210909090909091,1.5945945945945943,0.1891891891891892,9.281686652684584e-05,76,1,2000
003,0.5,30,0.0083333333333333,37,0.8108108108108109,0.3243243243243243,0.7899517456713029,0.2595169082125604,1.5945945945945943,0.1891891891891892,5.6239947298308834e-05,76,1,2000
003,0.5,40,0.00625,37,0.7567567567567568,0.4054054054054054,0.785445056538127,0.3552476508998248,1.5945945945945943,0.1891891891891892,0.0001978266373043,76,1,2000
003,0.5,50,0.005,37,0.7027027027027027,0.4054054054054054,0.8170979936027915,0.3266762223283962,1.5945945945945943,0.1891891891891892,0.000348494912032,76,1,2000
003,0.5,60,0.0041666666666666,37,0.6756756756756757,0.4324324324324324,0.8299679710346748,0.3266762223283962,1.5945945945945943,0.1891891891891892,0.0004814938292838,76,1,2000
003,0.5,75,0.0033333333333333,37,0.5945945945945946,0.5135135135135135,0.7966412213740458,0.4821678321678321,1.5945945945945943,0.1891891891891892,0.0009082294418476,76,1,2000
003,1.0,1,0.5,37,2.189189189189189,0.081081081081081,-0.4356369691923398,0.0901098901098901,1.5945945945945943,0.1891891891891892,2.238134868548514e-07,76,1,2000
003,1.0,2,0.25,37,1.3783783783783785,0.2972972972972973,0.3971160778658975,0.1714285714285714,1.5945945945945943,0.1891891891891892,0.0001423347421223,76,1,2000
003,1.0,3,0.1666666666666666,37,1.3783783783783785,0.2972972972972973,0.3971160778658975,0.1714285714285714,1.5945945945945943,0.1891891891891892,1.0449868170780975e-07,76,1,2000
003,1.0,4,0.125,37,0.972972972972973,0.4324324324324324,0.653680748798381,0.2845117845117845,1.5945945945945943,0.1891891891891892,2.5256855224142782e-05,76,1,2000
003,1.0,5,0.1,37,0.945945945945946,0.4594594594594595,0.6530507385998716,0.3205128205128205,1.5945945945945943,0.1891891891891892,5.260911848381511e-07,76,1,2000
003,1.0,6,0.0833333333333333,37,0.8108108108108109,0.5135135135135135,0.7222917187890918,0.3538461538461538,1.5945945945945943,0.1891891891891892,1.0703844964154996e-05,76,1,2000
003,1.0,8,0.0625,37,0.8918918918918919,0.4594594594594595,0.7122173028598779,0.2652037617554859,1.5945945945945943,0.1891891891891892,1.9768554921029136e-05,76,1,2000
003,1.0,10,0.05,37,0.8918918918918919,0.4594594594594595,0.7122173028598779,0.2652037617554859,1.5945945945945943,0.1891891891891892,1.317350921681282e-07,76,1,2000
003,1.0,12,0.0416666666666666,37,0.8918918918918919,0.4594594594594595,0.7165586328815557,0.2596701649175412,1.5945945945945943,0.1891891891891892,8.793437018539407e-07,76,1,2000
003,1.0,14,0.0357142857142857,37,0.8918918918918919,0.4594594594594595,0.7165586328815557,0.2596701649175412,1.5945945945945943,0.1891891891891892,2.794215845369763e-07,76,1,2000
003,1.0,16,0.03125,37,0.8918918918918919,0.4594594594594595,0.7165586328815557,0.2596701649175412,1.5945945945945943,0.1891891891891892,2.275614292557293e-07,76,1,2000
003,1.0,20,0.025,37,0.945945945945946,0.4054054054054054,0.6992599781632901,0.2402576489533011,1.5945945945945943,0.1891891891891892,2.6872032776736887e-06,76,1,2000
003,1.0,25,0.02,37,0.945945945945946,0.3783783783783784,0.6994125734283214,0.2337391304347826,1.5945945945945943,0.1891891891891892,1.954616664079367e-06,76,1,2000
003,1.0,30,0.0166666666666666,37,0.8378378378378378,0.3513513513513513,0.77069274204655,0.2838095238095238,1.5945945945945943,0.1891891891891892,2.3180971766123548e-05,76,1,2000
003,1.0,40,0.0125,37,0.7567567567567568,0.4054054054054054,0.7915492957746478,0.3378117534639274,1.5945945945945943,0.1891891891891892,7.145510608097538e-06,76,1,2000
003,1.0,50,0.01,37,0.6756756756756757,0.4324324324324324,0.8245437562868229,0.3749050949050949,1.5945945945945943,0.1891891891891892,3.0506218536174856e-05,76,1,2000
003,1.0,60,0.0083333333333333,37,0.6756756756756757,0.4324324324324324,0.8281975517095821,0.3573593073593074,1.5945945945945943,0.1891891891891892,7.032282155705616e-05,76,1,2000
003,1.0,75,0.0066666666666666,37,0.6216216216216216,0.4324324324324324,0.8371107125387249,0.3920688007644529,1.5945945945945943,0.1891891891891892,0.0001582137774676,76,1,2000
003,2.0,1,1.0,37,2.108108108108108,0.081081081081081,-0.37407157326131,0.0901098901098901,1.5945945945945943,0.1891891891891892,0.0006573212449438,76,1,2000
003,2.0,2,0.5,37,1.4054054054054057,0.2162162162162162,0.3209876543209875,0.1545454545454545,1.5945945945945943,0.1891891891891892,0.0003867741615977,76,1,2000
003,2.0,3,0.3333333333333333,37,1.351351351351351,0.2702702702702703,0.3831429453535042,0.1777777777777777,1.5945945945945943,0.1891891891891892,0.0010361331515014,76,1,2000
003,2.0,4,0.25,37,1.054054054054054,0.3783783783783784,0.593632698456833,0.3039613526570048,1.5945945945945943,0.1891891891891892,6.18675330770202e-05,76,1,2000
003,2.0,5,0.2,37,1.0810810810810811,0.3243243243243243,0.5852256395515953,0.2508771929824561,1.5945945945945943,0.1891891891891892,0.0002251195983262,76,1,2000
003,2.0,6,0.1666666666666666,37,1.027027027027027,0.3513513513513513,0.6160276736811762,0.2684210526315789,1.5945945945945943,0.1891891891891892,0.0008415022748522,76,1,2000
003,2.0,8,0.125,37,0.8918918918918919,0.4594594594594595,0.7122173028598779,0.2652037617554859,1.5945945945945943,0.1891891891891892,3.2164571166504174e-05,76,1,2000
003,2.0,10,0.1,37,0.8918918918918919,0.4594594594594595,0.7122173028598779,0.2652037617554859,1.5945945945945943,0.1891891891891892,1.2733100447803736e-05,76,1,2000
003,2.0,12,0.0833333333333333,37,0.8918918918918919,0.4594594594594595,0.7165586328815557,0.2596701649175412,1.5945945945945943,0.1891891891891892,0.0001473079028073,76,1,2000
003,2.0,14,0.0714285714285714,37,0.8918918918918919,0.4594594594594595,0.7165586328815557,0.2596701649175412,1.5945945945945943,0.1891891891891892,2.1120513338246383e-05,76,1,2000
003,2.0,16,0.0625,37,0.8918918918918919,0.4594594594594595,0.7165586328815557,0.2596701649175412,1.5945945945945943,0.1891891891891892,4.626159352483228e-06,76,1,2000
003,2.0,20,0.05,37,0.945945945945946,0.3783783783783784,0.6994125734283214,0.2337391304347826,1.5945945945945943,0.1891891891891892,3.7674089981010175e-06,76,1,2000
003,2.0,25,0.04,37,0.7837837837837838,0.4594594594594595,0.7567985565150148,0.3068322981366459,1.5945945945945943,0.1891891891891892,1.5708208422893224e-07,76,1,2000
003,2.0,30,0.0333333333333333,37,0.8648648648648649,0.3783783783783784,0.723804257672104,0.2871009692062324,1.5945945945945943,0.1891891891891892,1.2891626965938485e-07,76,1,2000
003,2.0,40,0.025,37,0.7837837837837838,0.3513513513513513,0.7904139433551198,0.3053968253968254,1.5945945945945943,0.1891891891891892,1.1644327457815963e-07,76,1,2000
003,2.0,50,0.02,37,0.7027027027027027,0.4054054054054054,0.8204396231801313,0.3421212121212121,1.5945945945945943,0.1891891891891892,2.425023808427796e-07,76,1,2000
003,2.0,60,0.0166666666666666,37,0.6756756756756757,0.4594594594594595,0.8233046800382045,0.3720308676830416,1.5945945945945943,0.1891891891891892,1.4102913610258838e-06,76,1,2000
003,2.0,75,0.0133333333333333,37,0.6756756756756757,0.3783783783783784,0.8256135218592556,0.3486513486513486,1.5945945945945943,0.1891891891891892,3.59752016265702e-06,76,1,2000
003,5.0,1,2.5,37,1.9189189189189189,0.1621621621621621,-0.2835794342643658,0.1571266968325792,1.5945945945945943,0.1891891891891892,0.0083026317879557,76,1,2000
003,5.0,2,1.25,37,1.3243243243243243,0.1891891891891892,0.3221907459867801,0.1649350649350649,1.5945945945945943,0.1891891891891892,0.0024659426417201,76,1,2000
003,5.0,3,0.8333333333333334,37,1.3243243243243243,0.2162162162162162,0.3384504244175546,0.1825174825174825,1.5945945945945943,0.1891891891891892,0.0013397630536928,76,1,2000
003,5.0,4,0.625,37,1.162162162162162,0.2432432432432432,0.4901447758590616,0.2216783216783216,1.5945945945945943,0.1891891891891892,0.0020029025617986,76,1,2000
003,5.0,5,0.5,37,1.0810810810810811,0.2972972972972973,0.5433622414943295,0.2799011857707509,1.5945945945945943,0.1891891891891892,0.0011782537912949,76,1,2000
003,5.0,6,0.4166666666666667,37,1.0810810810810811,0.2972972972972973,0.5274421815671384,0.2816244624940277,1.5945945945945943,0.1891891891891892,0.00166680093389,76,1,2000
003,5.0,8,0.3125,37,0.8378378378378378,0.4864864864864865,0.7140504244267072,0.3408591408591409,1.5945945945945943,0.1891891891891892,0.0001392994745401,76,1,2000
003,5.0,10,0.25,37,0.8378378378378378,0.4864864864864865,0.7140504244267072,0.3408591408591409,1.5945945945945943,0.1891891891891892,0.0004484696546569,76,1,2000
003,5.0,12,0.2083333333333333,37,0.8378378378378378,0.4864864864864865,0.7261919204173238,0.3098872785829307,1.5945945945945943,0.1891891891891892,0.0005663784104399,76,1,2000
003,5.0,14,0.1785714285714285,37,0.8378378378378378,0.4864864864864865,0.7261919204173238,0.3098872785829307,1.5945945945945943,0.1891891891891892,0.0001645296142669,76,1,2000
003,5.0,16,0.15625,37,0.8648648648648649,0.4594594594594595,0.7182510439695406,0.2972390572390572,1.5945945945945943,0.1891891891891892,0.0004767753998748,76,1,2000
003,5.0,20,0.125,37,0.8378378378378378,0.3783783783783784,0.7221322338389045,0.2829512516469038,1.5945945945945943,0.1891891891891892,9.362323908135296e-05,76,1,2000
003,5.0,25,0.1,37,0.8648648648648649,0.3513513513513513,0.7115442278860571,0.2596273291925466,1.5945945945945943,0.1891891891891892,3.951940743718296e-05,76,1,2000
003,5.0,30,0.0833333333333333,37,0.918918918918919,0.2972972972972973,0.6811362910947973,0.2528679558427842,1.5945945945945943,0.1891891891891892,9.81842845249048e-07,76,1,2000
003,5.0,40,0.0625,37,0.7567567567567568,0.3513513513513513,0.7878980891719746,0.3102380952380952,1.5945945945945943,0.1891891891891892,1.167844629890169e-07,76,1,2000
003,5.0,50,0.05,37,0.6216216216216216,0.4594594594594595,0.8419967604182006,0.4000227842333105,1.5945945945945943,0.1891891891891892,0.0004354648699518,76,1,2000
003,5.0,60,0.0416666666666666,37,0.6216216216216216,0.4864864864864865,0.8419021364576155,0.397979797979798,1.5945945945945943,0.1891891891891892,1.252772960924631e-07,76,1,2000
003,5.0,75,0.0333333333333333,37,0.6756756756756757,0.3783783783783784,0.8282375540259325,0.3475324675324675,1.5945945945945943,0.1891891891891892,8.245899607572937e-08,76,1,2000
004,0.005,1,0.0025,34,0.9117647058823528,0.5588235294117647,0.2137161084529506,0.3863354037267081,1.1470588235294117,0.4705882352941176,0.0072831972502171,76,1,2000
004,0.005,2,0.00125,34,0.5294117647058824,0.5294117647058824,0.4595375722543352,0.5280572755417957,1.1470588235294117,0.4705882352941176,0.0007569850422441,76,1,2000
004,0.005,3,0.0008333333333333,34,0.5588235294117647,0.5,0.0345679012345677,0.2661660408844389,1.1470588235294117,0.4705882352941176,0.0007601609686389,76,1,2000
004,0.005,4,0.000625,34,0.5294117647058824,0.5882352941176471,0.0041841004184099,0.2916224814422057,1.1470588235294117,0.4705882352941176,0.000831099692732,76,1,2000
004,0.005,5,0.0005,34,0.7941176470588235,0.4117647058823529,-0.2601398601398603,0.1880081300813008,1.1470588235294117,0.4705882352941176,0.0014536753296852,76,1,2000
004,0.005,6,0.0004166666666666,34,0.6176470588235294,0.5588235294117647,-0.0957642725598526,0.2784090909090909,1.1470588235294117,0.4705882352941176,0.0013587058056145,76,1,2000
004,0.005,8,0.0003125,34,0.4117647058823529,0.6176470588235294,0.1392405063291137,0.4061728395061728,1.1470588235294117,0.4705882352941176,0.0011169577483087,76,1,2000
004,0.005,10,0.00025,34,0.3823529411764705,0.6470588235294118,0.1904761904761905,0.4233896185115697,1.1470588235294117,0.4705882352941176,0.000997208757326,76,1,2000
004,0.005,12,0.0002083333333333,34,0.4117647058823529,0.5882352941176471,0.5287128712871287,0.4753623188405797,1.1470588235294117,0.4705882352941176,0.0009785603033378,76,1,2000
004,0.005,14,0.0001785714285714,34,0.2352941176470588,0.7647058823529411,0.7504587155963303,0.5866248693834901,1.1470588235294117,0.4705882352941176,0.0016821041936054,76,1,2000
004,0.005,16,0.00015625,34,0.2058823529411764,0.7941176470588235,0.7525987525987526,0.8488331591779867,1.1470588235294117,0.4705882352941176,0.0016262335702776,76,1,2000
004,0.005,20,0.000125,34,0.2647058823529412,0.7352941176470589,0.7339130434782608,0.7645315904139434,1.1470588235294117,0.4705882352941176,0.001774346223101,76,1,2000
004,0.005,25,0.0001,34,0.2352941176470588,0.7647058823529411,0.5310344827586206,0.7647058823529411,1.1470588235294117,0.4705882352941176,0.0015428082551807,76,1,2000
004,0.005,30,8.333333333333333e-05,34,0.3823529411764705,0.6470588235294118,0.4295302013422818,0.6900537634408602,1.1470588235294117,0.4705882352941176,0.0026395407039672,76,1,2000
004,0.005,40,6.25e-05,34,0.1470588235294117,0.8529411764705882,0.8232848232848233,0.8920236851271334,1.1470588235294117,0.4705882352941176,0.0029679471626877,76,1,2000
004,0.005,50,5e-05,34,0.2352941176470588,0.7647058823529411,0.6936936936936937,0.774731182795699,1.1470588235294117,0.4705882352941176,0.0040650609880685,76,1,2000
004,0.005,60,4.1666666666666665e-05,34,0.2058823529411764,0.7941176470588235,0.7337807606263982,0.7955645161290322,1.1470588235294117,0.4705882352941176,0.0052671362645924,76,1,2000
004,0.005,75,3.3333333333333335e-05,34,0.2647058823529412,0.7352941176470589,0.6295399515738498,0.812316715542522,1.1470588235294117,0.4705882352941176,0.0056806034408509,76,1,2000
004,0.01,1,0.005,34,0.9117647058823528,0.5588235294117647,0.2137161084529506,0.3863354037267081,1.1470588235294117,0.4705882352941176,0.0019304540473967,76,1,2000
004,0.01,2,0.0025,34,0.5588235294117647,0.5,0.4807436918990704,0.3758223684210526,1.1470588235294117,0.4705882352941176,0.0006973832496441,76,1,2000
004,0.01,3,0.0016666666666666,34,0.5882352941176471,0.5,0.0848861283643892,0.3617265087853323,1.1470588235294117,0.4705882352941176,0.0006717304349876,76,1,2000
004,0.01,4,0.00125,34,0.5294117647058824,0.5882352941176471,0.1001890359168241,0.3881828316610926,1.1470588235294117,0.4705882352941176,0.0007248927722685,76,1,2000
004,0.01,5,0.001,34,0.8529411764705882,0.4117647058823529,-0.209891435464415,0.2903153153153153,1.1470588235294117,0.4705882352941176,0.0011841767700389,76,1,2000
004,0.01,6,0.0008333333333333,34,0.6176470588235294,0.5882352941176471,-0.0576631259484066,0.3665501165501165,1.1470588235294117,0.4705882352941176,0.0011487987358123,76,1,2000
004,0.01,8,0.000625,34,0.4117647058823529,0.6176470588235294,0.2746666666666666,0.6231319038336581,1.1470588235294117,0.4705882352941176,0.0009402919095009,76,1,2000
004,0.01,10,0.0005,34,0.3823529411764705,0.6470588235294118,0.1904761904761905,0.4233896185115697,1.1470588235294117,0.4705882352941176,0.0009183054207824,76,1,2000
004,0.01,12,0.0004166666666666,34,0.4117647058823529,0.5882352941176471,0.5287128712871287,0.4753623188405797,1.1470588235294117,0.4705882352941176,0.0009380427072755,76,1,2000
004,0.01,14,0.0003571428571428,34,0.2352941176470588,0.7647058823529411,0.7504587155963303,0.5866248693834901,1.1470588235294117,0.4705882352941176,0.0016113322926685,76,1,2000
004,0.01,16,0.0003125,34,0.2352941176470588,0.7647058823529411,0.7504587155963303,0.5866248693834901,1.1470588235294117,0.4705882352941176,0.0016243524150922,76,1,2000
004,0.01,20,0.00025,34,0.2352941176470588,0.7647058823529411,0.7655172413793103,0.7851851851851852,1.1470588235294117,0.4705882352941176,0.0016876758309081,76,1,2000
004,0.01,25,0.0002,34,0.2058823529411764,0.7941176470588235,0.5910652920962199,0.793939393939394,1.1470588235294117,0.4705882352941176,0.0014636063715443,76,1,2000
004,0.01,30,0.0001666666666666,34,0.3823529411764705,0.6470588235294118,0.4295302013422818,0.6900537634408602,1.1470588235294117,0.4705882352941176,0.0022826772183179,76,1,2000
004,0.01,40,0.000125,34,0.1470588235294117,0.8529411764705882,0.8202959830866807,0.89247311827957,1.1470588235294117,0.4705882352941176,0.0026535247452557,76,1,2000
004,0.01,50,0.0001,34,0.2352941176470588,0.7647058823529411,0.6936936936936937,0.774731182795699,1.1470588235294117,0.4705882352941176,0.0036482012365013,76,1,2000
004,0.01,60,8.333333333333333e-05,34,0.2058823529411764,0.7941176470588235,0.7337807606263982,0.7955645161290322,1.1470588235294117,0.4705882352941176,0.0048220297321677,76,1,2000
004,0.01,75,6.666666666666667e-05,34,0.2647058823529412,0.7352941176470589,0.6295399515738498,0.812316715542522,1.1470588235294117,0.4705882352941176,0.0052570011466741,76,1,2000
004,0.02,1,0.01,34,0.9117647058823528,0.5588235294117647,0.2137161084529506,0.3863354037267081,1.1470588235294117,0.4705882352941176,0.0040157306939363,76,1,2000
004,0.02,2,0.005,34,0.5588235294117647,0.5,0.4807436918990704,0.3758223684210526,1.1470588235294117,0.4705882352941176,0.0004200709227006,76,1,2000
004,0.02,3,0.0033333333333333,34,0.6176470588235294,0.5,0.0427184466019416,0.3551071591427268,1.1470588235294117,0.4705882352941176,0.0003846934414468,76,1,2000
004,0.02,4,0.0025,34,0.5588235294117647,0.5882352941176471,0.0606060606060605,0.3762395118230358,1.1470588235294117,0.4705882352941176,0.0004037675389554,76,1,2000
004,0.02,5,0.002,34,0.8823529411764706,0.4117647058823529,-0.2241579558652728,0.2777777777777778,1.1470588235294117,0.4705882352941176,0.0005830813897773,76,1,2000
004,0.02,6,0.0016666666666666,34,0.6764705882352942,0.5588235294117647,-0.0101137800252844,0.2265734265734265,1.1470588235294117,0.4705882352941176,0.0006289011216722,76,1,2000
004,0.02,8,0.00125,34,0.4411764705882353,0.5882352941176471,0.3446712018140591,0.300682261208577,1.1470588235294117,0.4705882352941176,0.0005173473036848,76,1,2000
004,0.02,10,0.001,34,0.3823529411764705,0.6470588235294118,0.1904761904761905,0.4233896185115697,1.1470588235294117,0.4705882352941176,0.0006043912144377,76,1,2000
004,0.02,12,0.0008333333333333,34,0.4117647058823529,0.5882352941176471,0.5703971119133573,0.4851435286217894,1.1470588235294117,0.4705882352941176,0.0007055888418108,76,1,2000
004,0.02,14,0.0007142857142857,34,0.2058823529411764,0.7941176470588235,0.8045977011494253,0.6124757595345831,1.1470588235294117,0.4705882352941176,0.001179375918582,76,1,2000
004,0.02,16,0.000625,34,0.1764705882352941,0.8235294117647058,0.8128440366972477,0.61901776384535,1.1470588235294117,0.4705882352941176,0.0013374460395425,76,1,2000
004,0.02,20,0.0005,34,0.2058823529411764,0.7941176470588235,0.7930434782608695,0.8108061002178649,1.1470588235294117,0.4705882352941176,0.0014125287998467,76,1,2000
004,0.02,25,0.0004,34,0.1764705882352941,0.8235294117647058,0.6482758620689655,0.8235294117647058,1.1470588235294117,0.4705882352941176,0.0012440599966794,76,1,2000
004,0.02,30,0.0003333333333333,34,0.3823529411764705,0.6470588235294118,0.4295302013422818,0.6900537634408602,1.1470588235294117,0.4705882352941176,0.0019150413572788,76,1,2000
004,0.02,40,0.00025,34,0.1470588235294117,0.8529411764705882,0.8202959830866807,0.89247311827957,1.1470588235294117,0.4705882352941176,0.0024157501757144,76,1,2000
004,0.02,50,0.0002,34,0.1764705882352941,0.8235294117647058,0.7548076923076923,0.875,1.1470588235294117,0.4705882352941176,0.0032012488227337,76,1,2000
004,0.02,60,0.0001666666666666,34,0.1764705882352941,0.8235294117647058,0.7548076923076923,0.875,1.1470588235294117,0.4705882352941176,0.0042217639274895,76,1,2000
004,0.02,75,0.0001333333333333,34,0.2647058823529412,0.7352941176470589,0.6295399515738498,0.812316715542522,1.1470588235294117,0.4705882352941176,0.0046469424851238,76,1,2000
004,0.05,1,0.025,34,0.9117647058823528,0.5588235294117647,0.2137161084529506,0.3863354037267081,1.1470588235294117,0.4705882352941176,0.0022257943637669,76,1,2000
004,0.05,2,0.0125,34,0.5294117647058824,0.5294117647058824,0.5085413929040736,0.4005792469789274,1.1470588235294117,0.4705882352941176,5.402458918979392e-05,76,1,2000
004,0.05,3,0.0083333333333333,34,0.5882352941176471,0.5294117647058824,0.0950570342205322,0.425459072517896,1.1470588235294117,0.4705882352941176,3.918489164789207e-05,76,1,2000
004,0.05,4,0.00625,34,0.5294117647058824,0.6470588235294118,0.1111111111111111,0.45,1.1470588235294117,0.4705882352941176,3.591338827391155e-05,76,1,2000
004,0.05,5,0.005,34,0.8529411764705882,0.4117647058823529,-0.1521997621878716,0.2809523809523809,1.1470588235294117,0.4705882352941176,4.821099719265476e-05,76,1,2000
004,0.05,6,0.0041666666666666,34,0.7058823529411765,0.5588235294117647,0.0171306209850106,0.2907452907452907,1.1470588235294117,0.4705882352941176,8.242682088166475e-05,76,1,2000
004,0.05,8,0.003125,34,0.4117647058823529,0.6176470588235294,0.4493927125506073,0.4352910602910603,1.1470588235294117,0.4705882352941176,6.14354939898476e-05,76,1,2000
004,0.05,10,0.0025,34,0.4117647058823529,0.6176470588235294,0.1337579617834394,0.3980952380952381,1.1470588235294117,0.4705882352941176,0.0001234930969076,76,1,2000
004,0.05,12,0.0020833333333333,34,0.4117647058823529,0.5882352941176471,0.5703971119133573,0.4851435286217894,1.1470588235294117,0.4705882352941176,0.0002350029099034,76,1,2000
004,0.05,14,0.0017857142857142,34,0.1764705882352941,0.8235294117647058,0.8311258278145696,0.6301106301106301,1.1470588235294117,0.4705882352941176,0.0003676120541058,76,1,2000
004,0.05,16,0.0015625,34,0.1764705882352941,0.8235294117647058,0.8128440366972477,0.61901776384535,1.1470588235294117,0.4705882352941176,0.0005962093127891,76,1,2000
004,0.05,20,0.00125,34,0.1764705882352941,0.8235294117647058,0.8373205741626795,0.835858585858586,1.1470588235294117,0.4705882352941176,0.0006537294248118,76,1,2000
004,0.05,25,0.001,34,0.1764705882352941,0.8235294117647058,0.6482758620689655,0.8235294117647058,1.1470588235294117,0.4705882352941176,0.0006284443079493,76,1,2000
004,0.05,30,0.0008333333333333,34,0.2941176470588235,0.7058823529411765,0.5913461538461537,0.7916666666666666,1.1470588235294117,0.4705882352941176,0.0011965123703703,76,1,2000
004,0.05,40,0.000625,34,0.1176470588235294,0.8823529411764706,0.8365384615384616,0.9166666666666666,1.1470588235294117,0.4705882352941176,0.0020795273594558,76,1,2000
004,0.05,50,0.0005,34,0.1176470588235294,0.8823529411764706,0.8341463414634146,0.9163398692810456,1.1470588235294117,0.4705882352941176,0.0026393576990813,76,1,2000
004,0.05,60,0.0004166666666666,34,0.1764705882352941,0.8235294117647058,0.7548076923076923,0.875,1.1470588235294117,0.4705882352941176,0.003342050826177,76,1,2000
004,0.05,75,0.0003333333333333,34,0.2352941176470588,0.7647058823529411,0.6682926829268292,0.8326797385620915,1.1470588235294117,0.4705882352941176,0.0037320242263376,76,1,2000
004,0.1,1,0.05,34,0.9411764705882352,0.5294117647058824,0.2012813667912439,0.3686147186147187,1.1470588235294117,0.4705882352941176,0.0012986653018742,76,1,2000
004,0.1,2,0.025,34,0.5,0.5588235294117647,0.5357607282184655,0.4264705882352941,1.1470588235294117,0.4705882352941176,1.1419853080951723e-06,76,1,2000
004,0.1,3,0.0166666666666666,34,0.5882352941176471,0.5294117647058824,0.1414141414141415,0.3512872628726287,1.1470588235294117,0.4705882352941176,6.386952122738876e-07,76,1,2000
004,0.1,4,0.0125,34,0.6176470588235294,0.5882352941176471,0.1363073110285005,0.3029411764705882,1.1470588235294117,0.4705882352941176,4.950538823322859e-07,76,1,2000
004,0.1,5,0.01,34,0.8529411764705882,0.3823529411764705,-0.0297142857142858,0.2142337662337662,1.1470588235294117,0.4705882352941176,7.617998676323623e-07,76,1,2000
004,0.1,6,0.0083333333333333,34,0.6176470588235294,0.5882352941176471,0.1305767138193689,0.3647342995169082,1.1470588235294117,0.4705882352941176,2.383502078373567e-06,76,1,2000
004,0.1,8,0.00625,34,0.4411764705882353,0.5882352941176471,0.4114052953156822,0.4160526315789473,1.1470588235294117,0.4705882352941176,2.1070584352855803e-06,76,1,2000
004,0.1,10,0.005,34,0.4117647058823529,0.6176470588235294,0.1337579617834394,0.3980952380952381,1.1470588235294117,0.4705882352941176,9.927273822540885e-06,76,1,2000
004,0.1,12,0.0041666666666666,34,0.3823529411764705,0.6176470588235294,0.5974499089253188,0.4989747095010253,1.1470588235294117,0.4705882352941176,3.2748113881098107e-05,76,1,2000
004,0.1,14,0.0035714285714285,34,0.2058823529411764,0.7941176470588235,0.8013355592654424,0.6138392857142857,1.1470588235294117,0.4705882352941176,5.885472273803316e-05,76,1,2000
004,0.1,16,0.003125,34,0.1176470588235294,0.8823529411764706,0.8733705772811918,0.6516129032258065,1.1470588235294117,0.4705882352941176,0.0001589646853972,76,1,2000
004,0.1,20,0.0025,34,0.2058823529411764,0.7941176470588235,0.8272859216255443,0.5996212121212121,1.1470588235294117,0.4705882352941176,0.0001718524727039,76,1,2000
004,0.1,25,0.002,34,0.1470588235294117,0.8529411764705882,0.7058823529411764,0.8528138528138528,1.1470588235294117,0.4705882352941176,0.0002026364672929,76,1,2000
004,0.1,30,0.0016666666666666,34,0.2352941176470588,0.7647058823529411,0.6777251184834123,0.8326797385620915,1.1470588235294117,0.4705882352941176,0.0004907544353045,76,1,2000
004,0.1,40,0.00125,34,0.1176470588235294,0.8823529411764706,0.8365384615384616,0.9166666666666666,1.1470588235294117,0.4705882352941176,0.0014213187387213,76,1,2000
004,0.1,50,0.001,34,0.1176470588235294,0.8823529411764706,0.8341463414634146,0.9163398692810456,1.1470588235294117,0.4705882352941176,0.0019128649728372,76,1,2000
004,0.1,60,0.0008333333333333,34,0.1764705882352941,0.8235294117647058,0.7548076923076923,0.875,1.1470588235294117,0.4705882352941176,0.0024983314797282,76,1,2000
004,0.1,75,0.0006666666666666,34,0.2352941176470588,0.7647058823529411,0.6682926829268292,0.8326797385620915,1.1470588235294117,0.4705882352941176,0.0029814322479069,76,1,2000
004,0.2,1,0.1,34,0.9705882352941176,0.5588235294117647,0.1789527198779869,0.3918690005646527,1.1470588235294117,0.4705882352941176,0.0008818789501674,76,1,2000
004,0.2,2,0.05,34,0.5294117647058824,0.5294117647058824,0.548854041013269,0.40625,1.1470588235294117,0.4705882352941176,1.6711213390863122e-07,76,1,2000
004,0.2,3,0.0333333333333333,34,0.6764705882352942,0.5,0.1509872241579558,0.2777777777777778,1.1470588235294117,0.4705882352941176,1.0513194581562857e-07,76,1,2000
004,0.2,4,0.025,34,0.6176470588235294,0.5882352941176471,0.1740112994350283,0.3454545454545454,1.1470588235294117,0.4705882352941176,1.3397131226611236e-07,76,1,2000
004,0.2,5,0.02,34,0.7058823529411765,0.4411764705882353,0.1469534050179211,0.3074074074074074,1.1470588235294117,0.4705882352941176,1.3916788077494857e-07,76,1,2000
004,0.2,6,0.0166666666666666,34,0.5294117647058824,0.6470588235294118,0.2040133779264212,0.4205714285714286,1.1470588235294117,0.4705882352941176,1.3307325730238517e-07,76,1,2000
004,0.2,8,0.0125,34,0.4411764705882353,0.6176470588235294,0.4323374340949033,0.4484126984126984,1.1470588235294117,0.4705882352941176,1.2711581121038762e-07,76,1,2000
004,0.2,10,0.01,34,0.4117647058823529,0.6176470588235294,0.1282051282051282,0.3873517786561264,1.1470588235294117,0.4705882352941176,1.412884103046963e-07,76,1,2000
004,0.2,12,0.0083333333333333,34,0.3823529411764705,0.6176470588235294,0.5974499089253188,0.4989747095010253,1.1470588235294117,0.4705882352941176,4.152078076913313e-07,76,1,2000
004,0.2,14,0.0071428571428571,34,0.1470588235294117,0.8529411764705882,0.8556876061120543,0.6476190476190476,1.1470588235294117,0.4705882352941176,1.0379790182923898e-06,76,1,2000
004,0.2,16,0.00625,34,0.1764705882352941,0.8235294117647058,0.8253424657534246,0.630859685364691,1.1470588235294117,0.4705882352941176,7.544182153651491e-06,76,1,2000
004,0.2,20,0.005,34,0.2058823529411764,0.7941176470588235,0.8242245199409157,0.601985111662531,1.1470588235294117,0.4705882352941176,9.944387784344144e-06,76,1,2000
004,0.2,25,0.004,34,0.1764705882352941,0.8235294117647058,0.6458333333333333,0.8229166666666667,1.1470588235294117,0.4705882352941176,1.962276110134553e-05,76,1,2000
004,0.2,30,0.0033333333333333,34,0.2058823529411764,0.7941176470588235,0.7159904534606205,0.8540241120886282,1.1470588235294117,0.4705882352941176,7.017728057689965e-05,76,1,2000
004,0.2,40,0.0025,34,0.1176470588235294,0.8823529411764706,0.8365384615384616,0.9166666666666666,1.1470588235294117,0.4705882352941176,0.0005340676871128,76,1,2000
004,0.2,50,0.002,34,0.1470588235294117,0.8529411764705882,0.7941888619854721,0.8957315086347345,1.1470588235294117,0.4705882352941176,0.0009082758333534,76,1,2000
004,0.2,60,0.0016666666666666,34,0.1764705882352941,0.8235294117647058,0.7548076923076923,0.875,1.1470588235294117,0.4705882352941176,0.0014085202710703,76,1,2000
004,0.2,75,0.0013333333333333,34,0.2058823529411764,0.7941176470588235,0.711864406779661,0.8540241120886282,1.1470588235294117,0.4705882352941176,0.0019114008173346,76,1,2000
004,0.5,1,0.25,34,1.0294117647058822,0.5294117647058824,0.1471018022406235,0.3736871823828346,1.1470588235294117,0.4705882352941176,2.5349840143462643e-05,76,1,2000
004,0.5,2,0.125,34,0.4705882352941176,0.5882352941176471,0.5807644882860665,0.4523809523809523,1.1470588235294117,0.4705882352941176,7.558602192148101e-06,76,1,2000
004,0.5,3,0.0833333333333333,34,0.6470588235294118,0.5294117647058824,0.2616339193381592,0.3294444444444444,1.1470588235294117,0.4705882352941176,1.5064571812217764e-07,76,1,2000
004,0.5,4,0.0625,34,0.5882352941176471,0.5882352941176471,0.3193193193193193,0.3794805194805195,1.1470588235294117,0.4705882352941176,1.0563355345993841e-07,76,1,2000
004,0.5,5,0.05,34,0.6176470588235294,0.5588235294117647,0.3119447186574531,0.3685388075193172,1.1470588235294117,0.4705882352941176,1.1650369913240867e-07,76,1,2000
004,0.5,6,0.0416666666666666,34,0.5,0.6470588235294118,0.2742561448900388,0.3828042328042328,1.1470588235294117,0.4705882352941176,1.2237669011483376e-07,76,1,2000
004,0.5,8,0.03125,34,0.3823529411764705,0.6470588235294118,0.5233644859813085,0.4813119755911518,1.1470588235294117,0.4705882352941176,9.848819360058769e-08,76,1,2000
004,0.5,10,0.025,34,0.3823529411764705,0.6470588235294118,0.1853035143769968,0.4147286821705426,1.1470588235294117,0.4705882352941176,9.870797157418565e-08,76,1,2000
004,0.5,12,0.0208333333333333,34,0.3823529411764705,0.6470588235294118,0.5549738219895288,0.4907581453634085,1.1470588235294117,0.4705882352941176,8.908241966310015e-08,76,1,2000
004,0.5,14,0.0178571428571428,34,0.2058823529411764,0.8235294117647058,0.7504078303425774,0.6110632183908046,1.1470588235294117,0.4705882352941176,1.1114407527657023e-07,76,1,2000
004,0.5,16,0.015625,34,0.2058823529411764,0.7941176470588235,0.7944732297063903,0.6138392857142857,1.1470588235294117,0.4705882352941176,1.2577355334997264e-07,76,1,2000
004,0.5,20,0.0125,34,0.2647058823529412,0.7352941176470589,0.786013986013986,0.5710654288240495,1.1470588235294117,0.4705882352941176,1.1858263349040501e-07,76,1,2000
004,0.5,25,0.01,34,0.2058823529411764,0.7941176470588235,0.5853658536585367,0.7925021795989537,1.1470588235294117,0.4705882352941176,9.775142473245069e-08,76,1,2000
004,0.5,30,0.0083333333333333,34,0.2058823529411764,0.7941176470588235,0.5882352941176471,0.793939393939394,1.1470588235294117,0.4705882352941176,2.627374158237217e-07,76,1,2000
004,0.5,40,0.00625,34,0.2058823529411764,0.7941176470588235,0.5882352941176471,0.793939393939394,1.1470588235294117,0.4705882352941176,2.068758658424485e-05,76,1,2000
004,0.5,50,0.005,34,0.1470588235294117,0.8529411764705882,0.7941888619854721,0.8957315086347345,1.1470588235294117,0.4705882352941176,8.209516818169504e-05,76,1,2000
004,0.5,60,0.0041666666666666,34,0.1764705882352941,0.8235294117647058,0.7548076923076923,0.875,1.1470588235294117,0.4705882352941176,0.0002594442048575,76,1,2000
004,0.5,75,0.0033333333333333,34,0.1470588235294117,0.8529411764705882,0.7941888619854721,0.8957315086347345,1.1470588235294117,0.4705882352941176,0.0004166416765656,76,1,2000
004,1.0,1,0.5,34,1.0588235294117647,0.5,0.1632749645054424,0.3539069626026148,1.1470588235294117,0.4705882352941176,1.3180671885493211e-05,76,1,2000
004,1.0,2,0.25,34,0.5294117647058824,0.5882352941176471,0.4693422519509476,0.458128078817734,1.1470588235294117,0.4705882352941176,1.858421637734864e-05,76,1,2000
004,1.0,3,0.1666666666666666,34,0.7058823529411765,0.5,0.2573599240265907,0.3068100358422939,1.1470588235294117,0.4705882352941176,5.96999214508287e-08,76,1,2000
004,1.0,4,0.125,34,0.6764705882352942,0.5294117647058824,0.3000914913083257,0.3433667781493869,1.1470588235294117,0.4705882352941176,6.587108458688817e-08,76,1,2000
004,1.0,5,0.1,34,0.5,0.6176470588235294,0.483839373163565,0.393167701863354,1.1470588235294117,0.4705882352941176,9.109058396461479e-08,76,1,2000
004,1.0,6,0.0833333333333333,34,0.5,0.5882352941176471,0.416568047337278,0.3596190476190476,1.1470588235294117,0.4705882352941176,8.330761147590239e-08,76,1,2000
004,1.0,8,0.0625,34,0.4411764705882353,0.5882352941176471,0.5405405405405406,0.3894437916177046,1.1470588235294117,0.4705882352941176,6.96373305686393e-08,76,1,2000
004,1.0,10,0.05,34,0.3529411764705882,0.6764705882352942,0.4333333333333333,0.6905797101449277,1.1470588235294117,0.4705882352941176,6.65867361249184e-08,76,1,2000
004,1.0,12,0.0416666666666666,34,0.3235294117647059,0.7058823529411765,0.6716196136701338,0.5480072463768116,1.1470588235294117,0.4705882352941176,9.467539285878956e-08,76,1,2000
004,1.0,14,0.0357142857142857,34,0.2647058823529412,0.7647058823529411,0.7332382310984308,0.58994708994709,1.1470588235294117,0.4705882352941176,1.1540760169737041e-07,76,1,2000
004,1.0,16,0.03125,34,0.2647058823529412,0.7647058823529411,0.7332382310984308,0.58994708994709,1.1470588235294117,0.4705882352941176,9.782546328551689e-08,76,1,2000
004,1.0,20,0.025,34,0.3235294117647059,0.7352941176470589,0.6808510638297872,0.5601851851851851,1.1470588235294117,0.4705882352941176,7.718822558899775e-08,76,1,2000
004,1.0,25,0.02,34,0.2352941176470588,0.7647058823529411,0.5211267605633803,0.7571428571428571,1.1470588235294117,0.4705882352941176,8.289266162364585e-08,76,1,2000
004,1.0,30,0.0166666666666666,34,0.1470588235294117,0.8529411764705882,0.7058823529411764,0.8528138528138528,1.1470588235294117,0.4705882352941176,7.599202689334561e-08,76,1,2000
004,1.0,40,0.0125,34,0.2058823529411764,0.7941176470588235,0.5882352941176471,0.793939393939394,1.1470588235294117,0.4705882352941176,1.4965209516049074e-07,76,1,2000
004,1.0,50,0.01,34,0.1470588235294117,0.8529411764705882,0.7578347578347578,0.8986175115207372,1.1470588235294117,0.4705882352941176,1.2959875448359526e-06,76,1,2000
004,1.0,60,0.0083333333333333,34,0.1764705882352941,0.8235294117647058,0.7110481586402266,0.8786764705882352,1.1470588235294117,0.4705882352941176,1.7212454622494988e-05,76,1,2000
004,1.0,75,0.0066666666666666,34,0.1470588235294117,0.8529411764705882,0.7578347578347578,0.8986175115207372,1.1470588235294117,0.4705882352941176,2.617937025206629e-05,76,1,2000
004,2.0,1,1.0,34,1.1176470588235294,0.5,0.1341518872214642,0.3594405594405594,1.1470588235294117,0.4705882352941176,0.0002106716274283,76,1,2000
004,2.0,2,0.5,34,0.5588235294117647,0.5588235294117647,0.4526829268292683,0.3516483516483516,1.1470588235294117,0.4705882352941176,0.0002665697247721,76,1,2000
004,2.0,3,0.3333333333333333,34,0.7647058823529411,0.5,0.2467532467532467,0.3228571428571428,1.1470588235294117,0.4705882352941176,7.075838226455744e-08,76,1,2000
004,2.0,4,0.25,34,0.7058823529411765,0.5294117647058824,0.3227091633466136,0.3480248447204969,1.1470588235294117,0.4705882352941176,9.608179851738897e-08,76,1,2000
004,2.0,5,0.2,34,0.5588235294117647,0.5588235294117647,0.4771668219944082,0.3582621082621083,1.1470588235294117,0.4705882352941176,6.83474965512687e-08,76,1,2000
004,2.0,6,0.1666666666666666,34,0.5,0.5882352941176471,0.4922760041194645,0.3843646723646723,1.1470588235294117,0.4705882352941176,9.387010635464321e-08,76,1,2000
004,2.0,8,0.125,34,0.4117647058823529,0.6470588235294118,0.5903614457831325,0.4760375494071146,1.1470588235294117,0.4705882352941176,6.065086921580587e-08,76,1,2000
004,2.0,10,0.1,34,0.4117647058823529,0.6470588235294118,0.5968379446640316,0.4962774294670846,1.1470588235294117,0.4705882352941176,4.771358419475291e-08,76,1,2000
004,2.0,12,0.0833333333333333,34,0.4117647058823529,0.6176470588235294,0.684088269454123,0.4784338599930804,1.1470588235294117,0.4705882352941176,1.250392216434193e-07,76,1,2000
004,2.0,14,0.0714285714285714,34,0.3235294117647059,0.7058823529411765,0.7502824858757062,0.5384615384615385,1.1470588235294117,0.4705882352941176,6.7647512480562e-08,76,1,2000
004,2.0,16,0.0625,34,0.3823529411764705,0.6470588235294118,0.7118644067796611,0.5,1.1470588235294117,0.4705882352941176,7.87795997325702e-08,76,1,2000
004,2.0,20,0.05,34,0.3823529411764705,0.6764705882352942,0.6603995299647474,0.5197435897435897,1.1470588235294117,0.4705882352941176,7.382095645880328e-08,76,1,2000
004,2.0,25,0.04,34,0.2352941176470588,0.7647058823529411,0.5211267605633803,0.7571428571428571,1.1470588235294117,0.4705882352941176,5.90399729105684e-08,76,1,2000
004,2.0,30,0.0333333333333333,34,0.1764705882352941,0.8235294117647058,0.6458333333333333,0.8229166666666667,1.1470588235294117,0.4705882352941176,6.497637627944641e-08,76,1,2000
004,2.0,40,0.025,34,0.1764705882352941,0.8235294117647058,0.6458333333333333,0.8229166666666667,1.1470588235294117,0.4705882352941176,9.31540355963989e-08,76,1,2000
004,2.0,50,0.02,34,0.1470588235294117,0.8529411764705882,0.7038327526132404,0.85178727114211,1.1470588235294117,0.4705882352941176,1.1237094099669777e-07,76,1,2000
004,2.0,60,0.0166666666666666,34,0.1764705882352941,0.8235294117647058,0.6458333333333333,0.8229166666666667,1.1470588235294117,0.4705882352941176,1.434646037523635e-07,76,1,2000
004,2.0,75,0.0133333333333333,34,0.1470588235294117,0.8529411764705882,0.7038327526132404,0.85178727114211,1.1470588235294117,0.4705882352941176,1.4162282013785446e-07,76,1,2000
004,5.0,1,2.5,34,1.1470588235294117,0.4705882352941176,0.1496237273129702,0.3363636363636363,1.1470588235294117,0.4705882352941176,0.0016808237414807,76,1,2000
004,5.0,2,1.25,34,0.5588235294117647,0.5882352941176471,0.4381491973559962,0.3662337662337662,1.1470588235294117,0.4705882352941176,0.0008555970271117,76,1,2000
004,5.0,3,0.8333333333333334,34,0.8529411764705882,0.5,0.2363076923076923,0.3285714285714285,1.1470588235294117,0.4705882352941176,0.0003892579698003,76,1,2000
004,5.0,4,0.625,34,0.8529411764705882,0.4411764705882353,0.2810670136629798,0.3050909090909091,1.1470588235294117,0.4705882352941176,0.0003349143080413,76,1,2000
004,5.0,5,0.5,34,0.6470588235294118,0.5,0.4473909324208726,0.3143809523809524,1.1470588235294117,0.4705882352941176,0.00107211782597,76,1,2000
004,5.0,6,0.4166666666666667,34,0.5882352941176471,0.5294117647058824,0.4662973222530009,0.3382857142857143,1.1470588235294117,0.4705882352941176,0.00022154567705,76,1,2000
004,5.0,8,0.3125,34,0.5882352941176471,0.5294117647058824,0.4672811059907834,0.3342760942760942,1.1470588235294117,0.4705882352941176,1.1641738950629589e-07,76,1,2000
004,5.0,10,0.25,34,0.4705882352941176,0.5882352941176471,0.6131968145620023,0.4516345723242275,1.1470588235294117,0.4705882352941176,6.227476114872843e-05,76,1,2000
004,5.0,12,0.2083333333333333,34,0.4411764705882353,0.6176470588235294,0.6358511837655016,0.4736024844720497,1.1470588235294117,0.4705882352941176,2.659740493982099e-05,76,1,2000
004,5.0,14,0.1785714285714285,34,0.4117647058823529,0.6470588235294118,0.6581005586592179,0.4947089947089947,1.1470588235294117,0.4705882352941176,0.0001011857311823,76,1,2000
004,5.0,16,0.15625,34,0.3823529411764705,0.6764705882352942,0.6799557032115171,0.5151648351648352,1.1470588235294117,0.4705882352941176,9.254702308680862e-05,76,1,2000
004,5.0,20,0.125,34,0.3823529411764705,0.6764705882352942,0.6799557032115171,0.5151648351648352,1.1470588235294117,0.4705882352941176,0.0001048829508363,76,1,2000
004,5.0,25,0.1,34,0.2352941176470588,0.7647058823529411,0.5177304964539007,0.7509157509157509,1.1470588235294117,0.4705882352941176,1.1898040611413307e-05,76,1,2000
004,5.0,30,0.0833333333333333,34,0.1470588235294117,0.8529411764705882,0.7017543859649122,0.8496905393457117,1.1470588235294117,0.4705882352941176,4.3994443643669e-08,76,1,2000
004,5.0,40,0.0625,34,0.1764705882352941,0.8235294117647058,0.6458333333333333,0.8229166666666667,1.1470588235294117,0.4705882352941176,5.4376233293851335e-08,76,1,2000
004,5.0,50,0.05,34,0.1764705882352941,0.8235294117647058,0.6458333333333333,0.8229166666666667,1.1470588235294117,0.4705882352941176,8.834380338385017e-08,76,1,2000
004,5.0,60,0.0416666666666666,34,0.1764705882352941,0.8235294117647058,0.6458333333333333,0.8229166666666667,1.1470588235294117,0.4705882352941176,8.08883200420496e-08,76,1,2000
004,5.0,75,0.0333333333333333,34,0.1470588235294117,0.8529411764705882,0.7038327526132404,0.85178727114211,1.1470588235294117,0.4705882352941176,7.954823644240605e-08,76,1,2000
005,0.005,1,0.0025,36,0.8888888888888888,0.4166666666666667,0.1205673758865247,0.1484057971014492,2.055555555555556,0.1944444444444444,0.0012403082801029,76,1,2000
005,0.005,2,0.00125,36,0.5833333333333334,0.7222222222222222,0.2031930333817126,0.33521421107628,2.055555555555556,0.1944444444444444,0.0013211542973294,76,1,2000
005,0.005,3,0.0008333333333333,36,0.8888888888888888,0.4444444444444444,0.2314606741573034,0.3067080745341615,2.055555555555556,0.1944444444444444,0.0009979979367926,76,1,2000
005,0.005,4,0.000625,36,0.9166666666666666,0.4444444444444444,0.0639097744360902,0.2869565217391304,2.055555555555556,0.1944444444444444,0.0010452988790348,76,1,2000
005,0.005,5,0.0005,36,0.8055555555555556,0.5277777777777778,0.1614173228346457,0.3969298245614034,2.055555555555556,0.1944444444444444,0.0010369855444878,76,1,2000
005,0.005,6,0.0004166666666666,36,0.7777777777777778,0.5277777777777778,0.2072538860103627,0.3854679802955665,2.055555555555556,0.1944444444444444,0.0010045659728348,76,1,2000
005,0.005,8,0.0003125,36,0.8333333333333334,0.5833333333333334,0.1597510373443983,0.5105042016806722,2.055555555555556,0.1944444444444444,0.0008901180117391,76,1,2000
005,0.005,10,0.00025,36,0.8333333333333334,0.5555555555555556,0.1369863013698631,0.3512605042016806,2.055555555555556,0.1944444444444444,0.0012874095700681,76,1,2000
005,0.005,12,0.0002083333333333,36,0.7222222222222222,0.5833333333333334,0.5241057542768274,0.4769762845849802,2.055555555555556,0.1944444444444444,0.0014030332677066,76,1,2000
005,0.005,14,0.0001785714285714,36,0.7222222222222222,0.5833333333333334,0.5306748466257669,0.4715983363042187,2.055555555555556,0.1944444444444444,0.0018902661977335,76,1,2000
005,0.005,16,0.00015625,36,0.8055555555555556,0.5833333333333334,0.3916938110749186,0.4602631578947369,2.055555555555556,0.1944444444444444,0.0018691777950152,76,1,2000
005,0.005,20,0.000125,36,0.6944444444444444,0.6666666666666666,0.2268041237113401,0.4229059829059829,2.055555555555556,0.1944444444444444,0.0017401459626853,76,1,2000
005,0.005,25,0.0001,36,1.0555555555555556,0.5555555555555556,0.2071778140293638,0.3772388531009221,2.055555555555556,0.1944444444444444,0.0020115638617426,76,1,2000
005,0.005,30,8.333333333333333e-05,36,0.7222222222222222,0.6388888888888888,0.427012278308322,0.5048659003831417,2.055555555555556,0.1944444444444444,0.0025741257704794,76,1,2000
005,0.005,40,6.25e-05,36,0.4444444444444444,0.6944444444444444,0.7443408788282291,0.5320901320901321,2.055555555555556,0.1944444444444444,0.0036436896771192,76,1,2000
005,0.005,50,5e-05,36,0.3888888888888889,0.75,0.7800087298123091,0.5643703703703704,2.055555555555556,0.1944444444444444,0.0039961379952728,76,1,2000
005,0.005,60,4.1666666666666665e-05,36,0.25,0.8055555555555556,0.8755760368663594,0.5816239316239316,2.055555555555556,0.1944444444444444,0.0052133183926343,76,1,2000
005,0.005,75,3.3333333333333335e-05,36,0.25,0.8055555555555556,0.875,0.7711352657004831,2.055555555555556,0.1944444444444444,0.0065280445851385,76,1,2000
005,0.01,1,0.005,36,0.8888888888888888,0.4166666666666667,0.1907179115300943,0.2222222222222222,2.055555555555556,0.1944444444444444,0.0010482225334271,76,1,2000
005,0.01,2,0.0025,36,0.6944444444444444,0.6388888888888888,0.1717032967032966,0.3648148148148148,2.055555555555556,0.1944444444444444,0.0009893524693325,76,1,2000
005,0.01,3,0.0016666666666666,36,0.9166666666666666,0.4166666666666667,0.2124999999999999,0.2977133655394525,2.055555555555556,0.1944444444444444,0.0008190795779228,76,1,2000
005,0.01,4,0.00125,36,1.0,0.3888888888888889,-0.0076335877862596,0.2619047619047619,2.055555555555556,0.1944444444444444,0.0009558656020089,76,1,2000
005,0.01,5,0.001,36,0.8333333333333334,0.5,0.1382978723404255,0.3804232804232804,2.055555555555556,0.1944444444444444,0.0008970689959824,76,1,2000
005,0.01,6,0.0008333333333333,36,0.8055555555555556,0.5,0.1850393700787401,0.3706140350877193,2.055555555555556,0.1944444444444444,0.0009242911473847,76,1,2000
005,0.01,8,0.000625,36,0.8611111111111112,0.5555555555555556,0.1415094339622641,0.4933084344849051,2.055555555555556,0.1944444444444444,0.00089193606982,76,1,2000
005,0.01,10,0.0005,36,0.8333333333333334,0.5555555555555556,0.1692307692307691,0.4041705571117335,2.055555555555556,0.1944444444444444,0.0012014436069875,76,1,2000
005,0.01,12,0.0004166666666666,36,0.7222222222222222,0.5833333333333334,0.5241057542768274,0.4769762845849802,2.055555555555556,0.1944444444444444,0.0013625639257952,76,1,2000
005,0.01,14,0.0003571428571428,36,0.6944444444444444,0.6111111111111112,0.5347222222222222,0.492384370015949,2.055555555555556,0.1944444444444444,0.0018386475276201,76,1,2000
005,0.01,16,0.0003125,36,0.8055555555555556,0.5833333333333334,0.3916938110749186,0.4602631578947369,2.055555555555556,0.1944444444444444,0.0018517461139708,76,1,2000
005,0.01,20,0.00025,36,0.6388888888888888,0.6666666666666666,0.3505154639175257,0.4244385499557913,2.055555555555556,0.1944444444444444,0.0016956869512796,76,1,2000
005,0.01,25,0.0002,36,0.9722222222222222,0.5555555555555556,0.3304,0.3809523809523809,2.055555555555556,0.1944444444444444,0.0019557457417249,76,1,2000
005,0.01,30,0.0001666666666666,36,0.75,0.6111111111111112,0.4227642276422765,0.4812401693889897,2.055555555555556,0.1944444444444444,0.0024725953117012,76,1,2000
005,0.01,40,0.000125,36,0.4444444444444444,0.6944444444444444,0.7443408788282291,0.5320901320901321,2.055555555555556,0.1944444444444444,0.0033593904227018,76,1,2000
005,0.01,50,0.0001,36,0.3055555555555556,0.7777777777777778,0.8473214285714286,0.5717777777777778,2.055555555555556,0.1944444444444444,0.0037325916346162,76,1,2000
005,0.01,60,8.333333333333333e-05,36,0.25,0.8055555555555556,0.8755760368663594,0.5816239316239316,2.055555555555556,0.1944444444444444,0.0049404967576265,76,1,2000
005,0.01,75,6.666666666666667e-05,36,0.25,0.8055555555555556,0.875,0.7711352657004831,2.055555555555556,0.1944444444444444,0.0061573442071676,76,1,2000
005,0.02,1,0.01,36,0.9444444444444444,0.3888888888888889,0.1951219512195121,0.278095238095238,2.055555555555556,0.1944444444444444,0.0005400214577093,76,1,2000
005,0.02,2,0.005,36,0.8333333333333334,0.5833333333333334,0.1304347826086956,0.3703703703703703,2.055555555555556,0.1944444444444444,0.0004784066113643,76,1,2000
005,0.02,3,0.0033333333333333,36,0.9166666666666666,0.4166666666666667,0.2124999999999999,0.2977133655394525,2.055555555555556,0.1944444444444444,0.0004838660242967,76,1,2000
005,0.02,4,0.0025,36,0.9722222222222222,0.3888888888888889,0.0999999999999998,0.2148148148148148,2.055555555555556,0.1944444444444444,0.0006871919613331,76,1,2000
005,0.02,5,0.002,36,0.8333333333333334,0.5,0.1716417910447759,0.3123586744639376,2.055555555555556,0.1944444444444444,0.0006132966373115,76,1,2000
005,0.02,6,0.0016666666666666,36,0.8888888888888888,0.4722222222222222,0.1068702290076335,0.2874965190754664,2.055555555555556,0.1944444444444444,0.0007386180805042,76,1,2000
005,0.02,8,0.00125,36,0.8888888888888888,0.5277777777777778,0.1228813559322034,0.4757889169653875,2.055555555555556,0.1944444444444444,0.0007934466120786,76,1,2000
005,0.02,10,0.001,36,0.8333333333333334,0.5555555555555556,0.1692307692307691,0.4041705571117335,2.055555555555556,0.1944444444444444,0.0008755148737691,76,1,2000
005,0.02,12,0.0008333333333333,36,0.75,0.5555555555555556,0.5133228840125392,0.4611471861471861,2.055555555555556,0.1944444444444444,0.0011209176154807,76,1,2000
005,0.02,14,0.0007142857142857,36,0.6944444444444444,0.6111111111111112,0.5347222222222222,0.492384370015949,2.055555555555556,0.1944444444444444,0.0016242651036009,76,1,2000
005,0.02,16,0.000625,36,0.7777777777777778,0.6111111111111112,0.391841779975278,0.4688111888111888,2.055555555555556,0.1944444444444444,0.0016323532909154,76,1,2000
005,0.02,20,0.0005,36,0.5833333333333334,0.6944444444444444,0.4380952380952381,0.4765020420192834,2.055555555555556,0.1944444444444444,0.0015385119477286,76,1,2000
005,0.02,25,0.0004,36,0.9444444444444444,0.5555555555555556,0.3382352941176471,0.3831501831501831,2.055555555555556,0.1944444444444444,0.0019268251489847,76,1,2000
005,0.02,30,0.0003333333333333,36,0.75,0.6111111111111112,0.4227642276422765,0.4812401693889897,2.055555555555556,0.1944444444444444,0.00240279128775,76,1,2000
005,0.02,40,0.00025,36,0.4722222222222222,0.6666666666666666,0.7383259911894273,0.5174656261612783,2.055555555555556,0.1944444444444444,0.003015735419467,76,1,2000
005,0.02,50,0.0002,36,0.3611111111111111,0.7222222222222222,0.8337730870712401,0.5395169082125604,2.055555555555556,0.1944444444444444,0.0034299623221158,76,1,2000
005,0.02,60,0.0001666666666666,36,0.25,0.8055555555555556,0.8755760368663594,0.5816239316239316,2.055555555555556,0.1944444444444444,0.0046210838481783,76,1,2000
005,0.02,75,0.0001333333333333,36,0.3333333333333333,0.7777777777777778,0.8043478260869565,0.609500805152979,2.055555555555556,0.1944444444444444,0.0056140627712011,76,1,2000
005,0.05,1,0.025,36,1.0277777777777777,0.3611111111111111,0.1505376344086021,0.2856410256410256,2.055555555555556,0.1944444444444444,3.5089564335066825e-05,76,1,2000
005,0.05,2,0.0125,36,0.8611111111111112,0.5555555555555556,0.2101841820151679,0.4175420875420876,2.055555555555556,0.1944444444444444,4.474733941606246e-05,76,1,2000
005,0.05,3,0.0083333333333333,36,0.9166666666666666,0.4166666666666667,0.2124999999999999,0.2977133655394525,2.055555555555556,0.1944444444444444,7.503113010898232e-05,76,1,2000
005,0.05,4,0.00625,36,0.9166666666666666,0.4166666666666667,0.1808510638297872,0.2267080745341615,2.055555555555556,0.1944444444444444,0.0002071755297947,76,1,2000
005,0.05,5,0.005,36,0.8333333333333334,0.5,0.1716417910447759,0.3123586744639376,2.055555555555556,0.1944444444444444,0.0002033139462582,76,1,2000
005,0.05,6,0.0041666666666666,36,0.8888888888888888,0.4444444444444444,0.1658536585365854,0.2687830687830687,2.055555555555556,0.1944444444444444,0.0003682630485855,76,1,2000
005,0.05,8,0.003125,36,0.8333333333333334,0.5,0.2672233820459289,0.3715503592741444,2.055555555555556,0.1944444444444444,0.0005089649348519,76,1,2000
005,0.05,10,0.0025,36,0.9444444444444444,0.5,0.0844155844155842,0.3796934046345811,2.055555555555556,0.1944444444444444,0.0002833377802744,76,1,2000
005,0.05,12,0.0020833333333333,36,0.75,0.5555555555555556,0.5133228840125392,0.4611471861471861,2.055555555555556,0.1944444444444444,0.0004391393449623,76,1,2000
005,0.05,14,0.0017857142857142,36,0.6944444444444444,0.6111111111111112,0.5347222222222222,0.492384370015949,2.055555555555556,0.1944444444444444,0.0008576575783081,76,1,2000
005,0.05,16,0.0015625,36,0.7777777777777778,0.6111111111111112,0.391841779975278,0.4688111888111888,2.055555555555556,0.1944444444444444,0.0008468735031783,76,1,2000
005,0.05,20,0.00125,36,0.6111111111111112,0.6666666666666666,0.4339622641509434,0.4615960591133005,2.055555555555556,0.1944444444444444,0.0009253144962713,76,1,2000
005,0.05,25,0.001,36,0.8888888888888888,0.5555555555555556,0.3823529411764705,0.4257142857142857,2.055555555555556,0.1944444444444444,0.0014220240991562,76,1,2000
005,0.05,30,0.0008333333333333,36,0.7222222222222222,0.5833333333333334,0.4414668547249647,0.4630710285882699,2.055555555555556,0.1944444444444444,0.001819837023504,76,1,2000
005,0.05,40,0.000625,36,0.4444444444444444,0.6666666666666666,0.7564276048714479,0.5149015235971758,2.055555555555556,0.1944444444444444,0.0022047855891287,76,1,2000
005,0.05,50,0.0005,36,0.3888888888888889,0.6666666666666666,0.8403547671840355,0.5037851037851038,2.055555555555556,0.1944444444444444,0.0026493687182664,76,1,2000
005,0.05,60,0.0004166666666666,36,0.2777777777777778,0.7777777777777778,0.868312757201646,0.5662222222222223,2.055555555555556,0.1944444444444444,0.0038251320365816,76,1,2000
005,0.05,75,0.0003333333333333,36,0.25,0.8611111111111112,0.8228678537956888,0.656084656084656,2.055555555555556,0.1944444444444444,0.004488215316087,76,1,2000
005,0.1,1,0.05,36,1.0555555555555556,0.3333333333333333,0.2543813064259161,0.2736507936507936,2.055555555555556,0.1944444444444444,2.857231038433383e-07,76,1,2000
005,0.1,2,0.025,36,0.8888888888888888,0.5555555555555556,0.2037914691943128,0.4248148148148148,2.055555555555556,0.1944444444444444,6.008312425365148e-07,76,1,2000
005,0.1,3,0.0166666666666666,36,0.8888888888888888,0.4166666666666667,0.2758620689655172,0.3034113712374582,2.055555555555556,0.1944444444444444,1.7986230886890553e-06,76,1,2000
005,0.1,4,0.0125,36,0.9444444444444444,0.3888888888888889,0.160287081339713,0.2177133655394524,2.055555555555556,0.1944444444444444,2.063066494883969e-05,76,1,2000
005,0.1,5,0.01,36,0.8888888888888888,0.4444444444444444,0.1471321695760599,0.2784615384615384,2.055555555555556,0.1944444444444444,2.398125798208639e-05,76,1,2000
005,0.1,6,0.0083333333333333,36,0.8888888888888888,0.4444444444444444,0.1658536585365854,0.2687830687830687,2.055555555555556,0.1944444444444444,8.080350380623713e-05,76,1,2000
005,0.1,8,0.00625,36,1.0833333333333333,0.3888888888888889,0.1017786561264821,0.3093187514240146,2.055555555555556,0.1944444444444444,0.0001845178339863,76,1,2000
005,0.1,10,0.005,36,1.0,0.4722222222222222,0.0617021276595745,0.3588771929824562,2.055555555555556,0.1944444444444444,6.413066876120865e-05,76,1,2000
005,0.1,12,0.0041666666666666,36,0.7777777777777778,0.5277777777777778,0.5093457943925235,0.4414973262032086,2.055555555555556,0.1944444444444444,6.720473902532831e-05,76,1,2000
005,0.1,14,0.0035714285714285,36,0.6944444444444444,0.6111111111111112,0.5347222222222222,0.492384370015949,2.055555555555556,0.1944444444444444,0.0002726131060626,76,1,2000
005,0.1,16,0.003125,36,0.8333333333333334,0.5555555555555556,0.3770086526576018,0.4198601398601399,2.055555555555556,0.1944444444444444,0.0002681872283574,76,1,2000
005,0.1,20,0.0025,36,0.5555555555555556,0.6666666666666666,0.5396909962706447,0.4333333333333334,2.055555555555556,0.1944444444444444,0.0003755099896807,76,1,2000
005,0.1,25,0.002,36,0.8888888888888888,0.5277777777777778,0.4255319148936169,0.412063492063492,2.055555555555556,0.1944444444444444,0.0007035928429104,76,1,2000
005,0.1,30,0.0016666666666666,36,0.7222222222222222,0.5833333333333334,0.4414668547249647,0.4630710285882699,2.055555555555556,0.1944444444444444,0.000938078504987,76,1,2000
005,0.1,40,0.00125,36,0.4444444444444444,0.6388888888888888,0.7986013986013986,0.5222777222777223,2.055555555555556,0.1944444444444444,0.0012189465342089,76,1,2000
005,0.1,50,0.001,36,0.4166666666666667,0.6388888888888888,0.8336267605633803,0.4863492063492063,2.055555555555556,0.1944444444444444,0.0015757140936329,76,1,2000
005,0.1,60,0.0008333333333333,36,0.3611111111111111,0.75,0.7989276139410187,0.5588148148148149,2.055555555555556,0.1944444444444444,0.0026137591339647,76,1,2000
005,0.1,75,0.0006666666666666,36,0.25,0.8611111111111112,0.8228678537956888,0.656084656084656,2.055555555555556,0.1944444444444444,0.0031655956991016,76,1,2000
005,0.2,1,0.1,36,1.1388888888888888,0.3055555555555556,0.3046181172291297,0.2757194060419866,2.055555555555556,0.1944444444444444,1.961759323876322e-07,76,1,2000
005,0.2,2,0.05,36,1.0,0.4722222222222222,0.1732401397903145,0.3629059829059829,2.055555555555556,0.1944444444444444,1.9118796501516044e-07,76,1,2000
005,0.2,3,0.0333333333333333,36,0.8611111111111112,0.3888888888888889,0.4164835164835164,0.3027272727272727,2.055555555555556,0.1944444444444444,1.5238734363265396e-07,76,1,2000
005,0.2,4,0.025,36,0.9722222222222222,0.3611111111111111,0.139225181598063,0.2080267558528428,2.055555555555556,0.1944444444444444,1.8851422112220464e-07,76,1,2000
005,0.2,5,0.02,36,0.8611111111111112,0.4722222222222222,0.2428909952606636,0.3601904761904761,2.055555555555556,0.1944444444444444,2.1400410332717001e-07,76,1,2000
005,0.2,6,0.0166666666666666,36,0.9444444444444444,0.3888888888888889,0.160287081339713,0.2177133655394524,2.055555555555556,0.1944444444444444,2.251687192256213e-06,76,1,2000
005,0.2,8,0.0125,36,1.0277777777777777,0.4166666666666667,0.1982758620689655,0.3354710305174701,2.055555555555556,0.1944444444444444,1.5424324374180287e-05,76,1,2000
005,0.2,10,0.01,36,1.0555555555555556,0.4722222222222222,0.0205338809034908,0.3630877192982455,2.055555555555556,0.1944444444444444,2.74802641797578e-06,76,1,2000
005,0.2,12,0.0083333333333333,36,0.8055555555555556,0.5,0.5054179566563467,0.4207336523125997,2.055555555555556,0.1944444444444444,1.0607906233417452e-06,76,1,2000
005,0.2,14,0.0071428571428571,36,0.7777777777777778,0.5277777777777778,0.5227272727272727,0.4252791068580542,2.055555555555556,0.1944444444444444,2.7010764824808572e-05,76,1,2000
005,0.2,16,0.00625,36,0.8333333333333334,0.5555555555555556,0.3803278688524589,0.4333333333333334,2.055555555555556,0.1944444444444444,2.422343095531687e-05,76,1,2000
005,0.2,20,0.005,36,0.5277777777777778,0.6944444444444444,0.5446716899892358,0.4428571428571429,2.055555555555556,0.1944444444444444,6.36156473774463e-05,76,1,2000
005,0.2,25,0.004,36,0.8333333333333334,0.5277777777777778,0.4767441860465116,0.4207184628237259,2.055555555555556,0.1944444444444444,0.0001686096948105,76,1,2000
005,0.2,30,0.0033333333333333,36,0.75,0.5277777777777778,0.4385796545105566,0.4212151067323481,2.055555555555556,0.1944444444444444,0.0002741799107752,76,1,2000
005,0.2,40,0.0025,36,0.4722222222222222,0.6111111111111112,0.7918593894542091,0.5065201465201465,2.055555555555556,0.1944444444444444,0.0003632745938375,76,1,2000
005,0.2,50,0.002,36,0.4444444444444444,0.6111111111111112,0.8269986893840104,0.4676023391812866,2.055555555555556,0.1944444444444444,0.0005542412400245,76,1,2000
005,0.2,60,0.0016666666666666,36,0.3611111111111111,0.75,0.7989276139410187,0.5588148148148149,2.055555555555556,0.1944444444444444,0.001232476090081,76,1,2000
005,0.2,75,0.0013333333333333,36,0.2222222222222222,0.8888888888888888,0.8275862068965517,0.6510155316606929,2.055555555555556,0.1944444444444444,0.0016665770672261,76,1,2000
005,0.5,1,0.25,36,1.3333333333333333,0.25,0.2373479795998431,0.2714358974358974,2.055555555555556,0.1944444444444444,1.6078318765266888e-07,76,1,2000
005,0.5,2,0.125,36,0.9722222222222222,0.4166666666666667,0.3528283796740172,0.336060606060606,2.055555555555556,0.1944444444444444,1.6379813416733668e-07,76,1,2000
005,0.5,3,0.0833333333333333,36,1.0555555555555556,0.3888888888888889,0.3097571367703452,0.3436122274996955,2.055555555555556,0.1944444444444444,4.251525353993202e-07,76,1,2000
005,0.5,4,0.0625,36,0.8611111111111112,0.3888888888888889,0.4047085201793722,0.2966666666666667,2.055555555555556,0.1944444444444444,1.612893356650602e-07,76,1,2000
005,0.5,5,0.05,36,0.7777777777777778,0.4444444444444444,0.4705882352941176,0.3440096618357487,2.055555555555556,0.1944444444444444,1.2857478282057857e-07,76,1,2000
005,0.5,6,0.0416666666666666,36,0.8333333333333334,0.3888888888888889,0.4236706689536877,0.3071428571428571,2.055555555555556,0.1944444444444444,1.4372341183843673e-07,76,1,2000
005,0.5,8,0.03125,36,1.1944444444444444,0.3888888888888889,0.146677471636953,0.3355555555555555,2.055555555555556,0.1944444444444444,1.4233191336643358e-07,76,1,2000
005,0.5,10,0.025,36,1.0833333333333333,0.4444444444444444,0.0102774922918806,0.3413333333333333,2.055555555555556,0.1944444444444444,1.2128921866860765e-07,76,1,2000
005,0.5,12,0.0208333333333333,36,0.8888888888888888,0.4444444444444444,0.465625,0.3750445632798573,2.055555555555556,0.1944444444444444,1.3692331890524656e-07,76,1,2000
005,0.5,14,0.0178571428571428,36,0.7777777777777778,0.5277777777777778,0.5161290322580645,0.4149783549783549,2.055555555555556,0.1944444444444444,1.70584598890855e-07,76,1,2000
005,0.5,16,0.015625,36,0.8888888888888888,0.4722222222222222,0.4143960959739732,0.3716666666666667,2.055555555555556,0.1944444444444444,1.608338067171644e-07,76,1,2000
005,0.5,20,0.0125,36,0.5833333333333334,0.6388888888888888,0.5420560747663552,0.45,2.055555555555556,0.1944444444444444,2.2127359500245802e-07,76,1,2000
005,0.5,25,0.01,36,0.7777777777777778,0.5,0.5128552097428958,0.3861904761904762,2.055555555555556,0.1944444444444444,1.538600599815254e-06,76,1,2000
005,0.5,30,0.0083333333333333,36,0.6944444444444444,0.5277777777777778,0.5079522862823062,0.442205513784461,2.055555555555556,0.1944444444444444,7.2680168159422465e-06,76,1,2000
005,0.5,40,0.00625,36,0.4166666666666667,0.6388888888888888,0.8223684210526316,0.5225925925925925,2.055555555555556,0.1944444444444444,9.985581527871544e-06,76,1,2000
005,0.5,50,0.005,36,0.4722222222222222,0.6111111111111112,0.8046875,0.4840958605664488,2.055555555555556,0.1944444444444444,2.805309850373305e-05,76,1,2000
005,0.5,60,0.0041666666666666,36,0.3611111111111111,0.6944444444444444,0.8471849865951743,0.5202020202020202,2.055555555555556,0.1944444444444444,0.0001610766048543,76,1,2000
005,0.5,75,0.0033333333333333,36,0.1666666666666666,0.8888888888888888,0.8928571428571429,0.8067129629629629,2.055555555555556,0.1944444444444444,0.0003144864167552,76,1,2000
005,1.0,1,0.5,36,1.5555555555555556,0.25,0.1297242083758937,0.2695652173913043,2.055555555555556,0.1944444444444444,1.1527733079219617e-07,76,1,2000
005,1.0,2,0.25,36,1.1944444444444444,0.3888888888888889,0.276416539050536,0.3615584415584415,2.055555555555556,0.1944444444444444,1.344411799664158e-07,76,1,2000
005,1.0,3,0.1666666666666666,36,1.1111111111111112,0.3888888888888889,0.3051869722557299,0.3674688057040998,2.055555555555556,0.1944444444444444,2.449125713610556e-05,76,1,2000
005,1.0,4,0.125,36,1.0277777777777777,0.3333333333333333,0.3070175438596491,0.2579393939393939,2.055555555555556,0.1944444444444444,1.3944318766334618e-07,76,1,2000
005,1.0,5,0.1,36,1.0277777777777777,0.3611111111111111,0.3103122043519394,0.3251897860593513,2.055555555555556,0.1944444444444444,1.3251938923986017e-07,76,1,2000
005,1.0,6,0.0833333333333333,36,0.9444444444444444,0.3333333333333333,0.3745528870720491,0.2695374800637958,2.055555555555556,0.1944444444444444,1.6059091478837217e-07,76,1,2000
005,1.0,8,0.0625,36,1.2777777777777777,0.3611111111111111,0.0853513298928144,0.3042424242424242,2.055555555555556,0.1944444444444444,1.3282377153700509e-07,76,1,2000
005,1.0,10,0.05,36,1.1666666666666667,0.3888888888888889,0.1064439140811455,0.3266666666666666,2.055555555555556,0.1944444444444444,1.3189004732794274e-07,76,1,2000
005,1.0,12,0.0416666666666666,36,0.9722222222222222,0.3888888888888889,0.4250788643533123,0.3425051429628089,2.055555555555556,0.1944444444444444,1.1308814151789193e-07,76,1,2000
005,1.0,14,0.0357142857142857,36,0.7777777777777778,0.5277777777777778,0.5161290322580645,0.4149783549783549,2.055555555555556,0.1944444444444444,1.3219714389833825e-07,76,1,2000
005,1.0,16,0.03125,36,0.75,0.5555555555555556,0.4914004914004914,0.4352380952380953,2.055555555555556,0.1944444444444444,1.3861551906302338e-07,76,1,2000
005,1.0,20,0.025,36,0.5833333333333334,0.6111111111111112,0.5523809523809524,0.5411490683229814,2.055555555555556,0.1944444444444444,1.0927898586032825e-07,76,1,2000
005,1.0,25,0.02,36,0.6944444444444444,0.5,0.5552325581395349,0.4211528822055138,2.055555555555556,0.1944444444444444,1.4288382033100788e-07,76,1,2000
005,1.0,30,0.0166666666666666,36,0.6666666666666666,0.5555555555555556,0.5130260521042085,0.4609523809523809,2.055555555555556,0.1944444444444444,1.47529419791681e-07,76,1,2000
005,1.0,40,0.0125,36,0.3888888888888889,0.6666666666666666,0.8294647086688773,0.5411640211640212,2.055555555555556,0.1944444444444444,1.465548677970219e-07,76,1,2000
005,1.0,50,0.01,36,0.4722222222222222,0.6111111111111112,0.8060344827586207,0.4835282651072125,2.055555555555556,0.1944444444444444,2.545338020354393e-07,76,1,2000
005,1.0,60,0.0083333333333333,36,0.3333333333333333,0.7222222222222222,0.851716247139588,0.6855089355089354,2.055555555555556,0.1944444444444444,8.261790753749665e-06,76,1,2000
005,1.0,75,0.0066666666666666,36,0.1944444444444444,0.8611111111111112,0.8869565217391304,0.7624521072796935,2.055555555555556,0.1944444444444444,2.6368394173914567e-05,76,1,2000
005,2.0,1,1.0,36,1.6944444444444444,0.25,0.1078260869565218,0.2528571428571428,2.055555555555556,0.1944444444444444,7.021734199952334e-05,76,1,2000
005,2.0,2,0.5,36,1.3055555555555556,0.3611111111111111,0.2472727272727272,0.3663636363636364,2.055555555555556,0.1944444444444444,2.424564797820495e-07,76,1,2000
005,2.0,3,0.3333333333333333,36,1.3055555555555556,0.2777777777777778,0.2603686635944702,0.307000343997248,2.055555555555556,0.1944444444444444,6.598349955311278e-07,76,1,2000
005,2.0,4,0.25,36,1.1111111111111112,0.3333333333333333,0.3124999999999999,0.3192631578947368,2.055555555555556,0.1944444444444444,1.1344278760816453e-07,76,1,2000
005,2.0,5,0.2,36,1.1111111111111112,0.3333333333333333,0.3127982646420824,0.3296592931604373,2.055555555555556,0.1944444444444444,1.2131991411479248e-07,76,1,2000
005,2.0,6,0.1666666666666666,36,1.1388888888888888,0.3333333333333333,0.2641996557659208,0.3257033248081841,2.055555555555556,0.1944444444444444,1.5444112477780436e-07,76,1,2000
005,2.0,8,0.125,36,1.4444444444444444,0.3333333333333333,0.0581755593803787,0.2816560632350106,2.055555555555556,0.1944444444444444,1.2193507359370417e-07,76,1,2000
005,2.0,10,0.1,36,1.3333333333333333,0.3055555555555556,0.046461137646548,0.2799999999999999,2.055555555555556,0.1944444444444444,8.672763840422705e-08,76,1,2000
005,2.0,12,0.0833333333333333,36,1.0,0.3611111111111111,0.4255319148936169,0.3377777777777778,2.055555555555556,0.1944444444444444,9.808898226992825e-08,76,1,2000
005,2.0,14,0.0714285714285714,36,0.8055555555555556,0.4722222222222222,0.5274636510500808,0.4051744334097275,2.055555555555556,0.1944444444444444,9.222602415093206e-08,76,1,2000
005,2.0,16,0.0625,36,0.8055555555555556,0.5,0.4762295081967213,0.4027122153209109,2.055555555555556,0.1944444444444444,9.990471028231697e-08,76,1,2000
005,2.0,20,0.05,36,0.5277777777777778,0.6111111111111112,0.6666666666666667,0.4544973544973545,2.055555555555556,0.1944444444444444,8.800508766171333e-08,76,1,2000
005,2.0,25,0.04,36,0.6111111111111112,0.5,0.6840373011519474,0.3698785425101215,2.055555555555556,0.1944444444444444,1.0077307877054409e-07,76,1,2000
005,2.0,30,0.0333333333333333,36,0.6388888888888888,0.5555555555555556,0.5396659707724427,0.3836503022261536,2.055555555555556,0.1944444444444444,1.3355771955048112e-07,76,1,2000
005,2.0,40,0.025,36,0.4444444444444444,0.6388888888888888,0.7916063675832128,0.5336811594202898,2.055555555555556,0.1944444444444444,9.945521384224777e-08,76,1,2000
005,2.0,50,0.02,36,0.4722222222222222,0.6111111111111112,0.8029772329246935,0.5915343915343915,2.055555555555556,0.1944444444444444,1.3120641995101326e-07,76,1,2000
005,2.0,60,0.0166666666666666,36,0.3055555555555556,0.75,0.8571428571428572,0.6822222222222222,2.055555555555556,0.1944444444444444,1.562493281426214e-07,76,1,2000
005,2.0,75,0.0133333333333333,36,0.2777777777777778,0.7777777777777778,0.864406779661017,0.7008547008547008,2.055555555555556,0.1944444444444444,2.597453203634359e-07,76,1,2000
005,5.0,1,2.5,36,1.8888888888888888,0.25,0.0552611657834972,0.2377777777777777,2.055555555555556,0.1944444444444444,0.0024725547991693,76,1,2000
005,5.0,2,1.25,36,1.6944444444444444,0.2222222222222222,0.0846493998736576,0.2438095238095238,2.055555555555556,0.1944444444444444,2.813425089698285e-05,76,1,2000
005,5.0,3,0.8333333333333334,36,1.6388888888888888,0.1666666666666666,0.1229561805101374,0.1938888888888888,2.055555555555556,0.1944444444444444,0.0007915537571534,76,1,2000
005,5.0,4,0.625,36,1.4722222222222223,0.2222222222222222,0.1047835990888381,0.2381954887218045,2.055555555555556,0.1944444444444444,2.043230051640421e-05,76,1,2000
005,5.0,5,0.5,36,1.5,0.2222222222222222,0.0877708409842085,0.2248621553884711,2.055555555555556,0.1944444444444444,3.404273343221576e-07,76,1,2000
005,5.0,6,0.4166666666666667,36,1.4444444444444444,0.25,0.1058463889950322,0.2599999999999999,2.055555555555556,0.1944444444444444,1.989445991057437e-05,76,1,2000
005,5.0,8,0.3125,36,1.5,0.3611111111111111,0.0500153421294875,0.2813458110516934,2.055555555555556,0.1944444444444444,1.9897524339285158e-07,76,1,2000
005,5.0,10,0.25,36,1.4722222222222223,0.3055555555555556,-0.0618811881188117,0.2807575757575757,2.055555555555556,0.1944444444444444,0.0006677120109088,76,1,2000
005,5.0,12,0.2083333333333333,36,1.3888888888888888,0.25,0.1878698224852071,0.2297138047138047,2.055555555555556,0.1944444444444444,1.72425734490389e-05,76,1,2000
005,5.0,14,0.1785714285714285,36,1.0277777777777777,0.4166666666666667,0.3621495327102804,0.3930994152046784,2.055555555555556,0.1944444444444444,7.47269481848889e-08,76,1,2000
005,5.0,16,0.15625,36,0.9444444444444444,0.4444444444444444,0.4149821640903687,0.3837502848029164,2.055555555555556,0.1944444444444444,5.124116455590411e-07,76,1,2000
005,5.0,20,0.125,36,0.5833333333333334,0.5277777777777778,0.693069306930693,0.4226666666666666,2.055555555555556,0.1944444444444444,4.269920736987842e-06,76,1,2000
005,5.0,25,0.1,36,0.6666666666666666,0.4722222222222222,0.650296815974096,0.4115151515151515,2.055555555555556,0.1944444444444444,1.2903470860692323e-06,76,1,2000
005,5.0,30,0.0833333333333333,36,0.6944444444444444,0.4722222222222222,0.5461254612546125,0.3025518341307814,2.055555555555556,0.1944444444444444,0.0002618257713038,76,1,2000
005,5.0,40,0.0625,36,0.4444444444444444,0.5833333333333334,0.8333333333333334,0.6091137123745819,2.055555555555556,0.1944444444444444,7.0515625338885e-08,76,1,2000
005,5.0,50,0.05,36,0.5833333333333334,0.5555555555555556,0.7290145985401459,0.4929824561403509,2.055555555555556,0.1944444444444444,6.629196036556095e-08,76,1,2000
005,5.0,60,0.0416666666666666,36,0.3333333333333333,0.6944444444444444,0.8727272727272728,0.6762820512820513,2.055555555555556,0.1944444444444444,8.54334203381768e-08,76,1,2000
005,5.0,75,0.0333333333333333,36,0.3888888888888889,0.6944444444444444,0.8113387327298713,0.6137057387057387,2.055555555555556,0.1944444444444444,1.1022207502264793e-07,76,1,2000
006,0.005,1,0.0025,35,0.7142857142857143,0.5142857142857142,-0.0362537764350452,0.2026666666666667,0.6285714285714286,0.6,0.0002689676766749,76,1,2000
006,0.005,2,0.00125,35,0.2285714285714285,0.8571428571428571,0.7461139896373057,0.5800214822771214,0.6285714285714286,0.6,0.0005850209272466,76,1,2000
006,0.005,3,0.0008333333333333,35,0.2571428571428571,0.8571428571428571,0.6779661016949152,0.4467120181405896,0.6285714285714286,0.6,0.0009788167662918,76,1,2000
006,0.005,4,0.000625,35,0.3428571428571428,0.7714285714285715,0.688259109311741,0.391156462585034,0.6285714285714286,0.6,0.0012868311023339,76,1,2000
006,0.005,5,0.0005,35,1.2285714285714286,0.4285714285714285,0.1497659906396254,0.2780701754385964,0.6285714285714286,0.6,0.001260487944819,76,1,2000
006,0.005,6,0.0004166666666666,35,1.2285714285714286,0.5142857142857142,0.0414269275028768,0.3506191950464396,0.6285714285714286,0.6,0.0010841124458238,76,1,2000
006,0.005,8,0.0003125,35,1.2857142857142858,0.4571428571428571,0.0112070978286247,0.3315789473684211,0.6285714285714286,0.6,0.0009813383221626,76,1,2000
006,0.005,10,0.00025,35,1.542857142857143,0.3428571428571428,-0.0315186246418337,0.2666666666666666,0.6285714285714286,0.6,0.0011473221238702,76,1,2000
006,0.005,12,0.0002083333333333,35,1.6,0.3428571428571428,-0.0451866404715128,0.2666666666666666,0.6285714285714286,0.6,0.0010477679315954,76,1,2000
006,0.005,14,0.0001785714285714,35,1.6,0.3428571428571428,-0.0451866404715128,0.2666666666666666,0.6285714285714286,0.6,0.0009964937344193,76,1,2000
006,0.005,16,0.00015625,35,1.6,0.3428571428571428,-0.0451866404715128,0.2666666666666666,0.6285714285714286,0.6,0.000999416806735,76,1,2000
006,0.005,20,0.000125,35,1.6,0.3428571428571428,-0.0114068441064638,0.2591911764705882,0.6285714285714286,0.6,0.0013828431256115,76,1,2000
006,0.005,25,0.0001,35,1.2285714285714286,0.3428571428571428,0.0361613351877607,0.2883116883116883,0.6285714285714286,0.6,0.0025960367638617,76,1,2000
006,0.005,30,8.333333333333333e-05,35,1.3428571428571427,0.2571428571428571,-0.1353104726598701,0.2661268556005398,0.6285714285714286,0.6,0.002460177289322,76,1,2000
006,0.005,40,6.25e-05,35,1.2571428571428571,0.3142857142857143,-0.0895806861499364,0.2703733766233766,0.6285714285714286,0.6,0.0022682771086692,76,1,2000
006,0.005,50,5e-05,35,0.9142857142857144,0.4857142857142857,0.193548387096774,0.3785030758714969,0.6285714285714286,0.6,0.0023598179686814,76,1,2000
006,0.005,60,4.1666666666666665e-05,35,0.4857142857142857,0.7142857142857143,0.5591939546599496,0.4904761904761905,0.6285714285714286,0.6,0.0039139301516115,76,1,2000
006,0.005,75,3.3333333333333335e-05,35,0.5714285714285714,0.6,0.487510766580534,0.3903769841269841,0.6285714285714286,0.6,0.0046719051897525,76,1,2000
006,0.01,1,0.005,35,0.7714285714285715,0.5142857142857142,-0.0662747194013897,0.2026666666666667,0.6285714285714286,0.6,0.0001117307328968,76,1,2000
006,0.01,2,0.0025,35,0.2285714285714285,0.8571428571428571,0.7461139896373057,0.5800214822771214,0.6285714285714286,0.6,0.0004742007877212,76,1,2000
006,0.01,3,0.0016666666666666,35,0.2571428571428571,0.8571428571428571,0.6779661016949152,0.4467120181405896,0.6285714285714286,0.6,0.0009159916662611,76,1,2000
006,0.01,4,0.00125,35,0.3428571428571428,0.7714285714285715,0.688259109311741,0.391156462585034,0.6285714285714286,0.6,0.0011661195894703,76,1,2000
006,0.01,5,0.001,35,1.2285714285714286,0.4285714285714285,0.1497659906396254,0.2780701754385964,0.6285714285714286,0.6,0.0012037541018798,76,1,2000
006,0.01,6,0.0008333333333333,35,1.2285714285714286,0.5142857142857142,0.0414269275028768,0.3506191950464396,0.6285714285714286,0.6,0.0010478346375748,76,1,2000
006,0.01,8,0.000625,35,1.3142857142857145,0.4571428571428571,-0.0279488394126008,0.3160714285714285,0.6285714285714286,0.6,0.0010134931653738,76,1,2000
006,0.01,10,0.0005,35,1.542857142857143,0.3428571428571428,-0.0315186246418337,0.2666666666666666,0.6285714285714286,0.6,0.0011914452770724,76,1,2000
006,0.01,12,0.0004166666666666,35,1.6,0.3428571428571428,-0.0451866404715128,0.2666666666666666,0.6285714285714286,0.6,0.0011251801624894,76,1,2000
006,0.01,14,0.0003571428571428,35,1.6,0.3428571428571428,-0.0451866404715128,0.2666666666666666,0.6285714285714286,0.6,0.0010997575009241,76,1,2000
006,0.01,16,0.0003125,35,1.6,0.3428571428571428,-0.0451866404715128,0.2666666666666666,0.6285714285714286,0.6,0.0010790532687678,76,1,2000
006,0.01,20,0.00025,35,1.6,0.3428571428571428,-0.0114068441064638,0.2591911764705882,0.6285714285714286,0.6,0.0013680336996912,76,1,2000
006,0.01,25,0.0002,35,1.2285714285714286,0.3428571428571428,0.0377672868647596,0.2509652509652509,0.6285714285714286,0.6,0.002523714210838,76,1,2000
006,0.01,30,0.0001666666666666,35,1.3428571428571427,0.2571428571428571,-0.1353104726598701,0.2661268556005398,0.6285714285714286,0.6,0.0023567555472254,76,1,2000
006,0.01,40,0.000125,35,1.2285714285714286,0.3428571428571428,-0.0794912559618441,0.2881313131313131,0.6285714285714286,0.6,0.0022472715936601,76,1,2000
006,0.01,50,0.0001,35,0.9714285714285714,0.4571428571428571,0.1661300708306502,0.3593775593775594,0.6285714285714286,0.6,0.0021957482676953,76,1,2000
006,0.01,60,8.333333333333333e-05,35,0.4857142857142857,0.7142857142857143,0.5591939546599496,0.4904761904761905,0.6285714285714286,0.6,0.0034978599287569,76,1,2000
006,0.01,75,6.666666666666667e-05,35,0.5714285714285714,0.6,0.487510766580534,0.3903769841269841,0.6285714285714286,0.6,0.0041312868706882,76,1,2000
006,0.02,1,0.01,35,0.8,0.4857142857142857,-0.0832443970117395,0.1972789115646258,0.6285714285714286,0.6,1.284538575418992e-05,76,1,2000
006,0.02,2,0.005,35,0.2285714285714285,0.8571428571428571,0.7461139896373057,0.5800214822771214,0.6285714285714286,0.6,0.0002299068291904,76,1,2000
006,0.02,3,0.0033333333333333,35,0.2571428571428571,0.8571428571428571,0.6779661016949152,0.4467120181405896,0.6285714285714286,0.6,0.0007007760577835,76,1,2000
006,0.02,4,0.0025,35,0.3428571428571428,0.7714285714285715,0.688259109311741,0.391156462585034,0.6285714285714286,0.6,0.0009554682765156,76,1,2000
006,0.02,5,0.002,35,1.2571428571428571,0.4,0.1289592760180995,0.2518796992481203,0.6285714285714286,0.6,0.0009889926295727,76,1,2000
006,0.02,6,0.0016666666666666,35,1.2285714285714286,0.5142857142857142,0.0414269275028768,0.3506191950464396,0.6285714285714286,0.6,0.0008571181097067,76,1,2000
006,0.02,8,0.00125,35,1.2285714285714286,0.4857142857142857,-0.0009947774185528,0.3249128919860627,0.6285714285714286,0.6,0.0008979106787592,76,1,2000
006,0.02,10,0.001,35,1.5142857142857142,0.3714285714285714,-0.0237267334833299,0.2777777777777778,0.6285714285714286,0.6,0.00105273979716,76,1,2000
006,0.02,12,0.0008333333333333,35,1.6,0.3428571428571428,-0.0451866404715128,0.2666666666666666,0.6285714285714286,0.6,0.0010744022438302,76,1,2000
006,0.02,14,0.0007142857142857,35,1.6,0.3428571428571428,-0.0451866404715128,0.2666666666666666,0.6285714285714286,0.6,0.0010940383654087,76,1,2000
006,0.02,16,0.000625,35,1.6,0.3428571428571428,-0.0451866404715128,0.2666666666666666,0.6285714285714286,0.6,0.0010791190434247,76,1,2000
006,0.02,20,0.0005,35,1.6,0.3428571428571428,-0.0114068441064638,0.2591911764705882,0.6285714285714286,0.6,0.0013222707202658,76,1,2000
006,0.02,25,0.0004,35,1.2285714285714286,0.3428571428571428,0.0377672868647596,0.2509652509652509,0.6285714285714286,0.6,0.0025251237675547,76,1,2000
006,0.02,30,0.0003333333333333,35,1.3142857142857145,0.2857142857142857,-0.1248454882571075,0.2855665839536807,0.6285714285714286,0.6,0.0022645748686045,76,1,2000
006,0.02,40,0.00025,35,1.1428571428571428,0.3714285714285714,-0.0526315789473685,0.299017199017199,0.6285714285714286,0.6,0.0022438263986259,76,1,2000
006,0.02,50,0.0002,35,0.9714285714285714,0.4857142857142857,0.1589648798521257,0.387593984962406,0.6285714285714286,0.6,0.0021134966518729,76,1,2000
006,0.02,60,0.0001666666666666,35,0.4857142857142857,0.7142857142857143,0.5591939546599496,0.4904761904761905,0.6285714285714286,0.6,0.0030243201181292,76,1,2000
006,0.02,75,0.0001333333333333,35,0.5714285714285714,0.6,0.487510766580534,0.3903769841269841,0.6285714285714286,0.6,0.0033902961295098,76,1,2000
006,0.05,1,0.025,35,0.8,0.4857142857142857,-0.0832443970117395,0.1972789115646258,0.6285714285714286,0.6,9.402771183886217e-08,76,1,2000
006,0.05,2,0.0125,35,0.2571428571428571,0.8285714285714286,0.7272727272727273,0.5723684210526315,0.6285714285714286,0.6,1.5328916560974903e-05,76,1,2000
006,0.05,3,0.0083333333333333,35,0.2857142857142857,0.8285714285714286,0.6601941747572815,0.4409722222222222,0.6285714285714286,0.6,0.0002603048051241,76,1,2000
006,0.05,4,0.00625,35,0.3714285714285714,0.7428571428571429,0.6734279918864097,0.3854166666666666,0.6285714285714286,0.6,0.0005378121277317,76,1,2000
006,0.05,5,0.005,35,1.2,0.4571428571428571,0.116822429906542,0.3819819819819819,0.6285714285714286,0.6,0.0004643791471607,76,1,2000
006,0.05,6,0.0041666666666666,35,1.2,0.5428571428571428,0.019002375296912,0.3669590643274854,0.6285714285714286,0.6,0.0004101257072761,76,1,2000
006,0.05,8,0.003125,35,1.2285714285714286,0.4857142857142857,-0.0371038392166966,0.3375,0.6285714285714286,0.6,0.0004673059447668,76,1,2000
006,0.05,10,0.0025,35,1.5142857142857142,0.3714285714285714,-0.0237267334833299,0.2777777777777778,0.6285714285714286,0.6,0.0006098843878135,76,1,2000
006,0.05,12,0.0020833333333333,35,1.542857142857143,0.3428571428571428,-0.0315186246418337,0.2666666666666666,0.6285714285714286,0.6,0.0007912471191957,76,1,2000
006,0.05,14,0.0017857142857142,35,1.6,0.3428571428571428,-0.0451866404715128,0.2666666666666666,0.6285714285714286,0.6,0.000884469191078,76,1,2000
006,0.05,16,0.0015625,35,1.6,0.3428571428571428,-0.0451866404715128,0.2666666666666666,0.6285714285714286,0.6,0.0008333360310643,76,1,2000
006,0.05,20,0.00125,35,1.6,0.3428571428571428,-0.0114068441064638,0.2591911764705882,0.6285714285714286,0.6,0.000929195783101,76,1,2000
006,0.05,25,0.001,35,1.2285714285714286,0.3428571428571428,0.0170212765957445,0.2403846153846154,0.6285714285714286,0.6,0.0020269949454814,76,1,2000
006,0.05,30,0.0008333333333333,35,1.3142857142857145,0.2857142857142857,-0.1540900443880786,0.2803030303030303,0.6285714285714286,0.6,0.0017340600024908,76,1,2000
006,0.05,40,0.000625,35,1.1428571428571428,0.3714285714285714,-0.0526315789473685,0.299017199017199,0.6285714285714286,0.6,0.0017605648608878,76,1,2000
006,0.05,50,0.0005,35,0.9428571428571428,0.5142857142857142,0.1914191419141914,0.3815247252747252,0.6285714285714286,0.6,0.001788018271327,76,1,2000
006,0.05,60,0.0004166666666666,35,0.4857142857142857,0.7142857142857143,0.5591939546599496,0.4904761904761905,0.6285714285714286,0.6,0.0022934440057724,76,1,2000
006,0.05,75,0.0003333333333333,35,0.5428571428571428,0.6285714285714286,0.4713958810068649,0.4105975723622782,0.6285714285714286,0.6,0.0021649203263223,76,1,2000
006,0.1,1,0.05,35,0.7714285714285715,0.5142857142857142,-0.0246533127889061,0.2448979591836734,0.6285714285714286,0.6,5.989662099636918e-08,76,1,2000
006,0.1,2,0.025,35,0.2571428571428571,0.8285714285714286,0.7272727272727273,0.5723684210526315,0.6285714285714286,0.6,1.6136220892803976e-07,76,1,2000
006,0.1,3,0.0166666666666666,35,0.2857142857142857,0.8285714285714286,0.6601941747572815,0.4409722222222222,0.6285714285714286,0.6,3.789973197854124e-05,76,1,2000
006,0.1,4,0.0125,35,0.3428571428571428,0.7714285714285715,0.6695278969957081,0.40625,0.6285714285714286,0.6,0.0001580914540681,76,1,2000
006,0.1,5,0.01,35,1.2285714285714286,0.4571428571428571,0.1058688147295742,0.2917956656346749,0.6285714285714286,0.6,9.860395221039651e-05,76,1,2000
006,0.1,6,0.0083333333333333,35,1.2,0.5428571428571428,0.019002375296912,0.3669590643274854,0.6285714285714286,0.6,8.722318307263777e-05,76,1,2000
006,0.1,8,0.00625,35,1.2285714285714286,0.4857142857142857,-0.0371038392166966,0.3375,0.6285714285714286,0.6,0.0001173709970316,76,1,2000
006,0.1,10,0.005,35,1.5142857142857142,0.3714285714285714,-0.0237267334833299,0.2777777777777778,0.6285714285714286,0.6,0.0002605138870421,76,1,2000
006,0.1,12,0.0041666666666666,35,1.542857142857143,0.3428571428571428,-0.0315186246418337,0.2666666666666666,0.6285714285714286,0.6,0.0004678314144257,76,1,2000
006,0.1,14,0.0035714285714285,35,1.6,0.3428571428571428,-0.0451866404715128,0.2666666666666666,0.6285714285714286,0.6,0.0005917820963077,76,1,2000
006,0.1,16,0.003125,35,1.6,0.3428571428571428,-0.0451866404715128,0.2666666666666666,0.6285714285714286,0.6,0.0005393445026129,76,1,2000
006,0.1,20,0.0025,35,1.6,0.3428571428571428,-0.0114068441064638,0.2591911764705882,0.6285714285714286,0.6,0.0005389614379964,76,1,2000
006,0.1,25,0.002,35,1.2285714285714286,0.3428571428571428,0.0170212765957445,0.2403846153846154,0.6285714285714286,0.6,0.0010534708853811,76,1,2000
006,0.1,30,0.0016666666666666,35,1.3142857142857145,0.2857142857142857,-0.1540900443880786,0.2803030303030303,0.6285714285714286,0.6,0.000946091429796,76,1,2000
006,0.1,40,0.00125,35,1.1428571428571428,0.3714285714285714,-0.0526315789473685,0.299017199017199,0.6285714285714286,0.6,0.0009515658020973,76,1,2000
006,0.1,50,0.001,35,0.9714285714285714,0.5142857142857142,0.1060025542784162,0.3776785714285714,0.6285714285714286,0.6,0.0010801794705912,76,1,2000
006,0.1,60,0.0008333333333333,35,0.4857142857142857,0.7142857142857143,0.5730219588706866,0.3956521739130435,0.6285714285714286,0.6,0.0014915047213435,76,1,2000
006,0.1,75,0.0006666666666666,35,0.4571428571428571,0.6571428571428571,0.5766129032258065,0.4180726554187566,0.6285714285714286,0.6,0.0012112034019082,76,1,2000
006,0.2,1,0.1,35,0.7142857142857143,0.5142857142857142,0.086021505376344,0.2504559270516717,0.6285714285714286,0.6,4.79063757552467e-08,76,1,2000
006,0.2,2,0.05,35,0.2857142857142857,0.8,0.6875,0.669308858295091,0.6285714285714286,0.6,1.1625366624912205e-07,76,1,2000
006,0.2,3,0.0333333333333333,35,0.3142857142857143,0.8,0.6423357664233575,0.4349881796690307,0.6285714285714286,0.6,4.789527565662866e-07,76,1,2000
006,0.2,4,0.025,35,0.3428571428571428,0.7714285714285715,0.6484018264840182,0.418648310387985,0.6285714285714286,0.6,1.0621585715853143e-05,76,1,2000
006,0.2,5,0.02,35,1.2,0.4857142857142857,0.0855106888361044,0.3114035087719298,0.6285714285714286,0.6,4.439175881998381e-06,76,1,2000
006,0.2,6,0.0166666666666666,35,1.2,0.5428571428571428,0.019002375296912,0.3669590643274854,0.6285714285714286,0.6,3.48411094819312e-06,76,1,2000
006,0.2,8,0.0125,35,1.2,0.4857142857142857,-0.0108303249097474,0.341025641025641,0.6285714285714286,0.6,6.204862529557431e-06,76,1,2000
006,0.2,10,0.01,35,1.4857142857142858,0.3714285714285714,-0.0161758606387392,0.2896825396825396,0.6285714285714286,0.6,4.3443393224151805e-05,76,1,2000
006,0.2,12,0.0083333333333333,35,1.542857142857143,0.3428571428571428,-0.0315186246418337,0.2666666666666666,0.6285714285714286,0.6,0.000147988583194,76,1,2000
006,0.2,14,0.0071428571428571,35,1.5714285714285714,0.3714285714285714,-0.067030082778114,0.2875,0.6285714285714286,0.6,0.0002338664635317,76,1,2000
006,0.2,16,0.00625,35,1.6,0.3428571428571428,-0.0451866404715128,0.2666666666666666,0.6285714285714286,0.6,0.0002075767843052,76,1,2000
006,0.2,20,0.005,35,1.6,0.3428571428571428,-0.018376722817764,0.3707983193277311,0.6285714285714286,0.6,0.0001915045140776,76,1,2000
006,0.2,25,0.004,35,1.2285714285714286,0.3428571428571428,0.0170212765957445,0.2403846153846154,0.6285714285714286,0.6,0.000267825264018,76,1,2000
006,0.2,30,0.0033333333333333,35,1.2571428571428571,0.2857142857142857,-0.1402925531914893,0.3022727272727272,0.6285714285714286,0.6,0.0002680319303181,76,1,2000
006,0.2,40,0.0025,35,1.1714285714285717,0.3714285714285714,-0.0606060606060605,0.3081081081081081,0.6285714285714286,0.6,0.0002747022081166,76,1,2000
006,0.2,50,0.002,35,0.9714285714285714,0.5142857142857142,0.1060025542784162,0.3776785714285714,0.6285714285714286,0.6,0.0003266902058385,76,1,2000
006,0.2,60,0.0016666666666666,35,0.4857142857142857,0.7142857142857143,0.5730219588706866,0.3956521739130435,0.6285714285714286,0.6,0.0005922538111917,76,1,2000
006,0.2,75,0.0013333333333333,35,0.4571428571428571,0.6571428571428571,0.5766129032258065,0.4180726554187566,0.6285714285714286,0.6,0.0004462359356693,76,1,2000
006,0.5,1,0.25,35,0.7142857142857143,0.5142857142857142,0.086021505376344,0.2504559270516717,0.6285714285714286,0.6,3.896210998277638e-08,76,1,2000
006,0.5,2,0.125,35,0.2857142857142857,0.8,0.6875,0.669308858295091,0.6285714285714286,0.6,0.0001672146609053,76,1,2000
006,0.5,3,0.0833333333333333,35,0.3142857142857143,0.8,0.6189735614307932,0.5148492907801419,0.6285714285714286,0.6,1.491361558692006e-07,76,1,2000
006,0.5,4,0.0625,35,0.3428571428571428,0.7714285714285715,0.6484018264840182,0.418648310387985,0.6285714285714286,0.6,1.4222175082068136e-07,76,1,2000
006,0.5,5,0.05,35,1.1428571428571428,0.5142857142857142,0.0599173553719007,0.4364035087719298,0.6285714285714286,0.6,1.496692760838414e-07,76,1,2000
006,0.5,6,0.0416666666666666,35,1.0571428571428572,0.5428571428571428,0.0583404134806004,0.4289473684210526,0.6285714285714286,0.6,1.2587199194058485e-07,76,1,2000
006,0.5,8,0.03125,35,1.0857142857142856,0.4857142857142857,0.0323529411764705,0.3174962292609351,0.6285714285714286,0.6,1.3662938158631732e-07,76,1,2000
006,0.5,10,0.025,35,1.4285714285714286,0.4285714285714285,-0.0620052770448551,0.3298611111111111,0.6285714285714286,0.6,1.8793075184930785e-07,76,1,2000
006,0.5,12,0.0208333333333333,35,1.5142857142857142,0.3714285714285714,-0.1012101210121014,0.2875,0.6285714285714286,0.6,2.174454493797384e-06,76,1,2000
006,0.5,14,0.0178571428571428,35,1.5142857142857142,0.3714285714285714,-0.0539060854916824,0.2875,0.6285714285714286,0.6,7.71288887335686e-06,76,1,2000
006,0.5,16,0.015625,35,1.5714285714285714,0.3428571428571428,-0.0387643852210779,0.25625,0.6285714285714286,0.6,6.89613170834491e-06,76,1,2000
006,0.5,20,0.0125,35,1.5714285714285714,0.3714285714285714,-0.0389227442500492,0.3946078431372549,0.6285714285714286,0.6,5.909957053518156e-06,76,1,2000
006,0.5,25,0.01,35,1.3142857142857145,0.3142857142857143,-0.012861736334405,0.2302631578947368,0.6285714285714286,0.6,7.290037046914222e-06,76,1,2000
006,0.5,30,0.0083333333333333,35,1.2285714285714286,0.3142857142857143,-0.1297836938435939,0.3191434468524251,0.6285714285714286,0.6,7.361662937910296e-06,76,1,2000
006,0.5,40,0.00625,35,1.2,0.3428571428571428,-0.0709635416666667,0.2909722222222222,0.6285714285714286,0.6,1.240240362676559e-05,76,1,2000
006,0.5,50,0.005,35,0.8571428571428571,0.5428571428571428,0.1296156744536547,0.3791666666666666,0.6285714285714286,0.6,1.3167767974664455e-05,76,1,2000
006,0.5,60,0.0041666666666666,35,0.4571428571428571,0.7428571428571429,0.5419553502694381,0.4123076923076923,0.6285714285714286,0.6,3.4783530281856656e-05,76,1,2000
006,0.5,75,0.0033333333333333,35,0.4285714285714285,0.6857142857142857,0.5641580942068218,0.5813953488372093,0.6285714285714286,0.6,2.8493848731159236e-05,76,1,2000
006,1.0,1,0.5,35,0.7142857142857143,0.5142857142857142,0.086021505376344,0.2504559270516717,0.6285714285714286,0.6,6.061084422981367e-05,76,1,2000
006,1.0,2,0.25,35,0.3142857142857143,0.7714285714285715,0.6413502109704641,0.6901771336553946,0.6285714285714286,0.6,2.32129559663008e-06,76,1,2000
006,1.0,3,0.1666666666666666,35,0.3428571428571428,0.7714285714285715,0.5717463848720801,0.5319185645272602,0.6285714285714286,0.6,1.3572648072113225e-07,76,1,2000
006,1.0,4,0.125,35,0.3428571428571428,0.7714285714285715,0.5717463848720801,0.5319185645272602,0.6285714285714286,0.6,1.2976076391169045e-07,76,1,2000
006,1.0,5,0.1,35,1.0285714285714285,0.5428571428571428,0.0704387990762124,0.4225146198830409,0.6285714285714286,0.6,1.7641082195041238e-07,76,1,2000
006,1.0,6,0.0833333333333333,35,0.9714285714285714,0.5428571428571428,0.0960960960960961,0.4259868421052631,0.6285714285714286,0.6,1.8339329699301746e-07,76,1,2000
006,1.0,8,0.0625,35,1.0285714285714285,0.4857142857142857,0.0308370044052864,0.3833333333333333,0.6285714285714286,0.6,1.330367354057671e-07,76,1,2000
006,1.0,10,0.05,35,1.3714285714285714,0.4571428571428571,-0.0466696873584051,0.3275039745627981,0.6285714285714286,0.6,1.378399190343771e-07,76,1,2000
006,1.0,12,0.0416666666666666,35,1.4857142857142858,0.3714285714285714,-0.094238499330058,0.3,0.6285714285714286,0.6,1.522574706314117e-07,76,1,2000
006,1.0,14,0.0357142857142857,35,1.4857142857142858,0.4,-0.0776235906331308,0.3058823529411765,0.6285714285714286,0.6,1.9254351002473413e-07,76,1,2000
006,1.0,16,0.03125,35,1.5142857142857142,0.3714285714285714,-0.0539060854916824,0.2875,0.6285714285714286,0.6,1.894940595548178e-07,76,1,2000
006,1.0,20,0.025,35,1.5714285714285714,0.3714285714285714,-0.0389227442500492,0.3946078431372549,0.6285714285714286,0.6,1.5769589367664596e-07,76,1,2000
006,1.0,25,0.02,35,1.3142857142857145,0.3142857142857143,-0.012861736334405,0.2302631578947368,0.6285714285714286,0.6,1.7016259334923236e-07,76,1,2000
006,1.0,30,0.0166666666666666,35,1.1142857142857143,0.3714285714285714,-0.0941430111390586,0.3472222222222222,0.6285714285714286,0.6,1.7884778458210349e-07,76,1,2000
006,1.0,40,0.0125,35,1.1428571428571428,0.4,-0.1004784688995215,0.3444717444717444,0.6285714285714286,0.6,1.668828701895109e-07,76,1,2000
006,1.0,50,0.01,35,0.8285714285714286,0.5428571428571428,0.1561095218635062,0.3642857142857142,0.6285714285714286,0.6,1.312291715294123e-07,76,1,2000
006,1.0,60,0.0083333333333333,35,0.4857142857142857,0.7428571428571429,0.5129748025573524,0.4038461538461538,0.6285714285714286,0.6,3.365630902862904e-07,76,1,2000
006,1.0,75,0.0066666666666666,35,0.4285714285714285,0.7142857142857143,0.5229681978798586,0.4963585434173669,0.6285714285714286,0.6,3.756163664547785e-07,76,1,2000
006,2.0,1,1.0,35,0.6857142857142857,0.5428571428571428,0.1053169734151329,0.2819875776397515,0.6285714285714286,0.6,4.891446110377728e-07,76,1,2000
006,2.0,2,0.5,35,0.3714285714285714,0.7142857142857143,0.5986722993361497,0.6454545454545454,0.6285714285714286,0.6,0.000250526034506,76,1,2000
006,2.0,3,0.3333333333333333,35,0.4,0.7142857142857143,0.5322939866369711,0.4983766233766233,0.6285714285714286,0.6,1.9894114302587692e-05,76,1,2000
006,2.0,4,0.25,35,0.4,0.7142857142857143,0.5322939866369711,0.4983766233766233,0.6285714285714286,0.6,9.814785698836204e-06,76,1,2000
006,2.0,5,0.2,35,1.0,0.5142857142857142,0.0616332819722651,0.4403299403299403,0.6285714285714286,0.6,0.0002235415013274,76,1,2000
006,2.0,6,0.1666666666666666,35,1.0,0.5142857142857142,0.0616332819722651,0.4403299403299403,0.6285714285714286,0.6,0.0001391735713696,76,1,2000
006,2.0,8,0.125,35,0.9428571428571428,0.5142857142857142,0.0693369235947493,0.3923076923076923,0.6285714285714286,0.6,2.6513769626035355e-05,76,1,2000
006,2.0,10,0.1,35,1.2571428571428571,0.4285714285714285,-0.0519125683060108,0.3401090165796048,0.6285714285714286,0.6,1.1639052388545681e-07,76,1,2000
006,2.0,12,0.0833333333333333,35,1.457142857142857,0.4,-0.085695157330953,0.3111111111111111,0.6285714285714286,0.6,1.401078435492309e-07,76,1,2000
006,2.0,14,0.0714285714285714,35,1.5142857142857142,0.3714285714285714,-0.1012101210121014,0.2875,0.6285714285714286,0.6,1.4573008400020626e-07,76,1,2000
006,2.0,16,0.0625,35,1.5142857142857142,0.3714285714285714,-0.0539060854916824,0.2875,0.6285714285714286,0.6,1.357986860739402e-07,76,1,2000
006,2.0,20,0.05,35,1.4857142857142858,0.4,-0.0471976401179938,0.3904411764705882,0.6285714285714286,0.6,1.0915897519225837e-07,76,1,2000
006,2.0,25,0.04,35,1.2857142857142858,0.3428571428571428,-0.0431450468350838,0.2385964912280701,0.6285714285714286,0.6,1.2657197601129158e-07,76,1,2000
006,2.0,30,0.0333333333333333,35,1.0285714285714285,0.4571428571428571,-0.0575539568345324,0.4059353471118176,0.6285714285714286,0.6,1.0218731461009158e-07,76,1,2000
006,2.0,40,0.025,35,1.0285714285714285,0.4571428571428571,-0.0613905325443786,0.3717116217116217,0.6285714285714286,0.6,9.020039470897245e-08,76,1,2000
006,2.0,50,0.02,35,0.7428571428571429,0.5428571428571428,0.2208370436331255,0.3666666666666667,0.6285714285714286,0.6,9.706352699367927e-08,76,1,2000
006,2.0,60,0.0166666666666666,35,0.5142857142857142,0.7142857142857143,0.4880677444187836,0.3923076923076923,0.6285714285714286,0.6,1.0788947690798525e-07,76,1,2000
006,2.0,75,0.0133333333333333,35,0.3714285714285714,0.7428571428571429,0.6240409207161125,0.674977416440831,0.6285714285714286,0.6,1.0407301687109793e-07,76,1,2000
006,5.0,1,2.5,35,0.6571428571428571,0.5714285714285714,0.1245533435426238,0.3098412698412698,0.6285714285714286,0.6,0.0001003492507152,76,1,2000
006,5.0,2,1.25,35,0.4571428571428571,0.6857142857142857,0.47481243301179,0.4444444444444444,0.6285714285714286,0.6,0.0006732945912517,76,1,2000
006,5.0,3,0.8333333333333334,35,0.4285714285714285,0.7142857142857143,0.4932975871313673,0.4931818181818182,0.6285714285714286,0.6,5.695167055819184e-05,76,1,2000
006,5.0,4,0.625,35,0.4285714285714285,0.7142857142857143,0.4932975871313673,0.4931818181818182,0.6285714285714286,0.6,2.004028647206724e-05,76,1,2000
006,5.0,5,0.5,35,0.8571428571428571,0.6,0.127946127946128,0.475,0.6285714285714286,0.6,2.468071579642128e-05,76,1,2000
006,5.0,6,0.4166666666666667,35,0.8,0.6285714285714286,0.1557546519641626,0.4957317073170732,0.6285714285714286,0.6,0.00017550571647,76,1,2000
006,5.0,8,0.3125,35,0.9142857142857144,0.5428571428571428,0.0487804878048778,0.400164435048156,0.6285714285714286,0.6,2.747557300608605e-05,76,1,2000
006,5.0,10,0.25,35,1.1142857142857143,0.4285714285714285,-0.0303893637226968,0.3652113652113652,0.6285714285714286,0.6,2.252831876603523e-07,76,1,2000
006,5.0,12,0.2083333333333333,35,1.3428571428571427,0.4571428571428571,-0.089727874479039,0.4455128205128205,0.6285714285714286,0.6,9.744162099423193e-08,76,1,2000
006,5.0,14,0.1785714285714285,35,1.4,0.4285714285714285,-0.0723335636950013,0.3851190476190476,0.6285714285714286,0.6,2.357390371798829e-07,76,1,2000
006,5.0,16,0.15625,35,1.4,0.4571428571428571,-0.0558659217877095,0.4337301587301587,0.6285714285714286,0.6,1.1225454699115289e-07,76,1,2000
006,5.0,20,0.125,35,1.3714285714285714,0.4571428571428571,-0.0488704472106964,0.4234962406015037,0.6285714285714286,0.6,9.765300745812057e-08,76,1,2000
006,5.0,25,0.1,35,1.1428571428571428,0.4285714285714285,-0.0365469439193446,0.358270202020202,0.6285714285714286,0.6,9.164720182752717e-08,76,1,2000
006,5.0,30,0.0833333333333333,35,0.9714285714285714,0.4857142857142857,0.0637860082304525,0.3958333333333333,0.6285714285714286,0.6,8.562687270341486e-08,76,1,2000
006,5.0,40,0.0625,35,0.9142857142857144,0.5142857142857142,0.0631970260223047,0.4171864171864171,0.6285714285714286,0.6,8.492415304317548e-08,76,1,2000
006,5.0,50,0.05,35,0.6571428571428571,0.5714285714285714,0.2884160756501182,0.3914911308203991,0.6285714285714286,0.6,7.27149753743106e-08,76,1,2000
006,5.0,60,0.0416666666666666,35,0.4571428571428571,0.7142857142857143,0.5709281961471104,0.5064102564102564,0.6285714285714286,0.6,8.990790689722418e-08,76,1,2000
006,5.0,75,0.0333333333333333,35,0.3428571428571428,0.7714285714285715,0.6621621621621621,0.6536796536796537,0.6285714285714286,0.6,7.691880909987958e-08,76,1,2000
007,0.005,1,0.0025,41,0.902439024390244,0.5365853658536586,0.5661134009134455,0.3363148479427549,2.5365853658536586,0.0975609756097561,0.0009916477138176,76,1,2000
007,0.005,2,0.00125,41,0.5853658536585366,0.7073170731707317,0.7083423151541279,0.4435381691479252,2.5365853658536586,0.0975609756097561,0.0012447503395378,76,1,2000
007,0.005,3,0.0008333333333333,41,0.6097560975609756,0.7073170731707317,0.6882296240762558,0.3561904761904761,2.5365853658536586,0.0975609756097561,0.0010831430554389,76,1,2000
007,0.005,4,0.000625,41,0.7073170731707317,0.6829268292682927,0.6126738138201889,0.5155993431855501,2.5365853658536586,0.0975609756097561,0.0008266039076261,76,1,2000
007,0.005,5,0.0005,41,0.7073170731707317,0.6829268292682927,0.6126738138201889,0.5155993431855501,2.5365853658536586,0.0975609756097561,0.0008894901839084,76,1,2000
007,0.005,6,0.0004166666666666,41,0.6341463414634146,0.6829268292682927,0.6757854242359478,0.5149051490514905,2.5365853658536586,0.0975609756097561,0.0013793387915939,76,1,2000
007,0.005,8,0.0003125,41,0.5365853658536586,0.7317073170731707,0.7145343777197564,0.4243176178660049,2.5365853658536586,0.0975609756097561,0.0012224875390529,76,1,2000
007,0.005,10,0.00025,41,0.4390243902439024,0.7804878048780488,0.7673881067451145,0.6769230769230768,2.5365853658536586,0.0975609756097561,0.0011444243136793,76,1,2000
007,0.005,12,0.0002083333333333,41,0.4390243902439024,0.7804878048780488,0.7673881067451145,0.6769230769230768,2.5365853658536586,0.0975609756097561,0.0010714011732488,76,1,2000
007,0.005,14,0.0001785714285714,41,0.4390243902439024,0.7804878048780488,0.7673881067451145,0.6769230769230768,2.5365853658536586,0.0975609756097561,0.001403211383149,76,1,2000
007,0.005,16,0.00015625,41,0.4390243902439024,0.7804878048780488,0.7673881067451145,0.6769230769230768,2.5365853658536586,0.0975609756097561,0.0012632881989702,76,1,2000
007,0.005,20,0.000125,41,0.8536585365853658,0.6585365853658537,0.4883062401678029,0.5283347863993025,2.5365853658536586,0.0975609756097561,0.0012738296063616,76,1,2000
007,0.005,25,0.0001,41,1.7804878048780488,0.4146341463414634,-0.0812021096626529,0.3658810325476992,2.5365853658536586,0.0975609756097561,0.0013101249933242,76,1,2000
007,0.005,30,8.333333333333333e-05,41,0.7073170731707317,0.7073170731707317,0.5949037961518461,0.6247311827956988,2.5365853658536586,0.0975609756097561,0.0014219679869711,76,1,2000
007,0.005,40,6.25e-05,41,1.4634146341463414,0.4634146341463415,0.1523922031896042,0.4157706093189964,2.5365853658536586,0.0975609756097561,0.0029346756637096,76,1,2000
007,0.005,50,5e-05,41,1.5853658536585369,0.4878048780487805,0.0668507761165603,0.3614285714285714,2.5365853658536586,0.0975609756097561,0.0040550110861659,76,1,2000
007,0.005,60,4.1666666666666665e-05,41,0.7560975609756098,0.6829268292682927,0.5734774265225735,0.6090827135451882,2.5365853658536586,0.0975609756097561,0.0044126766733825,76,1,2000
007,0.005,75,3.3333333333333335e-05,41,0.8292682926829268,0.6829268292682927,0.5476813762154076,0.6615942028985508,2.5365853658536586,0.0975609756097561,0.0054855775088071,76,1,2000
007,0.005,90,2.777777777777778e-05,41,0.7804878048780488,0.6585365853658537,0.5935176358436606,0.6264911559029206,2.5365853658536586,0.0975609756097561,0.0055735604837536,76,1,2000
007,0.01,1,0.005,41,0.902439024390244,0.5365853658536586,0.5661134009134455,0.3363148479427549,2.5365853658536586,0.0975609756097561,0.0006549509125761,76,1,2000
007,0.01,2,0.0025,41,0.6097560975609756,0.7073170731707317,0.6943934319974074,0.3548305353183402,2.5365853658536586,0.0975609756097561,0.0010726347099989,76,1,2000
007,0.01,3,0.0016666666666666,41,0.6341463414634146,0.7073170731707317,0.6670228681342167,0.4452380952380952,2.5365853658536586,0.0975609756097561,0.0010918485932052,76,1,2000
007,0.01,4,0.00125,41,0.7073170731707317,0.6829268292682927,0.6126738138201889,0.5155993431855501,2.5365853658536586,0.0975609756097561,0.0008336773025803,76,1,2000
007,0.01,5,0.001,41,0.7073170731707317,0.6829268292682927,0.6126738138201889,0.5155993431855501,2.5365853658536586,0.0975609756097561,0.0010137122590094,76,1,2000
007,0.01,6,0.0008333333333333,41,0.6097560975609756,0.6829268292682927,0.6943273905996759,0.3916666666666666,2.5365853658536586,0.0975609756097561,0.0015039384597912,76,1,2000
007,0.01,8,0.000625,41,0.4878048780487805,0.7317073170731707,0.7512998266897747,0.5576923076923077,2.5365853658536586,0.0975609756097561,0.0012975236168131,76,1,2000
007,0.01,10,0.0005,41,0.4390243902439024,0.7804878048780488,0.7673881067451145,0.6769230769230768,2.5365853658536586,0.0975609756097561,0.0012145618675276,76,1,2000
007,0.01,12,0.0004166666666666,41,0.5365853658536586,0.7560975609756098,0.7009793707022296,0.6601503759398497,2.5365853658536586,0.0975609756097561,0.0011595810065045,76,1,2000
007,0.01,14,0.0003571428571428,41,0.4390243902439024,0.7804878048780488,0.7673881067451145,0.6769230769230768,2.5365853658536586,0.0975609756097561,0.0014214204857125,76,1,2000
007,0.01,16,0.0003125,41,0.4390243902439024,0.7804878048780488,0.7673881067451145,0.6769230769230768,2.5365853658536586,0.0975609756097561,0.0012752180919051,76,1,2000
007,0.01,20,0.00025,41,1.1219512195121952,0.5853658536585366,0.3189368770764119,0.4852941176470589,2.5365853658536586,0.0975609756097561,0.0013088298728689,76,1,2000
007,0.01,25,0.0002,41,1.804878048780488,0.4146341463414634,-0.0941915227629515,0.3734567901234567,2.5365853658536586,0.0975609756097561,0.0012895097024738,76,1,2000
007,0.01,30,0.0001666666666666,41,0.7804878048780488,0.6829268292682927,0.5536013400335007,0.6055555555555555,2.5365853658536586,0.0975609756097561,0.0013880038168281,76,1,2000
007,0.01,40,0.000125,41,1.5365853658536586,0.4390243902439024,0.1105497771173847,0.392831541218638,2.5365853658536586,0.0975609756097561,0.002569064265117,76,1,2000
007,0.01,50,0.0001,41,1.4390243902439024,0.5121951219512195,0.1573463340024854,0.4923371647509578,2.5365853658536586,0.0975609756097561,0.0035099715460091,76,1,2000
007,0.01,60,8.333333333333333e-05,41,0.6585365853658537,0.6829268292682927,0.6574522949974213,0.6056067588325652,2.5365853658536586,0.0975609756097561,0.0039025016594678,76,1,2000
007,0.01,75,6.666666666666667e-05,41,0.7804878048780488,0.6585365853658537,0.5935176358436606,0.6264911559029206,2.5365853658536586,0.0975609756097561,0.0048824050463736,76,1,2000
007,0.01,90,5.555555555555556e-05,41,0.6829268292682927,0.6829268292682927,0.6534101825168108,0.6434676434676434,2.5365853658536586,0.0975609756097561,0.0049956259317696,76,1,2000
007,0.02,1,0.01,41,0.926829268292683,0.5121951219512195,0.5564570655848546,0.2637362637362637,2.5365853658536586,0.0975609756097561,0.0002464769640937,76,1,2000
007,0.02,2,0.005,41,0.6341463414634146,0.7073170731707317,0.6743936467053016,0.437380533679945,2.5365853658536586,0.0975609756097561,0.0006696807104162,76,1,2000
007,0.02,3,0.0033333333333333,41,0.6341463414634146,0.7073170731707317,0.6670228681342167,0.4452380952380952,2.5365853658536586,0.0975609756097561,0.0008797128102742,76,1,2000
007,0.02,4,0.0025,41,0.7073170731707317,0.6829268292682927,0.6126738138201889,0.5155993431855501,2.5365853658536586,0.0975609756097561,0.0006839673733338,76,1,2000
007,0.02,5,0.002,41,0.7073170731707317,0.6829268292682927,0.6126738138201889,0.5155993431855501,2.5365853658536586,0.0975609756097561,0.0010168200824409,76,1,2000
007,0.02,6,0.0016666666666666,41,0.6341463414634146,0.6829268292682927,0.6757854242359478,0.5149051490514905,2.5365853658536586,0.0975609756097561,0.001416354207322,76,1,2000
007,0.02,8,0.00125,41,0.4878048780487805,0.7317073170731707,0.7512998266897747,0.5576923076923077,2.5365853658536586,0.0975609756097561,0.0013166756834834,76,1,2000
007,0.02,10,0.001,41,0.4390243902439024,0.7804878048780488,0.7673881067451145,0.6769230769230768,2.5365853658536586,0.0975609756097561,0.0012162110069766,76,1,2000
007,0.02,12,0.0008333333333333,41,0.5365853658536586,0.7560975609756098,0.7009793707022296,0.6601503759398497,2.5365853658536586,0.0975609756097561,0.0011779690394178,76,1,2000
007,0.02,14,0.0007142857142857,41,0.4634146341463415,0.7560975609756098,0.7604885820499203,0.5006072874493928,2.5365853658536586,0.0975609756097561,0.0012988409725949,76,1,2000
007,0.02,16,0.000625,41,0.4390243902439024,0.7804878048780488,0.7673881067451145,0.6769230769230768,2.5365853658536586,0.0975609756097561,0.0011564233573153,76,1,2000
007,0.02,20,0.0005,41,1.1219512195121952,0.5853658536585366,0.3189368770764119,0.4852941176470589,2.5365853658536586,0.0975609756097561,0.0012275726767256,76,1,2000
007,0.02,25,0.0004,41,1.902439024390244,0.3902439024390244,-0.1495327102803738,0.3525641025641026,2.5365853658536586,0.0975609756097561,0.0011669289087876,76,1,2000
007,0.02,30,0.0003333333333333,41,0.8048780487804879,0.6829268292682927,0.5305827746260958,0.6080645161290322,2.5365853658536586,0.0975609756097561,0.0013320776633918,76,1,2000
007,0.02,40,0.00025,41,1.4634146341463414,0.4634146341463415,0.1523922031896042,0.4157706093189964,2.5365853658536586,0.0975609756097561,0.002205716446042,76,1,2000
007,0.02,50,0.0002,41,1.4390243902439024,0.5121951219512195,0.1573463340024854,0.4923371647509578,2.5365853658536586,0.0975609756097561,0.0027582431212067,76,1,2000
007,0.02,60,0.0001666666666666,41,0.6341463414634146,0.6829268292682927,0.6823701842546064,0.6037698412698412,2.5365853658536586,0.0975609756097561,0.0031700986437499,76,1,2000
007,0.02,75,0.0001333333333333,41,0.7804878048780488,0.6585365853658537,0.5935176358436606,0.6264911559029206,2.5365853658536586,0.0975609756097561,0.0040122773498296,76,1,2000
007,0.02,90,0.0001111111111111,41,0.6829268292682927,0.6829268292682927,0.6534101825168108,0.6434676434676434,2.5365853658536586,0.0975609756097561,0.0041279643774032,76,1,2000
007,0.05,1,0.025,41,0.951219512195122,0.5121951219512195,0.5415113520840393,0.3296703296703296,2.5365853658536586,0.0975609756097561,8.353540579264518e-06,76,1,2000
007,0.05,2,0.0125,41,0.6585365853658537,0.7073170731707317,0.6489800232533558,0.4397502903600464,2.5365853658536586,0.0975609756097561,0.0001257164840353,76,1,2000
007,0.05,3,0.0083333333333333,41,0.6585365853658537,0.7073170731707317,0.6489800232533558,0.4397502903600464,2.5365853658536586,0.0975609756097561,0.0003050905361305,76,1,2000
007,0.05,4,0.00625,41,0.7560975609756098,0.6585365853658537,0.593540134314039,0.375,2.5365853658536586,0.0975609756097561,0.0002474296488799,76,1,2000
007,0.05,5,0.005,41,0.7073170731707317,0.6829268292682927,0.6126738138201889,0.5155993431855501,2.5365853658536586,0.0975609756097561,0.0006678059580735,76,1,2000
007,0.05,6,0.0041666666666666,41,0.6097560975609756,0.6829268292682927,0.6943273905996759,0.3916666666666666,2.5365853658536586,0.0975609756097561,0.0009320898097939,76,1,2000
007,0.05,8,0.003125,41,0.4878048780487805,0.7317073170731707,0.7512998266897747,0.5576923076923077,2.5365853658536586,0.0975609756097561,0.0009658344788476,76,1,2000
007,0.05,10,0.0025,41,0.4390243902439024,0.7804878048780488,0.7673881067451145,0.6769230769230768,2.5365853658536586,0.0975609756097561,0.0008518006070517,76,1,2000
007,0.05,12,0.0020833333333333,41,0.5365853658536586,0.7560975609756098,0.7009793707022296,0.6601503759398497,2.5365853658536586,0.0975609756097561,0.0008715675212442,76,1,2000
007,0.05,14,0.0017857142857142,41,0.5365853658536586,0.7560975609756098,0.7009793707022296,0.6601503759398497,2.5365853658536586,0.0975609756097561,0.0009212827426381,76,1,2000
007,0.05,16,0.0015625,41,0.4390243902439024,0.7804878048780488,0.7673881067451145,0.6769230769230768,2.5365853658536586,0.0975609756097561,0.000808483804576,76,1,2000
007,0.05,20,0.00125,41,1.1219512195121952,0.5853658536585366,0.3189368770764119,0.4852941176470589,2.5365853658536586,0.0975609756097561,0.000959429773502,76,1,2000
007,0.05,25,0.001,41,1.902439024390244,0.3902439024390244,-0.1450737005430566,0.2735483870967742,2.5365853658536586,0.0975609756097561,0.0008438103250227,76,1,2000
007,0.05,30,0.0008333333333333,41,0.8780487804878049,0.6585365853658537,0.489202657807309,0.5882352941176471,2.5365853658536586,0.0975609756097561,0.0010427886154502,76,1,2000
007,0.05,40,0.000625,41,1.3658536585365857,0.4878048780487805,0.21075610240127,0.4305555555555555,2.5365853658536586,0.0975609756097561,0.0015630392590537,76,1,2000
007,0.05,50,0.0005,41,1.4634146341463414,0.4878048780487805,0.1648434552998867,0.4753366174055829,2.5365853658536586,0.0975609756097561,0.0015297617064788,76,1,2000
007,0.05,60,0.0004166666666666,41,0.7317073170731707,0.6585365853658537,0.6169019933554817,0.5870098039215687,2.5365853658536586,0.0975609756097561,0.0019328306661918,76,1,2000
007,0.05,75,0.0003333333333333,41,0.7804878048780488,0.6585365853658537,0.5935176358436606,0.6264911559029206,2.5365853658536586,0.0975609756097561,0.0026049383450299,76,1,2000
007,0.05,90,0.0002777777777777,41,0.5609756097560976,0.7317073170731707,0.7220471689105319,0.695026455026455,2.5365853658536586,0.0975609756097561,0.0027206412050873,76,1,2000
007,0.1,1,0.05,41,0.975609756097561,0.5121951219512195,0.5216513349786853,0.3269230769230769,2.5365853658536586,0.0975609756097561,4.5134936954127625e-05,76,1,2000
007,0.1,2,0.025,41,0.6829268292682927,0.7073170731707317,0.6227519866164785,0.5793650793650794,2.5365853658536586,0.0975609756097561,1.7037877114489675e-05,76,1,2000
007,0.1,3,0.0166666666666666,41,0.6585365853658537,0.7073170731707317,0.6489800232533558,0.4397502903600464,2.5365853658536586,0.0975609756097561,3.620931602199562e-05,76,1,2000
007,0.1,4,0.0125,41,0.7317073170731707,0.6829268292682927,0.6039479210415792,0.4226190476190475,2.5365853658536586,0.0975609756097561,2.988527739944402e-05,76,1,2000
007,0.1,5,0.01,41,0.7073170731707317,0.6829268292682927,0.6126738138201889,0.5155993431855501,2.5365853658536586,0.0975609756097561,0.0002368388377362,76,1,2000
007,0.1,6,0.0083333333333333,41,0.6097560975609756,0.6829268292682927,0.6943273905996759,0.3916666666666666,2.5365853658536586,0.0975609756097561,0.0004355819255579,76,1,2000
007,0.1,8,0.00625,41,0.4878048780487805,0.7317073170731707,0.7512998266897747,0.5576923076923077,2.5365853658536586,0.0975609756097561,0.0005129079800099,76,1,2000
007,0.1,10,0.005,41,0.5121951219512195,0.7560975609756098,0.7268112109994712,0.6588742327282225,2.5365853658536586,0.0975609756097561,0.0004164763668086,76,1,2000
007,0.1,12,0.0041666666666666,41,0.5365853658536586,0.7560975609756098,0.7009793707022296,0.6601503759398497,2.5365853658536586,0.0975609756097561,0.000464579439722,76,1,2000
007,0.1,14,0.0035714285714285,41,0.5365853658536586,0.7560975609756098,0.7009793707022296,0.6601503759398497,2.5365853658536586,0.0975609756097561,0.0005215348210185,76,1,2000
007,0.1,16,0.003125,41,0.4390243902439024,0.7804878048780488,0.7673881067451145,0.6769230769230768,2.5365853658536586,0.0975609756097561,0.0004563659022096,76,1,2000
007,0.1,20,0.0025,41,1.2195121951219512,0.5609756097560976,0.2570016474464579,0.4722222222222221,2.5365853658536586,0.0975609756097561,0.0006802743882872,76,1,2000
007,0.1,25,0.002,41,1.804878048780488,0.3902439024390244,-0.0827749310208909,0.2675,2.5365853658536586,0.0975609756097561,0.0005959142581559,76,1,2000
007,0.1,30,0.0016666666666666,41,0.902439024390244,0.6585365853658537,0.4673145780051151,0.5913978494623656,2.5365853658536586,0.0975609756097561,0.0007262629223987,76,1,2000
007,0.1,40,0.00125,41,1.3658536585365857,0.4878048780487805,0.2236396252740681,0.3404761904761905,2.5365853658536586,0.0975609756097561,0.0009000462596304,76,1,2000
007,0.1,50,0.001,41,1.4390243902439024,0.5121951219512195,0.1797710989113241,0.507744703147002,2.5365853658536586,0.0975609756097561,0.0007067990372888,76,1,2000
007,0.1,60,0.0008333333333333,41,0.7317073170731707,0.6585365853658537,0.6169019933554817,0.5870098039215687,2.5365853658536586,0.0975609756097561,0.0009958302835002,76,1,2000
007,0.1,75,0.0006666666666666,41,0.6829268292682927,0.6829268292682927,0.6626776364996261,0.652864044168392,2.5365853658536586,0.0975609756097561,0.0014814073219895,76,1,2000
007,0.1,90,0.0005555555555555,41,0.5365853658536586,0.7560975609756098,0.7296533534287868,0.728114478114478,2.5365853658536586,0.0975609756097561,0.0016854691784828,76,1,2000
007,0.2,1,0.1,41,1.0,0.5121951219512195,0.4975157336866511,0.3241758241758241,2.5365853658536586,0.0975609756097561,8.494506801071111e-06,76,1,2000
007,0.2,2,0.05,41,0.7073170731707317,0.6829268292682927,0.614311383574675,0.4275551684088269,2.5365853658536586,0.0975609756097561,2.5335981263197027e-05,76,1,2000
007,0.2,3,0.0333333333333333,41,0.7073170731707317,0.6829268292682927,0.614311383574675,0.4275551684088269,2.5365853658536586,0.0975609756097561,1.4350964192999529e-05,76,1,2000
007,0.2,4,0.025,41,0.7317073170731707,0.6829268292682927,0.6039479210415792,0.4226190476190475,2.5365853658536586,0.0975609756097561,2.676875112683774e-07,76,1,2000
007,0.2,5,0.02,41,0.6829268292682927,0.7073170731707317,0.6227519866164785,0.5793650793650794,2.5365853658536586,0.0975609756097561,1.943148708960507e-05,76,1,2000
007,0.2,6,0.0166666666666666,41,0.6097560975609756,0.6829268292682927,0.6943273905996759,0.3916666666666666,2.5365853658536586,0.0975609756097561,7.180972170317546e-05,76,1,2000
007,0.2,8,0.0125,41,0.4878048780487805,0.7317073170731707,0.7512998266897747,0.5576923076923077,2.5365853658536586,0.0975609756097561,0.0001503300445619,76,1,2000
007,0.2,10,0.01,41,0.5365853658536586,0.7560975609756098,0.7009793707022296,0.6601503759398497,2.5365853658536586,0.0975609756097561,0.0001116009734687,76,1,2000
007,0.2,12,0.0083333333333333,41,0.5365853658536586,0.7560975609756098,0.7009793707022296,0.6601503759398497,2.5365853658536586,0.0975609756097561,0.000134144022013,76,1,2000
007,0.2,14,0.0071428571428571,41,0.5365853658536586,0.7560975609756098,0.7009793707022296,0.6601503759398497,2.5365853658536586,0.0975609756097561,0.0001525567058706,76,1,2000
007,0.2,16,0.00625,41,0.4390243902439024,0.7804878048780488,0.7673881067451145,0.6769230769230768,2.5365853658536586,0.0975609756097561,0.00013348570792,76,1,2000
007,0.2,20,0.005,41,1.195121951219512,0.5853658536585366,0.2719431760527651,0.5173237753882916,2.5365853658536586,0.0975609756097561,0.0002868974406737,76,1,2000
007,0.2,25,0.004,41,1.7560975609756098,0.4146341463414634,-0.0537383177570094,0.3782051282051282,2.5365853658536586,0.0975609756097561,0.0002697313902899,76,1,2000
007,0.2,30,0.0033333333333333,41,0.926829268292683,0.6341463414634146,0.4551495016611295,0.5465686274509803,2.5365853658536586,0.0975609756097561,0.0003473363176453,76,1,2000
007,0.2,40,0.0025,41,1.2439024390243902,0.5121951219512195,0.2999500748876685,0.4634408602150537,2.5365853658536586,0.0975609756097561,0.0003489612718112,76,1,2000
007,0.2,50,0.002,41,1.4390243902439024,0.5121951219512195,0.1573463340024854,0.4923371647509578,2.5365853658536586,0.0975609756097561,0.0002484104770701,76,1,2000
007,0.2,60,0.0016666666666666,41,0.7317073170731707,0.6585365853658537,0.6169019933554817,0.5870098039215687,2.5365853658536586,0.0975609756097561,0.0003308669838588,76,1,2000
007,0.2,75,0.0013333333333333,41,0.6585365853658537,0.7073170731707317,0.6709106006089123,0.6842650103519669,2.5365853658536586,0.0975609756097561,0.0005725332302972,76,1,2000
007,0.2,90,0.0011111111111111,41,0.5365853658536586,0.7560975609756098,0.7296533534287868,0.728114478114478,2.5365853658536586,0.0975609756097561,0.0008974873344413,76,1,2000
007,0.5,1,0.25,41,1.0731707317073171,0.4878048780487805,0.4529686457638425,0.3144599303135888,2.5365853658536586,0.0975609756097561,0.0001167967566289,76,1,2000
007,0.5,2,0.125,41,0.7560975609756098,0.7073170731707317,0.5685092469602533,0.618574439712651,2.5365853658536586,0.0975609756097561,1.4971046766731888e-06,76,1,2000
007,0.5,3,0.0833333333333333,41,0.7804878048780488,0.6829268292682927,0.5578598092077977,0.5658000536049316,2.5365853658536586,0.0975609756097561,3.132135316263884e-05,76,1,2000
007,0.5,4,0.0625,41,0.8048780487804879,0.6585365853658537,0.5507669831994155,0.4124452782989368,2.5365853658536586,0.0975609756097561,1.4179242668888037e-07,76,1,2000
007,0.5,5,0.05,41,0.7804878048780488,0.6829268292682927,0.5578598092077977,0.5658000536049316,2.5365853658536586,0.0975609756097561,1.81013433575572e-07,76,1,2000
007,0.5,6,0.0416666666666666,41,0.6341463414634146,0.7073170731707317,0.65538978777054,0.5863247863247864,2.5365853658536586,0.0975609756097561,2.1918881998317374e-07,76,1,2000
007,0.5,8,0.03125,41,0.6097560975609756,0.7073170731707317,0.6676035023240731,0.4172325976230899,2.5365853658536586,0.0975609756097561,3.33372281602351e-06,76,1,2000
007,0.5,10,0.025,41,0.5365853658536586,0.7560975609756098,0.7009793707022296,0.6601503759398497,2.5365853658536586,0.0975609756097561,1.594820446371159e-06,76,1,2000
007,0.5,12,0.0208333333333333,41,0.5365853658536586,0.7560975609756098,0.7009793707022296,0.6601503759398497,2.5365853658536586,0.0975609756097561,2.479865315763164e-06,76,1,2000
007,0.5,14,0.0178571428571428,41,0.5609756097560976,0.7317073170731707,0.7011600451699004,0.6400080661423674,2.5365853658536586,0.0975609756097561,2.7898393000214128e-06,76,1,2000
007,0.5,16,0.015625,41,0.4634146341463415,0.7560975609756098,0.7604885820499203,0.5006072874493928,2.5365853658536586,0.0975609756097561,2.43800104726688e-06,76,1,2000
007,0.5,20,0.0125,41,1.2926829268292683,0.5365853658536586,0.220372083461815,0.3698641765704584,2.5365853658536586,0.0975609756097561,1.068507663148921e-05,76,1,2000
007,0.5,25,0.01,41,1.853658536585366,0.3902439024390244,-0.1089644513137557,0.3566666666666667,2.5365853658536586,0.0975609756097561,1.2368261195661034e-05,76,1,2000
007,0.5,30,0.0083333333333333,41,0.902439024390244,0.6341463414634146,0.4771841079144272,0.5417706476530005,2.5365853658536586,0.0975609756097561,2.385659172432497e-05,76,1,2000
007,0.5,40,0.00625,41,1.195121951219512,0.5609756097560976,0.2877993627299826,0.4945150429021397,2.5365853658536586,0.0975609756097561,3.039396870008204e-05,76,1,2000
007,0.5,50,0.005,41,1.3170731707317074,0.5121951219512195,0.2337218649517685,0.4624999999999999,2.5365853658536586,0.0975609756097561,1.9809469449683093e-05,76,1,2000
007,0.5,60,0.0041666666666666,41,0.7317073170731707,0.6585365853658537,0.6104307432432432,0.5545634920634921,2.5365853658536586,0.0975609756097561,2.1102308892295696e-05,76,1,2000
007,0.5,75,0.0033333333333333,41,0.6585365853658537,0.6585365853658537,0.7086136643608454,0.623896103896104,2.5365853658536586,0.0975609756097561,7.369874947471544e-05,76,1,2000
007,0.5,90,0.0027777777777777,41,0.6341463414634146,0.6829268292682927,0.6916039845497053,0.6255835667600373,2.5365853658536586,0.0975609756097561,0.0002733029250521,76,1,2000
007,1.0,1,0.5,41,1.0975609756097562,0.4878048780487805,0.4301192951734706,0.3124452782989368,2.5365853658536586,0.0975609756097561,0.0004518360074143,76,1,2000
007,1.0,2,0.25,41,0.8048780487804879,0.6585365853658537,0.55263431362361,0.3556043956043956,2.5365853658536586,0.0975609756097561,9.149369725491852e-05,76,1,2000
007,1.0,3,0.1666666666666666,41,0.8048780487804879,0.6585365853658537,0.5487894350696991,0.417032967032967,2.5365853658536586,0.0975609756097561,5.54014986846596e-05,76,1,2000
007,1.0,4,0.125,41,0.8048780487804879,0.6585365853658537,0.5487894350696991,0.417032967032967,2.5365853658536586,0.0975609756097561,0.0001389913813909,76,1,2000
007,1.0,5,0.1,41,0.8048780487804879,0.6585365853658537,0.5487894350696991,0.417032967032967,2.5365853658536586,0.0975609756097561,1.2770220791935574e-07,76,1,2000
007,1.0,6,0.0833333333333333,41,0.6829268292682927,0.6829268292682927,0.6366322008862629,0.4288240495137047,2.5365853658536586,0.0975609756097561,1.5455617585757866e-07,76,1,2000
007,1.0,8,0.0625,41,0.6097560975609756,0.7073170731707317,0.6676035023240731,0.4172325976230899,2.5365853658536586,0.0975609756097561,4.1054772736970335e-06,76,1,2000
007,1.0,10,0.05,41,0.5365853658536586,0.7560975609756098,0.7009793707022296,0.6601503759398497,2.5365853658536586,0.0975609756097561,1.9584143956308253e-05,76,1,2000
007,1.0,12,0.0416666666666666,41,0.5365853658536586,0.7560975609756098,0.7009793707022296,0.6601503759398497,2.5365853658536586,0.0975609756097561,1.1783075024141e-05,76,1,2000
007,1.0,14,0.0357142857142857,41,0.5853658536585366,0.7073170731707317,0.6937123884623366,0.472538055296676,2.5365853658536586,0.0975609756097561,1.688183743908667e-07,76,1,2000
007,1.0,16,0.03125,41,0.5609756097560976,0.7317073170731707,0.6934175882043181,0.4876447876447877,2.5365853658536586,0.0975609756097561,1.5132870601064496e-07,76,1,2000
007,1.0,20,0.025,41,1.5121951219512195,0.4878048780487805,0.091906437590561,0.2743434343434343,2.5365853658536586,0.0975609756097561,1.3572874024703196e-07,76,1,2000
007,1.0,25,0.02,41,1.9268292682926829,0.3170731707317073,-0.1277092040042766,0.2208976157082749,2.5365853658536586,0.0975609756097561,1.234983812992141e-07,76,1,2000
007,1.0,30,0.0166666666666666,41,1.0731707317073171,0.5365853658536586,0.3877869400490304,0.3234524847428073,2.5365853658536586,0.0975609756097561,1.910092777279715e-07,76,1,2000
007,1.0,40,0.0125,41,1.2195121951219512,0.5365853658536586,0.2807017543859648,0.3558823529411765,2.5365853658536586,0.0975609756097561,3.477867096535192e-07,76,1,2000
007,1.0,50,0.01,41,1.2195121951219512,0.5365853658536586,0.3138413073439653,0.500768049155146,2.5365853658536586,0.0975609756097561,2.195814801098095e-07,76,1,2000
007,1.0,60,0.0083333333333333,41,0.7073170731707317,0.6829268292682927,0.620488819552782,0.6032258064516128,2.5365853658536586,0.0975609756097561,2.1871494482184067e-07,76,1,2000
007,1.0,75,0.0066666666666666,41,0.5853658536585366,0.7073170731707317,0.7400576368876081,0.6813186813186812,2.5365853658536586,0.0975609756097561,2.6905574941338277e-06,76,1,2000
007,1.0,90,0.0055555555555555,41,0.5365853658536586,0.7073170731707317,0.7489442567567568,0.6207010582010581,2.5365853658536586,0.0975609756097561,3.118849781458266e-05,76,1,2000
007,2.0,1,1.0,41,1.2682926829268293,0.3902439024390244,0.3341720036596523,0.2224453024453024,2.5365853658536586,0.0975609756097561,0.0023603204172104,76,1,2000
007,2.0,2,0.5,41,1.0,0.5365853658536586,0.4589377249427419,0.3135531135531135,2.5365853658536586,0.0975609756097561,0.000779026071541,76,1,2000
007,2.0,3,0.3333333333333333,41,0.975609756097561,0.5609756097560976,0.466955579631636,0.3238095238095238,2.5365853658536586,0.0975609756097561,0.0005044186254963,76,1,2000
007,2.0,4,0.25,41,0.926829268292683,0.5853658536585366,0.4959016393442623,0.3361449361449361,2.5365853658536586,0.0975609756097561,0.0002114163798978,76,1,2000
007,2.0,5,0.2,41,0.926829268292683,0.5853658536585366,0.4959016393442623,0.3361449361449361,2.5365853658536586,0.0975609756097561,0.0001201354461954,76,1,2000
007,2.0,6,0.1666666666666666,41,0.7073170731707317,0.6585365853658537,0.629845990440786,0.4527027027027027,2.5365853658536586,0.0975609756097561,6.527390041810577e-07,76,1,2000
007,2.0,8,0.125,41,0.6829268292682927,0.6829268292682927,0.6301546391752577,0.4761904761904761,2.5365853658536586,0.0975609756097561,2.8853308322140947e-05,76,1,2000
007,2.0,10,0.1,41,0.6097560975609756,0.7073170731707317,0.6704533276176188,0.3893267651888341,2.5365853658536586,0.0975609756097561,1.0831555300683249e-05,76,1,2000
007,2.0,12,0.0833333333333333,41,0.6097560975609756,0.6829268292682927,0.6861038280020975,0.464655172413793,2.5365853658536586,0.0975609756097561,3.710548480739817e-05,76,1,2000
007,2.0,14,0.0714285714285714,41,0.5853658536585366,0.7073170731707317,0.6937123884623366,0.472538055296676,2.5365853658536586,0.0975609756097561,1.2195647514090524e-07,76,1,2000
007,2.0,16,0.0625,41,0.5609756097560976,0.7317073170731707,0.6934175882043181,0.4876447876447877,2.5365853658536586,0.0975609756097561,1.0427379493194169e-07,76,1,2000
007,2.0,20,0.05,41,1.5609756097560976,0.4878048780487805,0.0608149199270221,0.3405483405483405,2.5365853658536586,0.0975609756097561,9.653007282395265e-08,76,1,2000
007,2.0,25,0.04,41,2.024390243902439,0.3170731707317073,-0.1822740862185361,0.2801932367149758,2.5365853658536586,0.0975609756097561,1.843381869548466e-05,76,1,2000
007,2.0,30,0.0333333333333333,41,1.170731707317073,0.5121951219512195,0.329700272479564,0.3999999999999999,2.5365853658536586,0.0975609756097561,1.0908147629606901e-07,76,1,2000
007,2.0,40,0.025,41,1.195121951219512,0.5365853658536586,0.303128721446357,0.4606606606606607,2.5365853658536586,0.0975609756097561,1.0887937662573677e-07,76,1,2000
007,2.0,50,0.02,41,1.146341463414634,0.5365853658536586,0.3720834618151917,0.4911480395351362,2.5365853658536586,0.0975609756097561,8.269623918977231e-08,76,1,2000
007,2.0,60,0.0166666666666666,41,0.7317073170731707,0.6585365853658537,0.6218487394957983,0.5833333333333334,2.5365853658536586,0.0975609756097561,9.57137089585558e-08,76,1,2000
007,2.0,75,0.0133333333333333,41,0.5121951219512195,0.7073170731707317,0.7825273010920437,0.6446833930704898,2.5365853658536586,0.0975609756097561,1.1351421846939048e-07,76,1,2000
007,2.0,90,0.0111111111111111,41,0.5121951219512195,0.6829268292682927,0.7959747871281655,0.5664261664261664,2.5365853658536586,0.0975609756097561,3.705658855324146e-07,76,1,2000
007,5.0,1,2.5,41,1.7804878048780488,0.2195121951219512,-0.0122847163675781,0.1523809523809523,2.5365853658536586,0.0975609756097561,0.0008447807049378,76,1,2000
007,5.0,2,1.25,41,1.5853658536585369,0.3414634146341463,0.1121956692471669,0.210752688172043,2.5365853658536586,0.0975609756097561,0.0004158014489803,76,1,2000
007,5.0,3,0.8333333333333334,41,1.5853658536585369,0.3170731707317073,0.1172359373238641,0.1972988505747126,2.5365853658536586,0.0975609756097561,0.0008463319973088,76,1,2000
007,5.0,4,0.625,41,1.4390243902439024,0.3902439024390244,0.1894640612501429,0.2407987711213517,2.5365853658536586,0.0975609756097561,0.0009094876586459,76,1,2000
007,5.0,5,0.5,41,1.4634146341463414,0.3902439024390244,0.1678449258836943,0.2371428571428571,2.5365853658536586,0.0975609756097561,0.0006954298005439,76,1,2000
007,5.0,6,0.4166666666666667,41,1.4146341463414631,0.4146341463414634,0.199442119944212,0.2497835497835498,2.5365853658536586,0.0975609756097561,0.0004737784038297,76,1,2000
007,5.0,8,0.3125,41,1.3902439024390243,0.3658536585365853,0.2241774135229601,0.2372917405175469,2.5365853658536586,0.0975609756097561,4.066477049491368e-05,76,1,2000
007,5.0,10,0.25,41,1.2682926829268293,0.4146341463414634,0.3035885167464116,0.266031746031746,2.5365853658536586,0.0975609756097561,0.0005940966657362,76,1,2000
007,5.0,12,0.2083333333333333,41,1.2682926829268293,0.4146341463414634,0.3201774871555347,0.2622222222222222,2.5365853658536586,0.0975609756097561,6.868401396786794e-05,76,1,2000
007,5.0,14,0.1785714285714285,41,0.951219512195122,0.5365853658536586,0.5055869012058856,0.3149712643678161,2.5365853658536586,0.0975609756097561,8.498553256686137e-07,76,1,2000
007,5.0,16,0.15625,41,0.8048780487804879,0.6341463414634146,0.5731506849315069,0.36,2.5365853658536586,0.0975609756097561,7.314987016115992e-08,76,1,2000
007,5.0,20,0.125,41,1.7317073170731707,0.4390243902439024,-0.0409433015554441,0.2487826086956521,2.5365853658536586,0.0975609756097561,1.2599628462339751e-05,76,1,2000
007,5.0,25,0.1,41,2.097560975609756,0.3170731707317073,-0.2282566679551603,0.1749321168676007,2.5365853658536586,0.0975609756097561,3.233123425161466e-05,76,1,2000
007,5.0,30,0.0833333333333333,41,1.4878048780487805,0.3902439024390244,0.1250145772594753,0.1956445993031358,2.5365853658536586,0.0975609756097561,9.346745173388626e-06,76,1,2000
007,5.0,40,0.0625,41,1.3658536585365857,0.4634146341463415,0.2276013143483023,0.3183479532163742,2.5365853658536586,0.0975609756097561,8.01081796453218e-08,76,1,2000
007,5.0,50,0.05,41,1.2195121951219512,0.4634146341463415,0.3475038151297144,0.3263888888888889,2.5365853658536586,0.0975609756097561,6.266449048553113e-08,76,1,2000
007,5.0,60,0.0416666666666666,41,0.6341463414634146,0.6829268292682927,0.6783290924512299,0.4571812596006144,2.5365853658536586,0.0975609756097561,6.997201040803702e-08,76,1,2000
007,5.0,75,0.0333333333333333,41,0.4390243902439024,0.7317073170731707,0.8355499261135739,0.5035392535392536,2.5365853658536586,0.0975609756097561,6.968451060629377e-08,76,1,2000
007,5.0,90,0.0277777777777777,41,0.3902439024390244,0.7560975609756098,0.8469141225565562,0.6628125451654864,2.5365853658536586,0.0975609756097561,1.0246538550973129e-07,76,1,2000
008,0.005,1,0.0025,38,0.9473684210526316,0.2631578947368421,0.0679245283018867,0.2430555555555555,1.368421052631579,0.3421052631578947,0.0011323704384267,76,1,2000
008,0.005,2,0.00125,38,0.9473684210526316,0.3421052631578947,0.0907590759075906,0.3101851851851852,1.368421052631579,0.3421052631578947,0.0007765154587104,76,1,2000
008,0.005,3,0.0008333333333333,38,1.0789473684210529,0.2368421052631578,0.0463320463320463,0.2251724763979666,1.368421052631579,0.3421052631578947,0.0006514714914374,76,1,2000
008,0.005,4,0.000625,38,1.105263157894737,0.1842105263157894,0.0394944707740916,0.1749999999999999,1.368421052631579,0.3421052631578947,0.001014408073388,76,1,2000
008,0.005,5,0.0005,38,1.105263157894737,0.2368421052631578,-0.0657051282051284,0.1451612903225806,1.368421052631579,0.3421052631578947,0.0008357040933333,76,1,2000
008,0.005,6,0.0004166666666666,38,0.9210526315789472,0.3421052631578947,-0.0116166505324297,0.2752052545155993,1.368421052631579,0.3421052631578947,0.0009139801259152,76,1,2000
008,0.005,8,0.0003125,38,0.8947368421052632,0.3157894736842105,0.0365111561866124,0.2476190476190476,1.368421052631579,0.3421052631578947,0.001052172621712,76,1,2000
008,0.005,10,0.00025,38,1.0,0.2368421052631578,-0.0037735849056603,0.1875,1.368421052631579,0.3421052631578947,0.0011663438053801,76,1,2000
008,0.005,12,0.0002083333333333,38,0.8947368421052632,0.2368421052631578,0.0991379310344827,0.2281959378733572,1.368421052631579,0.3421052631578947,0.0011450935853645,76,1,2000
008,0.005,14,0.0001785714285714,38,1.0526315789473684,0.2368421052631578,0.0264462809917354,0.2207885304659498,1.368421052631579,0.3421052631578947,0.0012368706520646,76,1,2000
008,0.005,16,0.00015625,38,1.0789473684210529,0.2631578947368421,0.0165041260315079,0.1873511904761904,1.368421052631579,0.3421052631578947,0.0011808661511167,76,1,2000
008,0.005,20,0.000125,38,1.1578947368421053,0.2368421052631578,-0.0057224606580832,0.2319446258325715,1.368421052631579,0.3421052631578947,0.0012537501752376,76,1,2000
008,0.005,25,0.0001,38,0.9473684210526316,0.3157894736842105,0.0633802816901408,0.288515406162465,1.368421052631579,0.3421052631578947,0.001832777285017,76,1,2000
008,0.005,30,8.333333333333333e-05,38,0.868421052631579,0.3684210526315789,0.0952380952380952,0.329059829059829,1.368421052631579,0.3421052631578947,0.0018763963598757,76,1,2000
008,0.005,40,6.25e-05,38,0.7368421052631579,0.4210526315789473,0.1121495327102803,0.3137973137973138,1.368421052631579,0.3421052631578947,0.003361213253811,76,1,2000
008,0.005,50,5e-05,38,0.6578947368421053,0.4210526315789473,0.1964529331514325,0.3966693966693966,1.368421052631579,0.3421052631578947,0.0043436172418296,76,1,2000
008,0.005,60,4.1666666666666665e-05,38,0.6842105263157895,0.3947368421052631,0.1363636363636363,0.3957671957671957,1.368421052631579,0.3421052631578947,0.0048823212273418,76,1,2000
008,0.005,75,3.3333333333333335e-05,38,0.6578947368421053,0.4210526315789473,0.0811232449297973,0.2895457033388068,1.368421052631579,0.3421052631578947,0.0063694273121654,76,1,2000
008,0.01,1,0.005,38,0.9473684210526316,0.2631578947368421,0.0679245283018867,0.2430555555555555,1.368421052631579,0.3421052631578947,0.0008921900880523,76,1,2000
008,0.01,2,0.0025,38,0.9473684210526316,0.3421052631578947,0.0907590759075906,0.3101851851851852,1.368421052631579,0.3421052631578947,0.0006192211294546,76,1,2000
008,0.01,3,0.0016666666666666,38,1.0789473684210529,0.2368421052631578,0.0463320463320463,0.2251724763979666,1.368421052631579,0.3421052631578947,0.0004925290704704,76,1,2000
008,0.01,4,0.00125,38,1.105263157894737,0.1842105263157894,0.0394944707740916,0.1749999999999999,1.368421052631579,0.3421052631578947,0.0009047434432432,76,1,2000
008,0.01,5,0.001,38,1.0789473684210529,0.2105263157894736,-0.0619088564058467,0.1196078431372549,1.368421052631579,0.3421052631578947,0.0007483438821509,76,1,2000
008,0.01,6,0.0008333333333333,38,0.868421052631579,0.3421052631578947,0.0085197018104365,0.2648233486943164,1.368421052631579,0.3421052631578947,0.0008836564957164,76,1,2000
008,0.01,8,0.000625,38,0.8421052631578947,0.3684210526315789,0.0193548387096773,0.2851851851851852,1.368421052631579,0.3421052631578947,0.0011798305204138,76,1,2000
008,0.01,10,0.0005,38,1.0,0.2368421052631578,-0.0037735849056603,0.1875,1.368421052631579,0.3421052631578947,0.0013355677947402,76,1,2000
008,0.01,12,0.0004166666666666,38,0.8947368421052632,0.2368421052631578,0.0991379310344827,0.2281959378733572,1.368421052631579,0.3421052631578947,0.0013206586008891,76,1,2000
008,0.01,14,0.0003571428571428,38,1.0263157894736843,0.2368421052631578,0.0361134995700772,0.2196620583717357,1.368421052631579,0.3421052631578947,0.0014156887773424,76,1,2000
008,0.01,16,0.0003125,38,1.0789473684210529,0.2368421052631578,0.0175019888623707,0.2226084538375973,1.368421052631579,0.3421052631578947,0.0013198215747252,76,1,2000
008,0.01,20,0.00025,38,1.1578947368421053,0.2368421052631578,-0.0057224606580832,0.2319446258325715,1.368421052631579,0.3421052631578947,0.0013592661125585,76,1,2000
008,0.01,25,0.0002,38,0.9473684210526316,0.3157894736842105,0.0633802816901408,0.288515406162465,1.368421052631579,0.3421052631578947,0.0017875707708299,76,1,2000
008,0.01,30,0.0001666666666666,38,0.868421052631579,0.3684210526315789,0.0952380952380952,0.329059829059829,1.368421052631579,0.3421052631578947,0.0017780938651412,76,1,2000
008,0.01,40,0.000125,38,0.7368421052631579,0.4210526315789473,0.1121495327102803,0.3137973137973138,1.368421052631579,0.3421052631578947,0.0030274984892457,76,1,2000
008,0.01,50,0.0001,38,0.6578947368421053,0.4210526315789473,0.1964529331514325,0.3966693966693966,1.368421052631579,0.3421052631578947,0.0038203278090804,76,1,2000
008,0.01,60,8.333333333333333e-05,38,0.6842105263157895,0.3947368421052631,0.1363636363636363,0.3957671957671957,1.368421052631579,0.3421052631578947,0.0043400479480624,76,1,2000
008,0.01,75,6.666666666666667e-05,38,0.6842105263157895,0.3947368421052631,0.0646153846153847,0.2737127371273712,1.368421052631579,0.3421052631578947,0.0057178498245775,76,1,2000
008,0.02,1,0.01,38,0.9473684210526316,0.2631578947368421,0.0679245283018867,0.2430555555555555,1.368421052631579,0.3421052631578947,0.0004043980734422,76,1,2000
008,0.02,2,0.005,38,0.9473684210526316,0.3421052631578947,0.0907590759075906,0.3101851851851852,1.368421052631579,0.3421052631578947,0.0003023265744559,76,1,2000
008,0.02,3,0.0033333333333333,38,1.0789473684210529,0.2368421052631578,0.0463320463320463,0.2251724763979666,1.368421052631579,0.3421052631578947,0.000226070114877,76,1,2000
008,0.02,4,0.0025,38,1.105263157894737,0.1842105263157894,0.0394944707740916,0.1749999999999999,1.368421052631579,0.3421052631578947,0.0005586313200183,76,1,2000
008,0.02,5,0.002,38,1.0526315789473684,0.2105263157894736,-0.0555555555555555,0.1166666666666666,1.368421052631579,0.3421052631578947,0.0004712400550488,76,1,2000
008,0.02,6,0.0016666666666666,38,0.8421052631578947,0.3421052631578947,0.0201793721973093,0.2601190476190476,1.368421052631579,0.3421052631578947,0.0006408602348528,76,1,2000
008,0.02,8,0.00125,38,0.8421052631578947,0.3684210526315789,0.0193548387096773,0.2851851851851852,1.368421052631579,0.3421052631578947,0.0010799404699355,76,1,2000
008,0.02,10,0.001,38,0.9473684210526316,0.2631578947368421,0.0159362549800797,0.2058080808080808,1.368421052631579,0.3421052631578947,0.0013227142626419,76,1,2000
008,0.02,12,0.0008333333333333,38,0.9210526315789472,0.2368421052631578,0.084102564102564,0.2239631336405529,1.368421052631579,0.3421052631578947,0.0012918938882648,76,1,2000
008,0.02,14,0.0007142857142857,38,1.0,0.2368421052631578,0.0465949820788529,0.2192928039702233,1.368421052631579,0.3421052631578947,0.0013841929612681,76,1,2000
008,0.02,16,0.000625,38,1.0526315789473684,0.2368421052631578,0.0264462809917354,0.2207885304659498,1.368421052631579,0.3421052631578947,0.0013346618507057,76,1,2000
008,0.02,20,0.0005,38,1.105263157894737,0.2368421052631578,0.0092024539877298,0.2250835818198246,1.368421052631579,0.3421052631578947,0.0013686928432434,76,1,2000
008,0.02,25,0.0004,38,0.8947368421052632,0.3421052631578947,0.0851851851851851,0.3084249084249084,1.368421052631579,0.3421052631578947,0.0017398617928847,76,1,2000
008,0.02,30,0.0003333333333333,38,0.868421052631579,0.3684210526315789,0.0952380952380952,0.329059829059829,1.368421052631579,0.3421052631578947,0.0017600785940885,76,1,2000
008,0.02,40,0.00025,38,0.7368421052631579,0.4210526315789473,0.1121495327102803,0.3137973137973138,1.368421052631579,0.3421052631578947,0.0027145582716912,76,1,2000
008,0.02,50,0.0002,38,0.6578947368421053,0.4210526315789473,0.1964529331514325,0.3966693966693966,1.368421052631579,0.3421052631578947,0.0031491641420871,76,1,2000
008,0.02,60,0.0001666666666666,38,0.7105263157894737,0.3684210526315789,0.120617110799439,0.3755166931637521,1.368421052631579,0.3421052631578947,0.0035775704309344,76,1,2000
008,0.02,75,0.0001333333333333,38,0.6842105263157895,0.3947368421052631,0.0646153846153847,0.2737127371273712,1.368421052631579,0.3421052631578947,0.0047755828127264,76,1,2000
008,0.05,1,0.025,38,0.9473684210526316,0.2631578947368421,0.0679245283018867,0.2430555555555555,1.368421052631579,0.3421052631578947,2.1241785361780785e-05,76,1,2000
008,0.05,2,0.0125,38,0.9473684210526316,0.3421052631578947,0.0907590759075906,0.3101851851851852,1.368421052631579,0.3421052631578947,2.1862479115952738e-05,76,1,2000
008,0.05,3,0.0083333333333333,38,1.105263157894737,0.2368421052631578,0.0372578241430698,0.2277421652421652,1.368421052631579,0.3421052631578947,1.3494642189471053e-05,76,1,2000
008,0.05,4,0.00625,38,1.105263157894737,0.1842105263157894,0.0394944707740916,0.1749999999999999,1.368421052631579,0.3421052631578947,0.0001078877030522,76,1,2000
008,0.05,5,0.005,38,0.9736842105263158,0.2105263157894736,-0.0341515474919957,0.1483483483483483,1.368421052631579,0.3421052631578947,9.176549792755397e-05,76,1,2000
008,0.05,6,0.0041666666666666,38,0.8157894736842105,0.3421052631578947,0.0331360946745562,0.2556998556998557,1.368421052631579,0.3421052631578947,0.0001863523502834,76,1,2000
008,0.05,8,0.003125,38,0.8157894736842105,0.3684210526315789,0.0317100792751982,0.2801672640382318,1.368421052631579,0.3421052631578947,0.0005204988992772,76,1,2000
008,0.05,10,0.0025,38,0.8947368421052632,0.2631578947368421,0.0395604395604395,0.1984551396316102,1.368421052631579,0.3421052631578947,0.0007663200958631,76,1,2000
008,0.05,12,0.0020833333333333,38,0.9210526315789472,0.2368421052631578,0.084102564102564,0.2239631336405529,1.368421052631579,0.3421052631578947,0.0007069337298162,76,1,2000
008,0.05,14,0.0017857142857142,38,1.0,0.2368421052631578,0.0465949820788529,0.2192928039702233,1.368421052631579,0.3421052631578947,0.0007681518909521,76,1,2000
008,0.05,16,0.0015625,38,1.0526315789473684,0.2368421052631578,0.0264462809917354,0.2207885304659498,1.368421052631579,0.3421052631578947,0.000882978667505,76,1,2000
008,0.05,20,0.00125,38,1.0526315789473684,0.2368421052631578,0.0264462809917354,0.2207885304659498,1.368421052631579,0.3421052631578947,0.0009027667692862,76,1,2000
008,0.05,25,0.001,38,0.8947368421052632,0.3421052631578947,0.0851851851851851,0.3084249084249084,1.368421052631579,0.3421052631578947,0.00112594908569,76,1,2000
008,0.05,30,0.0008333333333333,38,0.8421052631578947,0.3684210526315789,0.1093750000000001,0.328042328042328,1.368421052631579,0.3421052631578947,0.0013024605577811,76,1,2000
008,0.05,40,0.000625,38,0.7105263157894737,0.4210526315789473,0.131025957972806,0.3088712054229295,1.368421052631579,0.3421052631578947,0.0022838443983346,76,1,2000
008,0.05,50,0.0005,38,0.6842105263157895,0.3947368421052631,0.2205128205128204,0.3643822393822393,1.368421052631579,0.3421052631578947,0.0022447470109909,76,1,2000
008,0.05,60,0.0004166666666666,38,0.7105263157894737,0.3421052631578947,0.1739130434782608,0.3574986751457339,1.368421052631579,0.3421052631578947,0.0023937348742038,76,1,2000
008,0.05,75,0.0003333333333333,38,0.6842105263157895,0.3947368421052631,0.0646153846153847,0.2737127371273712,1.368421052631579,0.3421052631578947,0.0032375811133533,76,1,2000
008,0.1,1,0.05,38,0.9210526315789472,0.2894736842105263,0.0780209324452904,0.2653958944281525,1.368421052631579,0.3421052631578947,2.0316466020631202e-07,76,1,2000
008,0.1,2,0.025,38,0.9473684210526316,0.3421052631578947,0.0907590759075906,0.3101851851851852,1.368421052631579,0.3421052631578947,2.0094888952826293e-07,76,1,2000
008,0.1,3,0.0166666666666666,38,1.105263157894737,0.2368421052631578,0.0372578241430698,0.2277421652421652,1.368421052631579,0.3421052631578947,1.4048778496089653e-07,76,1,2000
008,0.1,4,0.0125,38,1.0789473684210529,0.2105263157894736,0.0477326968973748,0.1996199480904709,1.368421052631579,0.3421052631578947,6.437422598537523e-06,76,1,2000
008,0.1,5,0.01,38,0.9736842105263158,0.2105263157894736,-0.0341515474919957,0.1483483483483483,1.368421052631579,0.3421052631578947,5.108779078000225e-06,76,1,2000
008,0.1,6,0.0083333333333333,38,0.7894736842105263,0.3421052631578947,0.0476190476190476,0.2515406162464986,1.368421052631579,0.3421052631578947,2.0169849449303e-05,76,1,2000
008,0.1,8,0.00625,38,0.8157894736842105,0.3421052631578947,0.0554913294797687,0.2552934059286146,1.368421052631579,0.3421052631578947,0.0001257879193872,76,1,2000
008,0.1,10,0.005,38,0.8947368421052632,0.2631578947368421,0.0395604395604395,0.1984551396316102,1.368421052631579,0.3421052631578947,0.000207489269087,76,1,2000
008,0.1,12,0.0041666666666666,38,0.8947368421052632,0.2368421052631578,0.0991379310344827,0.2281959378733572,1.368421052631579,0.3421052631578947,0.0001964610710274,76,1,2000
008,0.1,14,0.0035714285714285,38,1.0,0.2368421052631578,0.0465949820788529,0.2192928039702233,1.368421052631579,0.3421052631578947,0.0002276128943776,76,1,2000
008,0.1,16,0.003125,38,1.0526315789473684,0.2368421052631578,0.0264462809917354,0.2207885304659498,1.368421052631579,0.3421052631578947,0.0003162332868669,76,1,2000
008,0.1,20,0.0025,38,1.0526315789473684,0.2368421052631578,0.0264462809917354,0.2207885304659498,1.368421052631579,0.3421052631578947,0.0003658721689134,76,1,2000
008,0.1,25,0.002,38,0.9210526315789472,0.3157894736842105,0.0752984389348025,0.2872523014510844,1.368421052631579,0.3421052631578947,0.0004013472935184,76,1,2000
008,0.1,30,0.0016666666666666,38,0.8421052631578947,0.3684210526315789,0.1093750000000001,0.328042328042328,1.368421052631579,0.3421052631578947,0.0005991427460685,76,1,2000
008,0.1,40,0.00125,38,0.6842105263157895,0.4473684210526316,0.2009345794392524,0.3878713878713878,1.368421052631579,0.3421052631578947,0.0015946787316352,76,1,2000
008,0.1,50,0.001,38,0.6842105263157895,0.3947368421052631,0.2205128205128204,0.3643822393822393,1.368421052631579,0.3421052631578947,0.001457481062971,76,1,2000
008,0.1,60,0.0008333333333333,38,0.7105263157894737,0.3421052631578947,0.1739130434782608,0.3574986751457339,1.368421052631579,0.3421052631578947,0.0014627811033278,76,1,2000
008,0.1,75,0.0006666666666666,38,0.631578947368421,0.4210526315789473,0.130718954248366,0.2916666666666667,1.368421052631579,0.3421052631578947,0.0019303479930385,76,1,2000
008,0.2,1,0.1,38,0.9210526315789472,0.2894736842105263,0.0780209324452904,0.2653958944281525,1.368421052631579,0.3421052631578947,1.4474669285391428e-07,76,1,2000
008,0.2,2,0.05,38,0.9473684210526316,0.3421052631578947,0.0907590759075906,0.3101851851851852,1.368421052631579,0.3421052631578947,1.4186998953391594e-07,76,1,2000
008,0.2,3,0.0333333333333333,38,1.0789473684210529,0.2368421052631578,0.0463320463320463,0.2251724763979666,1.368421052631579,0.3421052631578947,1.8825565462066154e-07,76,1,2000
008,0.2,4,0.025,38,1.0526315789473684,0.2105263157894736,0.0578512396694214,0.1985663082437276,1.368421052631579,0.3421052631578947,1.6130572078054686e-07,76,1,2000
008,0.2,5,0.02,38,0.9473684210526316,0.2105263157894736,-0.0247191011235956,0.1450292397660818,1.368421052631579,0.3421052631578947,1.382573060482173e-07,76,1,2000
008,0.2,6,0.0166666666666666,38,0.7631578947368421,0.3421052631578947,0.0639147802929427,0.2476190476190476,1.368421052631579,0.3421052631578947,2.1438739850054847e-07,76,1,2000
008,0.2,8,0.0125,38,0.7894736842105263,0.3421052631578947,0.0709046454767726,0.2514619883040935,1.368421052631579,0.3421052631578947,5.604492343991296e-06,76,1,2000
008,0.2,10,0.01,38,0.9210526315789472,0.2368421052631578,0.0282916213275298,0.1767857142857143,1.368421052631579,0.3421052631578947,9.848031368164811e-06,76,1,2000
008,0.2,12,0.0083333333333333,38,0.8947368421052632,0.2368421052631578,0.0991379310344827,0.2281959378733572,1.368421052631579,0.3421052631578947,1.3855621546099428e-05,76,1,2000
008,0.2,14,0.0071428571428571,38,1.0,0.2368421052631578,0.0465949820788529,0.2192928039702233,1.368421052631579,0.3421052631578947,1.6343505194527097e-05,76,1,2000
008,0.2,16,0.00625,38,1.0263157894736843,0.2368421052631578,0.0361134995700772,0.2196620583717357,1.368421052631579,0.3421052631578947,2.6583515136735517e-05,76,1,2000
008,0.2,20,0.005,38,1.0526315789473684,0.2368421052631578,0.0264462809917354,0.2207885304659498,1.368421052631579,0.3421052631578947,4.563244146993384e-05,76,1,2000
008,0.2,25,0.004,38,0.9210526315789472,0.3157894736842105,0.0752984389348025,0.2872523014510844,1.368421052631579,0.3421052631578947,4.667205939767882e-05,76,1,2000
008,0.2,30,0.0033333333333333,38,0.8421052631578947,0.3684210526315789,0.1093750000000001,0.328042328042328,1.368421052631579,0.3421052631578947,0.0001233118964591,76,1,2000
008,0.2,40,0.0025,38,0.7105263157894737,0.4473684210526316,0.1794019933554818,0.3857549857549857,1.368421052631579,0.3421052631578947,0.0006711221067234,76,1,2000
008,0.2,50,0.002,38,0.6842105263157895,0.3947368421052631,0.2205128205128204,0.3643822393822393,1.368421052631579,0.3421052631578947,0.000634292489849,76,1,2000
008,0.2,60,0.0016666666666666,38,0.6842105263157895,0.3684210526315789,0.2318059299191375,0.3583877995642701,1.368421052631579,0.3421052631578947,0.0006023739697411,76,1,2000
008,0.2,75,0.0013333333333333,38,0.5789473684210527,0.4736842105263157,0.2604790419161676,0.4501068376068375,1.368421052631579,0.3421052631578947,0.0007278630509972,76,1,2000
008,0.5,1,0.25,38,0.9736842105263158,0.3157894736842105,0.0478026214340787,0.2186443542934415,1.368421052631579,0.3421052631578947,1.927172519344822e-07,76,1,2000
008,0.5,2,0.125,38,1.0263157894736843,0.3421052631578947,0.0427881297446514,0.231751253132832,1.368421052631579,0.3421052631578947,1.8218130435343485e-06,76,1,2000
008,0.5,3,0.0833333333333333,38,1.0789473684210529,0.2368421052631578,0.0463320463320463,0.2251724763979666,1.368421052631579,0.3421052631578947,1.6495388877046937e-07,76,1,2000
008,0.5,4,0.0625,38,1.0263157894736843,0.2368421052631578,0.0666111573688592,0.2218869731800766,1.368421052631579,0.3421052631578947,1.267050180331353e-07,76,1,2000
008,0.5,5,0.05,38,0.8157894736842105,0.2631578947368421,0.0383036935704513,0.1821581196581196,1.368421052631579,0.3421052631578947,1.1667683708083133e-07,76,1,2000
008,0.5,6,0.0416666666666666,38,0.6842105263157895,0.3947368421052631,0.1137026239067056,0.2813990461049284,1.368421052631579,0.3421052631578947,1.4625203448304094e-07,76,1,2000
008,0.5,8,0.03125,38,0.7894736842105263,0.3157894736842105,0.0743589743589742,0.2302927927927928,1.368421052631579,0.3421052631578947,1.4025744121681782e-07,76,1,2000
008,0.5,10,0.025,38,0.8947368421052632,0.2368421052631578,0.0412844036697247,0.173611111111111,1.368421052631579,0.3421052631578947,1.507541895762188e-07,76,1,2000
008,0.5,12,0.0208333333333333,38,0.8947368421052632,0.2368421052631578,0.0991379310344827,0.2281959378733572,1.368421052631579,0.3421052631578947,1.4647733337369573e-07,76,1,2000
008,0.5,14,0.0178571428571428,38,0.9736842105263158,0.2368421052631578,0.0579981290926099,0.2197784294558488,1.368421052631579,0.3421052631578947,1.720572839758461e-07,76,1,2000
008,0.5,16,0.015625,38,1.0263157894736843,0.2368421052631578,0.0361134995700772,0.2196620583717357,1.368421052631579,0.3421052631578947,1.681448509316397e-07,76,1,2000
008,0.5,20,0.0125,38,1.0526315789473684,0.2368421052631578,0.0264462809917354,0.2207885304659498,1.368421052631579,0.3421052631578947,1.4935343983779606e-07,76,1,2000
008,0.5,25,0.01,38,0.9473684210526316,0.3157894736842105,0.0633802816901408,0.288515406162465,1.368421052631579,0.3421052631578947,1.7418770426047558e-07,76,1,2000
008,0.5,30,0.0083333333333333,38,0.8157894736842105,0.3684210526315789,0.1248720573183215,0.3281667247184488,1.368421052631579,0.3421052631578947,9.354109806736232e-07,76,1,2000
008,0.5,40,0.00625,38,0.7368421052631579,0.4473684210526316,0.1600000000000001,0.3853923853923853,1.368421052631579,0.3421052631578947,4.019777406938374e-05,76,1,2000
008,0.5,50,0.005,38,0.6578947368421053,0.3947368421052631,0.2482946793997271,0.3764673764673765,1.368421052631579,0.3421052631578947,4.7038756747497246e-05,76,1,2000
008,0.5,60,0.0041666666666666,38,0.6842105263157895,0.3684210526315789,0.2318059299191375,0.3583877995642701,1.368421052631579,0.3421052631578947,4.42356031271629e-05,76,1,2000
008,0.5,75,0.0033333333333333,38,0.5789473684210527,0.4473684210526316,0.2761904761904763,0.4618163054695562,1.368421052631579,0.3421052631578947,4.609797542798333e-05,76,1,2000
008,1.0,1,0.5,38,0.9736842105263158,0.3157894736842105,0.0749063670411984,0.2167684167684167,1.368421052631579,0.3421052631578947,4.078267465956742e-06,76,1,2000
008,1.0,2,0.25,38,0.9736842105263158,0.3684210526315789,0.0588657573582197,0.2439560439560439,1.368421052631579,0.3421052631578947,1.7244898117496632e-05,76,1,2000
008,1.0,3,0.1666666666666666,38,1.131578947368421,0.2631578947368421,0.0259571706683972,0.1900178253119429,1.368421052631579,0.3421052631578947,1.283353441294821e-07,76,1,2000
008,1.0,4,0.125,38,1.0,0.2631578947368421,0.075503355704698,0.2443001443001443,1.368421052631579,0.3421052631578947,1.341238089480612e-07,76,1,2000
008,1.0,5,0.1,38,0.8157894736842105,0.2631578947368421,0.0383036935704513,0.1821581196581196,1.368421052631579,0.3421052631578947,8.233082127162562e-08,76,1,2000
008,1.0,6,0.0833333333333333,38,0.6578947368421053,0.3947368421052631,0.1127214170692431,0.275058275058275,1.368421052631579,0.3421052631578947,8.141452667587147e-08,76,1,2000
008,1.0,8,0.0625,38,0.7368421052631579,0.3421052631578947,0.1077348066298343,0.2445175438596491,1.368421052631579,0.3421052631578947,1.1613375505703517e-07,76,1,2000
008,1.0,10,0.05,38,0.868421052631579,0.2368421052631578,0.0557575757575756,0.1706081081081081,1.368421052631579,0.3421052631578947,1.222484655727385e-07,76,1,2000
008,1.0,12,0.0416666666666666,38,0.868421052631579,0.2368421052631578,0.1157775255391599,0.2344521941296135,1.368421052631579,0.3421052631578947,1.065298818048177e-07,76,1,2000
008,1.0,14,0.0357142857142857,38,0.9473684210526316,0.2631578947368421,0.0679245283018867,0.2430555555555555,1.368421052631579,0.3421052631578947,1.0836630082167177e-07,76,1,2000
008,1.0,16,0.03125,38,1.0,0.2368421052631578,0.0465949820788529,0.2192928039702233,1.368421052631579,0.3421052631578947,3.0815610330137133e-07,76,1,2000
008,1.0,20,0.025,38,1.0263157894736843,0.2368421052631578,0.0361134995700772,0.2196620583717357,1.368421052631579,0.3421052631578947,2.744477797023137e-06,76,1,2000
008,1.0,25,0.02,38,0.9473684210526316,0.3157894736842105,0.0633802816901408,0.288515406162465,1.368421052631579,0.3421052631578947,6.546372333104955e-07,76,1,2000
008,1.0,30,0.0166666666666666,38,0.7894736842105263,0.4210526315789473,0.1312127236580517,0.3672964462438147,1.368421052631579,0.3421052631578947,1.4920088915459928e-06,76,1,2000
008,1.0,40,0.0125,38,0.7631578947368421,0.4473684210526316,0.1424272818455367,0.3864957264957265,1.368421052631579,0.3421052631578947,5.30453974079137e-07,76,1,2000
008,1.0,50,0.01,38,0.6052631578947368,0.4473684210526316,0.2825174825174825,0.4110835401157982,1.368421052631579,0.3421052631578947,6.461257839873724e-07,76,1,2000
008,1.0,60,0.0083333333333333,38,0.6578947368421053,0.3684210526315789,0.2618705035971224,0.3772486772486772,1.368421052631579,0.3421052631578947,1.1116055702586891e-06,76,1,2000
008,1.0,75,0.0066666666666666,38,0.631578947368421,0.3684210526315789,0.2524590163934427,0.459314954051796,1.368421052631579,0.3421052631578947,1.4030582633495214e-06,76,1,2000
008,2.0,1,1.0,38,0.9473684210526316,0.3947368421052631,0.078459343794579,0.2653907496012759,1.368421052631579,0.3421052631578947,7.522495707235066e-06,76,1,2000
008,2.0,2,0.5,38,0.9473684210526316,0.3947368421052631,0.0664739884393063,0.2583333333333333,1.368421052631579,0.3421052631578947,1.3483154361892955e-06,76,1,2000
008,2.0,3,0.3333333333333333,38,1.131578947368421,0.2631578947368421,0.0253324889170361,0.152074592074592,1.368421052631579,0.3421052631578947,9.27507599612909e-08,76,1,2000
008,2.0,4,0.25,38,1.0,0.3157894736842105,0.0651230101302459,0.2175824175824176,1.368421052631579,0.3421052631578947,2.076968002029389e-07,76,1,2000
008,2.0,5,0.2,38,0.8157894736842105,0.3157894736842105,0.0932297447280798,0.2411616161616161,1.368421052631579,0.3421052631578947,2.02070893351447e-07,76,1,2000
008,2.0,6,0.1666666666666666,38,0.7105263157894737,0.3684210526315789,0.1867704280155642,0.3431158541515078,1.368421052631579,0.3421052631578947,6.564471988212972e-08,76,1,2000
008,2.0,8,0.125,38,0.7105263157894737,0.3684210526315789,0.1230769230769232,0.261373035566584,1.368421052631579,0.3421052631578947,8.789573513467985e-08,76,1,2000
008,2.0,10,0.1,38,0.868421052631579,0.2368421052631578,0.0557575757575756,0.1706081081081081,1.368421052631579,0.3421052631578947,9.091363750712844e-08,76,1,2000
008,2.0,12,0.0833333333333333,38,0.8157894736842105,0.2631578947368421,0.1478787878787878,0.2658462033462033,1.368421052631579,0.3421052631578947,1.0847463016716576e-07,76,1,2000
008,2.0,14,0.0714285714285714,38,0.8947368421052632,0.2894736842105263,0.0916334661354582,0.2664141414141414,1.368421052631579,0.3421052631578947,9.835002856561915e-08,76,1,2000
008,2.0,16,0.0625,38,1.0,0.2368421052631578,0.0465949820788529,0.2192928039702233,1.368421052631579,0.3421052631578947,4.7807399823796e-05,76,1,2000
008,2.0,20,0.05,38,1.0263157894736843,0.2368421052631578,0.0361134995700772,0.2196620583717357,1.368421052631579,0.3421052631578947,1.376492832605436e-06,76,1,2000
008,2.0,25,0.04,38,0.8947368421052632,0.3421052631578947,0.0851851851851851,0.3084249084249084,1.368421052631579,0.3421052631578947,1.1714570064214058e-05,76,1,2000
008,2.0,30,0.0333333333333333,38,0.7894736842105263,0.4210526315789473,0.1312127236580517,0.3672964462438147,1.368421052631579,0.3421052631578947,2.861477332771756e-05,76,1,2000
008,2.0,40,0.025,38,0.7368421052631579,0.4473684210526316,0.1600000000000001,0.3853923853923853,1.368421052631579,0.3421052631578947,3.798380203079432e-05,76,1,2000
008,2.0,50,0.02,38,0.6052631578947368,0.4473684210526316,0.2825174825174825,0.4110835401157982,1.368421052631579,0.3421052631578947,2.8489075702964328e-05,76,1,2000
008,2.0,60,0.0166666666666666,38,0.6578947368421053,0.3684210526315789,0.2618705035971224,0.3772486772486772,1.368421052631579,0.3421052631578947,9.266634606319712e-07,76,1,2000
008,2.0,75,0.0133333333333333,38,0.631578947368421,0.3684210526315789,0.2524590163934427,0.459314954051796,1.368421052631579,0.3421052631578947,1.842879646574147e-05,76,1,2000
008,5.0,1,2.5,38,1.0,0.4210526315789473,0.0546116504854368,0.2865384615384615,1.368421052631579,0.3421052631578947,0.0031457380391657,76,1,2000
008,5.0,2,1.25,38,1.0263157894736843,0.3947368421052631,0.0378279438682124,0.2635964912280701,1.368421052631579,0.3421052631578947,3.558660318958573e-05,76,1,2000
008,5.0,3,0.8333333333333334,38,1.105263157894737,0.3157894736842105,0.029691211401425,0.2232142857142857,1.368421052631579,0.3421052631578947,0.000183786440175,76,1,2000
008,5.0,4,0.625,38,0.9736842105263158,0.3947368421052631,0.0672494956287829,0.2142173615857826,1.368421052631579,0.3421052631578947,1.2843704553233692e-06,76,1,2000
008,5.0,5,0.5,38,0.868421052631579,0.3684210526315789,0.0785219399538107,0.2654249871991807,1.368421052631579,0.3421052631578947,2.2564447135664523e-05,76,1,2000
008,5.0,6,0.4166666666666667,38,0.631578947368421,0.4736842105263157,0.2225063938618925,0.402014652014652,1.368421052631579,0.3421052631578947,6.715886229358148e-07,76,1,2000
008,5.0,8,0.3125,38,0.6578947368421053,0.4210526315789473,0.2177954847277556,0.3768472906403941,1.368421052631579,0.3421052631578947,3.462291260802885e-06,76,1,2000
008,5.0,10,0.25,38,0.8157894736842105,0.2631578947368421,0.1478787878787878,0.2658462033462033,1.368421052631579,0.3421052631578947,5.979439521297536e-08,76,1,2000
008,5.0,12,0.2083333333333333,38,0.7368421052631579,0.3421052631578947,0.1904761904761904,0.3271708683473389,1.368421052631579,0.3421052631578947,1.2944788352342584e-07,76,1,2000
008,5.0,14,0.1785714285714285,38,0.7894736842105263,0.3947368421052631,0.1200000000000001,0.3426573426573427,1.368421052631579,0.3421052631578947,1.101774174117054e-07,76,1,2000
008,5.0,16,0.15625,38,0.9473684210526316,0.2368421052631578,0.0704500978473581,0.221263872117762,1.368421052631579,0.3421052631578947,0.0005270342808216,76,1,2000
008,5.0,20,0.125,38,1.0789473684210529,0.2368421052631578,0.0175019888623707,0.2226084538375973,1.368421052631579,0.3421052631578947,4.278836058801971e-06,76,1,2000
008,5.0,25,0.1,38,0.868421052631579,0.3421052631578947,0.0987415295256535,0.3077723043240284,1.368421052631579,0.3421052631578947,2.7116973342344863e-06,76,1,2000
008,5.0,30,0.0833333333333333,38,0.7631578947368421,0.4210526315789473,0.1480709071949948,0.366648945596314,1.368421052631579,0.3421052631578947,1.5346866348409094e-05,76,1,2000
008,5.0,40,0.0625,38,0.7105263157894737,0.4473684210526316,0.1794019933554818,0.3857549857549857,1.368421052631579,0.3421052631578947,1.738137825668673e-06,76,1,2000
008,5.0,50,0.05,38,0.6052631578947368,0.4473684210526316,0.2825174825174825,0.4110835401157982,1.368421052631579,0.3421052631578947,5.662981266141287e-07,76,1,2000
008,5.0,60,0.0416666666666666,38,0.6578947368421053,0.3684210526315789,0.2618705035971224,0.3772486772486772,1.368421052631579,0.3421052631578947,8.067297130764928e-06,76,1,2000
008,5.0,75,0.0333333333333333,38,0.631578947368421,0.3684210526315789,0.2524590163934427,0.459314954051796,1.368421052631579,0.3421052631578947,6.466312356678827e-07,76,1,2000
009,0.005,1,0.0025,40,0.75,0.575,0.6730769230769231,0.3338669950738916,0.65,0.725,0.0014672748511657,76,1,2000
009,0.005,2,0.00125,40,0.675,0.725,0.6263837638376384,0.3587044534412955,0.65,0.725,0.0012741344980895,76,1,2000
009,0.005,3,0.0008333333333333,40,1.125,0.425,0.4342359767891682,0.1837837837837838,0.65,0.725,0.0009972382104024,76,1,2000
009,0.005,4,0.000625,40,1.15,0.45,0.4339622641509434,0.1846153846153846,0.65,0.725,0.0008379837381653,76,1,2000
009,0.005,5,0.0005,40,1.075,0.45,0.4704198473282442,0.1846153846153846,0.65,0.725,0.0007223817519843,76,1,2000
009,0.005,6,0.0004166666666666,40,1.35,0.45,0.2948717948717949,0.1756097560975609,0.65,0.725,0.0006406424217857,76,1,2000
009,0.005,8,0.0003125,40,1.325,0.45,0.2968750000000001,0.1756097560975609,0.65,0.725,0.000517891603522,76,1,2000
009,0.005,10,0.00025,40,0.85,0.625,0.6124031007751938,0.3342857142857142,0.65,0.725,0.0005828954163007,76,1,2000
009,0.005,12,0.0002083333333333,40,1.0,0.6,0.5378787878787878,0.2898954703832753,0.65,0.725,0.0005171484663151,76,1,2000
009,0.005,14,0.0001785714285714,40,1.05,0.6,0.518796992481203,0.3623693379790941,0.65,0.725,0.0005223107291385,76,1,2000
009,0.005,16,0.00015625,40,0.25,0.875,0.9090909090909092,0.4611919611919612,0.65,0.725,0.0008986487518996,76,1,2000
009,0.005,20,0.000125,40,0.975,0.45,0.5254403131115459,0.225,0.65,0.725,0.001024825614877,76,1,2000
009,0.005,25,0.0001,40,0.275,0.875,0.8866947232113953,0.6074977416440831,0.65,0.725,0.0010338093852624,76,1,2000
009,0.005,30,8.333333333333333e-05,40,0.15,0.925,0.940983606557377,0.7994192799070848,0.65,0.725,0.0014460626989603,76,1,2000
009,0.005,40,6.25e-05,40,0.275,0.85,0.9070567986230637,0.5638314785373608,0.65,0.725,0.0017691288376227,76,1,2000
009,0.005,50,5e-05,40,0.175,0.9,0.9372937293729372,0.4800853485064011,0.65,0.725,0.0024552757386118,76,1,2000
009,0.005,60,4.1666666666666665e-05,40,0.15,0.925,0.942455242966752,0.6332674137552187,0.65,0.725,0.0025135949254035,76,1,2000
009,0.005,75,3.3333333333333335e-05,40,0.55,0.775,0.7541703248463565,0.6864074993107252,0.65,0.725,0.0031111363787204,76,1,2000
009,0.005,90,2.777777777777778e-05,40,0.575,0.8,0.7210084033613446,0.6856304985337244,0.65,0.725,0.0033604481723159,76,1,2000
009,0.01,1,0.005,40,0.75,0.575,0.6730769230769231,0.3338669950738916,0.65,0.725,0.0011881138198077,76,1,2000
009,0.01,2,0.0025,40,0.725,0.675,0.6128731343283582,0.3394736842105262,0.65,0.725,0.0011516008526086,76,1,2000
009,0.01,3,0.0016666666666666,40,1.2,0.425,0.3977055449330784,0.1837837837837838,0.65,0.725,0.0008071736083365,76,1,2000
009,0.01,4,0.00125,40,1.2,0.45,0.4045368620037807,0.1846153846153846,0.65,0.725,0.000685746432282,76,1,2000
009,0.01,5,0.001,40,1.125,0.45,0.4407265774378585,0.1846153846153846,0.65,0.725,0.0005828693974763,76,1,2000
009,0.01,6,0.0008333333333333,40,1.225,0.45,0.3796641791044776,0.18,0.65,0.725,0.0005242576007731,76,1,2000
009,0.01,8,0.000625,40,1.275,0.45,0.3287037037037036,0.1756097560975609,0.65,0.725,0.000428417843068,76,1,2000
009,0.01,10,0.0005,40,0.725,0.725,0.6436781609195402,0.4371428571428571,0.65,0.725,0.0004891061689704,76,1,2000
009,0.01,12,0.0004166666666666,40,0.8,0.675,0.6230769230769231,0.3942857142857143,0.65,0.725,0.0004383615159895,76,1,2000
009,0.01,14,0.0003571428571428,40,0.925,0.6,0.5791505791505791,0.2942857142857143,0.65,0.725,0.0004826753574889,76,1,2000
009,0.01,16,0.0003125,40,0.225,0.875,0.9250081512879036,0.4611919611919612,0.65,0.725,0.0010571139864623,76,1,2000
009,0.01,20,0.00025,40,0.95,0.45,0.5535714285714286,0.1846153846153846,0.65,0.725,0.0011571710929274,76,1,2000
009,0.01,25,0.0002,40,0.275,0.875,0.8866947232113953,0.6074977416440831,0.65,0.725,0.000960617151577,76,1,2000
009,0.01,30,0.0001666666666666,40,0.05,0.95,0.9934683213585892,0.8166666666666668,0.65,0.725,0.0013424667995423,76,1,2000
009,0.01,40,0.000125,40,0.25,0.875,0.9107296137339056,0.6304981452040275,0.65,0.725,0.0015164300566539,76,1,2000
009,0.01,50,0.0001,40,0.15,0.925,0.9407407407407408,0.6050853485064012,0.65,0.725,0.0020373279694467,76,1,2000
009,0.01,60,8.333333333333333e-05,40,0.15,0.925,0.942455242966752,0.6332674137552187,0.65,0.725,0.0021284036338329,76,1,2000
009,0.01,75,6.666666666666667e-05,40,0.55,0.775,0.7541703248463565,0.6864074993107252,0.65,0.725,0.0026620244607329,76,1,2000
009,0.01,90,5.555555555555556e-05,40,0.575,0.8,0.7210084033613446,0.6856304985337244,0.65,0.725,0.0029587177559733,76,1,2000
009,0.02,1,0.01,40,0.625,0.625,0.7435897435897436,0.4423963133640552,0.65,0.725,0.0005981869762763,76,1,2000
009,0.02,2,0.005,40,0.675,0.725,0.6263837638376384,0.3587044534412955,0.65,0.725,0.0006661560037173,76,1,2000
009,0.02,3,0.0033333333333333,40,1.125,0.425,0.4342359767891682,0.1837837837837838,0.65,0.725,0.0004455959133338,76,1,2000
009,0.02,4,0.0025,40,1.175,0.45,0.4165085388994307,0.1846153846153846,0.65,0.725,0.0004143822006881,76,1,2000
009,0.02,5,0.002,40,1.1,0.45,0.4529750479846448,0.1846153846153846,0.65,0.725,0.0003360339906066,76,1,2000
009,0.02,6,0.0016666666666666,40,1.15,0.45,0.4285714285714286,0.1846153846153846,0.65,0.725,0.0003142532077617,76,1,2000
009,0.02,8,0.00125,40,1.2,0.5,0.3566176470588235,0.2289430894308943,0.65,0.725,0.0002604144392535,76,1,2000
009,0.02,10,0.001,40,0.65,0.75,0.6717557251908397,0.4442857142857143,0.65,0.725,0.000276449805824,76,1,2000
009,0.02,12,0.0008333333333333,40,0.725,0.725,0.6436781609195402,0.4371428571428571,0.65,0.725,0.0002568078052718,76,1,2000
009,0.02,14,0.0007142857142857,40,0.775,0.7,0.6283524904214559,0.4173626373626374,0.65,0.725,0.0003151520213577,76,1,2000
009,0.02,16,0.000625,40,0.2,0.875,0.9349381912817176,0.6149226149226149,0.65,0.725,0.001091529498808,76,1,2000
009,0.02,20,0.0005,40,0.95,0.45,0.5535714285714286,0.1846153846153846,0.65,0.725,0.0011708154343068,76,1,2000
009,0.02,25,0.0004,40,0.175,0.9,0.9387294421154466,0.6243243243243244,0.65,0.725,0.0007370183011516,76,1,2000
009,0.02,30,0.0003333333333333,40,0.075,0.925,0.9902881191324052,0.6422764227642276,0.65,0.725,0.0011622124584391,76,1,2000
009,0.02,40,0.00025,40,0.2,0.875,0.9316823228010248,0.588831478537361,0.65,0.725,0.0012912492966279,76,1,2000
009,0.02,50,0.0002,40,0.15,0.925,0.9414157851912124,0.7986832986832987,0.65,0.725,0.0015714815817773,76,1,2000
009,0.02,60,0.0001666666666666,40,0.15,0.925,0.942455242966752,0.6332674137552187,0.65,0.725,0.0016809530789032,76,1,2000
009,0.02,75,0.0001333333333333,40,0.55,0.775,0.7541703248463565,0.6864074993107252,0.65,0.725,0.0020585872698575,76,1,2000
009,0.02,90,0.0001111111111111,40,0.575,0.8,0.7210084033613446,0.6856304985337244,0.65,0.725,0.0023944701533764,76,1,2000
009,0.05,1,0.025,40,0.6,0.625,0.7727272727272727,0.367741935483871,0.65,0.725,5.155045073479414e-05,76,1,2000
009,0.05,2,0.0125,40,0.65,0.75,0.6330275229357798,0.45906432748538,0.65,0.725,7.717307744314894e-05,76,1,2000
009,0.05,3,0.0083333333333333,40,1.0,0.45,0.5224171539961013,0.1894736842105263,0.65,0.725,5.144928945810534e-05,76,1,2000
009,0.05,4,0.00625,40,1.05,0.45,0.4921875,0.1894736842105263,0.65,0.725,6.597329047508538e-05,76,1,2000
009,0.05,5,0.005,40,0.925,0.55,0.5354406130268199,0.2783625730994152,0.65,0.725,5.277907257550396e-05,76,1,2000
009,0.05,6,0.0041666666666666,40,1.05,0.525,0.4642857142857142,0.2552036199095023,0.65,0.725,6.039942309143953e-05,76,1,2000
009,0.05,8,0.003125,40,1.1,0.525,0.4256120527306967,0.2596153846153846,0.65,0.725,5.503862485056743e-05,76,1,2000
009,0.05,10,0.0025,40,0.525,0.775,0.7612732095490716,0.5765160183066361,0.65,0.725,5.198568760533817e-05,76,1,2000
009,0.05,12,0.0020833333333333,40,0.525,0.775,0.7612732095490716,0.5765160183066361,0.65,0.725,5.184784822631627e-05,76,1,2000
009,0.05,14,0.0017857142857142,40,0.575,0.75,0.7258687258687259,0.4400775694893342,0.65,0.725,6.506409408757463e-05,76,1,2000
009,0.05,16,0.0015625,40,0.2,0.875,0.9349381912817176,0.6149226149226149,0.65,0.725,0.0006743873818777,76,1,2000
009,0.05,20,0.00125,40,0.975,0.45,0.5306324110671936,0.1846153846153846,0.65,0.725,0.0007507454138249,76,1,2000
009,0.05,25,0.001,40,0.175,0.9,0.9387294421154466,0.6243243243243244,0.65,0.725,0.0002431155298836,76,1,2000
009,0.05,30,0.0008333333333333,40,0.075,0.925,0.9902881191324052,0.6422764227642276,0.65,0.725,0.0005950985942035,76,1,2000
009,0.05,40,0.000625,40,0.175,0.9,0.9364548494983278,0.8110968110968111,0.65,0.725,0.0007793314289301,76,1,2000
009,0.05,50,0.0005,40,0.15,0.925,0.9414157851912124,0.7986832986832987,0.65,0.725,0.0009113731794059,76,1,2000
009,0.05,60,0.0004166666666666,40,0.05,0.95,0.993581514762516,0.6507936507936508,0.65,0.725,0.0010429139947518,76,1,2000
009,0.05,75,0.0003333333333333,40,0.425,0.825,0.8162911611785095,0.7304131054131053,0.65,0.725,0.0012575198197737,76,1,2000
009,0.05,90,0.0002777777777777,40,0.575,0.8,0.7210084033613446,0.6856304985337244,0.65,0.725,0.0015206615207716,76,1,2000
009,0.1,1,0.05,40,0.575,0.625,0.7878359264497878,0.367741935483871,0.65,0.725,5.6073076848406345e-06,76,1,2000
009,0.1,2,0.025,40,0.65,0.75,0.6330275229357798,0.45906432748538,0.65,0.725,1.9304616216686554e-06,76,1,2000
009,0.1,3,0.0166666666666666,40,0.925,0.475,0.5556640625,0.2144736842105263,0.65,0.725,1.2879372661700472e-06,76,1,2000
009,0.1,4,0.0125,40,1.025,0.45,0.5049019607843137,0.1894736842105263,0.65,0.725,2.3845086616347544e-06,76,1,2000
009,0.1,5,0.01,40,0.825,0.6,0.575381679389313,0.3094736842105263,0.65,0.725,1.908902049763128e-06,76,1,2000
009,0.1,6,0.0083333333333333,40,1.025,0.55,0.4669811320754716,0.2787330316742081,0.65,0.725,2.972060656247777e-06,76,1,2000
009,0.1,8,0.00625,40,1.05,0.55,0.4454887218045112,0.2787330316742081,0.65,0.725,3.256690661146422e-06,76,1,2000
009,0.1,10,0.005,40,0.525,0.775,0.7831325301204819,0.5392614601018676,0.65,0.725,3.3633975817792816e-06,76,1,2000
009,0.1,12,0.0041666666666666,40,0.525,0.775,0.7831325301204819,0.5392614601018676,0.65,0.725,3.772791160372435e-06,76,1,2000
009,0.1,14,0.0035714285714285,40,0.525,0.775,0.754863813229572,0.5741436925647452,0.65,0.725,4.726154656964354e-06,76,1,2000
009,0.1,16,0.003125,40,0.2,0.875,0.9349381912817176,0.6149226149226149,0.65,0.725,0.0001745859772199,76,1,2000
009,0.1,20,0.0025,40,0.975,0.45,0.5306324110671936,0.1846153846153846,0.65,0.725,0.0002146718907169,76,1,2000
009,0.1,25,0.002,40,0.175,0.9,0.9387294421154466,0.6243243243243244,0.65,0.725,4.889557021670044e-05,76,1,2000
009,0.1,30,0.0016666666666666,40,0.175,0.9,0.9387294421154466,0.6243243243243244,0.65,0.725,0.0002151074586436,76,1,2000
009,0.1,40,0.00125,40,0.125,0.9,0.9762308998302208,0.6150793650793651,0.65,0.725,0.0003566395316738,76,1,2000
009,0.1,50,0.001,40,0.075,0.925,0.9901153212520593,0.7743589743589744,0.65,0.725,0.0003999094478785,76,1,2000
009,0.1,60,0.0008333333333333,40,0.05,0.95,0.993581514762516,0.6507936507936508,0.65,0.725,0.0005176066770218,76,1,2000
009,0.1,75,0.0006666666666666,40,0.425,0.825,0.8162911611785095,0.7304131054131053,0.65,0.725,0.0007129599107429,76,1,2000
009,0.1,90,0.0005555555555555,40,0.525,0.825,0.7478991596638656,0.7007820136852395,0.65,0.725,0.0008502218988724,76,1,2000
009,0.2,1,0.1,40,0.5,0.65,0.8269646719538573,0.3600574712643678,0.65,0.725,8.37435095490946e-07,76,1,2000
009,0.2,2,0.05,40,0.65,0.75,0.6330275229357798,0.45906432748538,0.65,0.725,2.2085266948579374e-07,76,1,2000
009,0.2,3,0.0333333333333333,40,0.8,0.6,0.6034816247582205,0.3145945945945946,0.65,0.725,1.596880139231871e-07,76,1,2000
009,0.2,4,0.025,40,0.975,0.45,0.5306324110671936,0.1894736842105263,0.65,0.725,2.520064583677595e-07,76,1,2000
009,0.2,5,0.02,40,0.8,0.625,0.5825426944971537,0.3228070175438596,0.65,0.725,1.279156123246139e-07,76,1,2000
009,0.2,6,0.0166666666666666,40,0.875,0.6,0.53125,0.3109311740890688,0.65,0.725,1.068906598788999e-07,76,1,2000
009,0.2,8,0.0125,40,0.925,0.6,0.4971804511278196,0.3109311740890688,0.65,0.725,1.0372541225933675e-07,76,1,2000
009,0.2,10,0.01,40,0.475,0.8,0.8143773202834965,0.5344197138314786,0.65,0.725,9.144000756577952e-08,76,1,2000
009,0.2,12,0.0083333333333333,40,0.5,0.8,0.7930574098798397,0.5280185758513931,0.65,0.725,8.568092368932413e-08,76,1,2000
009,0.2,14,0.0071428571428571,40,0.525,0.775,0.7728911319394376,0.5701754385964912,0.65,0.725,8.238355064804638e-08,76,1,2000
009,0.2,16,0.00625,40,0.2,0.875,0.9349381912817176,0.6149226149226149,0.65,0.725,6.218293492565863e-06,76,1,2000
009,0.2,20,0.005,40,0.9,0.475,0.5900000000000001,0.2180451127819548,0.65,0.725,9.239915925718378e-06,76,1,2000
009,0.2,25,0.004,40,0.175,0.9,0.9387294421154466,0.6243243243243244,0.65,0.725,2.3341342512139818e-06,76,1,2000
009,0.2,30,0.0033333333333333,40,0.25,0.85,0.9210526315789472,0.4537695590327169,0.65,0.725,3.656548506114632e-05,76,1,2000
009,0.2,40,0.0025,40,0.175,0.875,0.9556010928961748,0.5892857142857143,0.65,0.725,0.0001066270269802,76,1,2000
009,0.2,50,0.002,40,0.05,0.95,0.993581514762516,0.6507936507936508,0.65,0.725,0.0001229894842253,76,1,2000
009,0.2,60,0.0016666666666666,40,0.05,0.95,0.993581514762516,0.6507936507936508,0.65,0.725,0.0001622158597456,76,1,2000
009,0.2,75,0.0013333333333333,40,0.2,0.9,0.9317988064791134,0.7961816305469555,0.65,0.725,0.0002727443934418,76,1,2000
009,0.2,90,0.0011111111111111,40,0.3,0.9,0.861202908129544,0.7797744890768147,0.65,0.725,0.0003141709894407,76,1,2000
009,0.5,1,0.25,40,0.45,0.725,0.8329078672545834,0.3847619047619047,0.65,0.725,4.1383937059435993e-05,76,1,2000
009,0.5,2,0.125,40,0.625,0.75,0.6607806691449815,0.4654654654654654,0.65,0.725,7.305946382984985e-06,76,1,2000
009,0.5,3,0.0833333333333333,40,0.675,0.7,0.6475563909774436,0.3545945945945946,0.65,0.725,3.2716482110117795e-06,76,1,2000
009,0.5,4,0.0625,40,0.825,0.6,0.5865758754863813,0.3209103840682788,0.65,0.725,6.006191597407451e-06,76,1,2000
009,0.5,5,0.05,40,0.675,0.725,0.6507936507936508,0.4018409714061888,0.65,0.725,1.705086333458894e-06,76,1,2000
009,0.5,6,0.0416666666666666,40,0.75,0.7,0.6073955717872632,0.3993564993564993,0.65,0.725,2.0172960546460675e-07,76,1,2000
009,0.5,8,0.03125,40,0.825,0.65,0.5673952641165756,0.3701754385964911,0.65,0.725,7.128429047043029e-08,76,1,2000
009,0.5,10,0.025,40,0.475,0.775,0.8286865972455493,0.3431660231660232,0.65,0.725,6.783525208220453e-08,76,1,2000
009,0.5,12,0.0208333333333333,40,0.475,0.8,0.8143773202834965,0.5344197138314786,0.65,0.725,5.7412638199139117e-08,76,1,2000
009,0.5,14,0.0178571428571428,40,0.5,0.775,0.8092643051771117,0.5083947583947583,0.65,0.725,5.9198068669275023e-08,76,1,2000
009,0.5,16,0.015625,40,0.2,0.875,0.9349381912817176,0.6149226149226149,0.65,0.725,1.455185838494799e-07,76,1,2000
009,0.5,20,0.0125,40,0.825,0.5,0.6490384615384616,0.2545945945945946,0.65,0.725,1.3025879752603944e-07,76,1,2000
009,0.5,25,0.01,40,0.25,0.85,0.9210526315789472,0.4537695590327169,0.65,0.725,9.3406065104773e-08,76,1,2000
009,0.5,30,0.0083333333333333,40,0.325,0.825,0.8885135135135135,0.4212612612612613,0.65,0.725,1.885683076352507e-07,76,1,2000
009,0.5,40,0.00625,40,0.275,0.825,0.9136740331491712,0.5513240513240514,0.65,0.725,2.5737087980814977e-06,76,1,2000
009,0.5,50,0.005,40,0.125,0.925,0.9644588045234248,0.4817073170731707,0.65,0.725,6.565105650224723e-06,76,1,2000
009,0.5,60,0.0041666666666666,40,0.1,0.925,0.980532121998702,0.4817073170731707,0.65,0.725,1.112472455133684e-05,76,1,2000
009,0.5,75,0.0033333333333333,40,0.1,0.925,0.980456026058632,0.4809523809523809,0.65,0.725,2.1799101887154396e-05,76,1,2000
009,0.5,90,0.0027777777777777,40,0.25,0.9,0.890038809831824,0.6167557932263814,0.65,0.725,2.3678467186982743e-05,76,1,2000
009,1.0,1,0.5,40,0.45,0.725,0.8329078672545834,0.3847619047619047,0.65,0.725,0.0002229744131909,76,1,2000
009,1.0,2,0.25,40,0.65,0.75,0.6448598130841122,0.3792099792099792,0.65,0.725,1.6573872017033864e-06,76,1,2000
009,1.0,3,0.1666666666666666,40,0.625,0.75,0.6669793621013134,0.3792099792099792,0.65,0.725,3.721296934600105e-06,76,1,2000
009,1.0,4,0.125,40,0.725,0.7,0.6150190114068441,0.3685076380728554,0.65,0.725,2.284273796249181e-05,76,1,2000
009,1.0,5,0.1,40,0.65,0.725,0.6888504753673294,0.4193564993564994,0.65,0.725,0.0001048336562234,76,1,2000
009,1.0,6,0.0833333333333333,40,0.7,0.7,0.6626297577854672,0.4079279279279279,0.65,0.725,2.2623298718826845e-06,76,1,2000
009,1.0,8,0.0625,40,0.725,0.7,0.6359550561797753,0.3967923967923968,0.65,0.725,6.753769412171096e-06,76,1,2000
009,1.0,10,0.05,40,0.4,0.8,0.8599066044029353,0.3501501501501501,0.65,0.725,2.477872158124228e-06,76,1,2000
009,1.0,12,0.0416666666666666,40,0.425,0.8,0.8495486459378134,0.3501501501501501,0.65,0.725,9.245460574902609e-08,76,1,2000
009,1.0,14,0.0357142857142857,40,0.5,0.775,0.8092643051771117,0.5083947583947583,0.65,0.725,5.068761410598199e-08,76,1,2000
009,1.0,16,0.03125,40,0.225,0.875,0.9250081512879036,0.4611919611919612,0.65,0.725,8.567828757577446e-08,76,1,2000
009,1.0,20,0.025,40,0.75,0.55,0.6816479400749065,0.3061330561330561,0.65,0.725,8.024230169212387e-08,76,1,2000
009,1.0,25,0.02,40,0.325,0.8,0.9026518966096004,0.4376876876876877,0.65,0.725,6.553636922035366e-08,76,1,2000
009,1.0,30,0.0166666666666666,40,0.35,0.825,0.8702001081665766,0.4917732779801745,0.65,0.725,1.0407833173076143e-07,76,1,2000
009,1.0,40,0.0125,40,0.325,0.8,0.8965763195435092,0.562940212940213,0.65,0.725,1.1030681434931466e-07,76,1,2000
009,1.0,50,0.01,40,0.15,0.925,0.942455242966752,0.6332674137552187,0.65,0.725,1.1905206775963961e-07,76,1,2000
009,1.0,60,0.0083333333333333,40,0.125,0.925,0.9644588045234248,0.4817073170731707,0.65,0.725,1.678799321780389e-07,76,1,2000
009,1.0,75,0.0066666666666666,40,0.125,0.9,0.9769963851462372,0.4745644599303136,0.65,0.725,3.0665361805404245e-07,76,1,2000
009,1.0,90,0.0055555555555555,40,0.125,0.925,0.9642508937276568,0.6412698412698412,0.65,0.725,5.468806421049521e-07,76,1,2000
009,2.0,1,1.0,40,0.475,0.725,0.8177570093457944,0.3968498168498168,0.65,0.725,0.0001763273030519,76,1,2000
009,2.0,2,0.5,40,0.625,0.75,0.6669793621013134,0.3792099792099792,0.65,0.725,4.255990916135488e-06,76,1,2000
009,2.0,3,0.3333333333333333,40,0.575,0.75,0.705056179775281,0.3723723723723723,0.65,0.725,1.6235557268373668e-05,76,1,2000
009,2.0,4,0.25,40,0.7,0.725,0.6161048689138577,0.3705945945945946,0.65,0.725,0.0003108055971097,76,1,2000
009,2.0,5,0.2,40,0.65,0.725,0.6829477292202228,0.5144553644553644,0.65,0.725,4.285737304599024e-05,76,1,2000
009,2.0,6,0.1666666666666666,40,0.65,0.725,0.6829477292202228,0.5144553644553644,0.65,0.725,3.896118141710758e-05,76,1,2000
009,2.0,8,0.125,40,0.65,0.725,0.6829477292202228,0.5144553644553644,0.65,0.725,4.381494363769889e-06,76,1,2000
009,2.0,10,0.1,40,0.375,0.8,0.870216306156406,0.4376876876876877,0.65,0.725,1.9551540390239097e-05,76,1,2000
009,2.0,12,0.0833333333333333,40,0.45,0.775,0.844804318488529,0.3431660231660232,0.65,0.725,4.5527762893016195e-08,76,1,2000
009,2.0,14,0.0714285714285714,40,0.5,0.775,0.8092643051771117,0.5083947583947583,0.65,0.725,9.586065630173837e-08,76,1,2000
009,2.0,16,0.0625,40,0.225,0.875,0.9250081512879036,0.4611919611919612,0.65,0.725,6.690335396797309e-08,76,1,2000
009,2.0,20,0.05,40,0.625,0.625,0.7404371584699454,0.3691977691977692,0.65,0.725,5.430669716588454e-06,76,1,2000
009,2.0,25,0.04,40,0.375,0.8,0.8708100558659218,0.4445945945945945,0.65,0.725,5.464636387841893e-08,76,1,2000
009,2.0,30,0.0333333333333333,40,0.375,0.825,0.8556090336912254,0.5094094094094095,0.65,0.725,8.446789223626183e-08,76,1,2000
009,2.0,40,0.025,40,0.35,0.8,0.8818418766290183,0.4334834834834835,0.65,0.725,9.81490515528094e-08,76,1,2000
009,2.0,50,0.02,40,0.15,0.925,0.942455242966752,0.6332674137552187,0.65,0.725,9.618820229206905e-08,76,1,2000
009,2.0,60,0.0166666666666666,40,0.15,0.925,0.942455242966752,0.6332674137552187,0.65,0.725,1.1609201067130925e-07,76,1,2000
009,2.0,75,0.0133333333333333,40,0.1,0.9,0.986910994764398,0.4745644599303136,0.65,0.725,1.0202451505847421e-07,76,1,2000
009,2.0,90,0.0111111111111111,40,0.125,0.925,0.9642508937276568,0.6412698412698412,0.65,0.725,9.605496842368667e-08,76,1,2000
009,5.0,1,2.5,40,0.525,0.7,0.7935779816513762,0.3850549450549451,0.65,0.725,0.002019525039941,76,1,2000
009,5.0,2,1.25,40,0.675,0.75,0.6287593984962406,0.3865945945945946,0.65,0.725,0.0007520991493947,76,1,2000
009,5.0,3,0.8333333333333334,40,0.625,0.75,0.6669793621013134,0.3792099792099792,0.65,0.725,0.0016129767755046,76,1,2000
009,5.0,4,0.625,40,0.675,0.75,0.6287593984962406,0.3865945945945946,0.65,0.725,0.0074513023719191,76,1,2000
009,5.0,5,0.5,40,0.65,0.725,0.6888504753673294,0.4193564993564994,0.65,0.725,0.0006025796756148,76,1,2000
009,5.0,6,0.4166666666666667,40,0.65,0.725,0.6888504753673294,0.4193564993564994,0.65,0.725,0.0003348031314089,76,1,2000
009,5.0,8,0.3125,40,0.675,0.725,0.6685320705983642,0.4193564993564994,0.65,0.725,0.0006597977480851,76,1,2000
009,5.0,10,0.25,40,0.45,0.775,0.844804318488529,0.3431660231660232,0.65,0.725,0.0001107169009628,76,1,2000
009,5.0,12,0.2083333333333333,40,0.475,0.775,0.8312090940406476,0.4200491400491401,0.65,0.725,0.0001824132050387,76,1,2000
009,5.0,14,0.1785714285714285,40,0.5,0.775,0.8148148148148149,0.4200491400491401,0.65,0.725,0.00025240983814,76,1,2000
009,5.0,16,0.15625,40,0.275,0.85,0.9050114641336392,0.4537695590327169,0.65,0.725,5.795163360744482e-06,76,1,2000
009,5.0,20,0.125,40,0.625,0.675,0.7104779411764706,0.3670583627105366,0.65,0.725,0.0002181405143346,76,1,2000
009,5.0,25,0.1,40,0.4,0.825,0.8337426790100132,0.510023166023166,0.65,0.725,7.831550163928115e-08,76,1,2000
009,5.0,30,0.0833333333333333,40,0.425,0.8,0.8235294117647058,0.486573204220263,0.65,0.725,4.2443847632966936e-05,76,1,2000
009,5.0,40,0.0625,40,0.35,0.8,0.8818418766290183,0.4334834834834835,0.65,0.725,5.845225814482546e-08,76,1,2000
009,5.0,50,0.05,40,0.225,0.85,0.9310797505743356,0.6050260787102892,0.65,0.725,5.822681032441324e-06,76,1,2000
009,5.0,60,0.0416666666666666,40,0.125,0.925,0.9644588045234248,0.4817073170731707,0.65,0.725,1.1609226646669413e-07,76,1,2000
009,5.0,75,0.0333333333333333,40,0.125,0.9,0.9769963851462372,0.4745644599303136,0.65,0.725,6.934706675565394e-08,76,1,2000
009,5.0,90,0.0277777777777777,40,0.125,0.9,0.9769963851462372,0.4745644599303136,0.65,0.725,8.335261725278542e-08,76,1,2000
010,0.005,1,0.0025,38,1.131578947368421,0.3421052631578947,0.4263079222720478,0.2153846153846154,1.7894736842105263,0.2631578947368421,0.0016630630707368,76,1,2000
010,0.005,2,0.00125,38,1.1842105263157894,0.5,-0.0124954061006983,0.1826923076923076,1.7894736842105263,0.2631578947368421,0.0013145515695214,76,1,2000
010,0.005,3,0.0008333333333333,38,1.236842105263158,0.5789473684210527,-0.0156622403813413,0.1833333333333333,1.7894736842105263,0.2631578947368421,0.0014738388126716,76,1,2000
010,0.005,4,0.000625,38,1.0263157894736843,0.5789473684210527,0.4430947979931344,0.3733333333333333,1.7894736842105263,0.2631578947368421,0.0021430328488349,76,1,2000
010,0.005,5,0.0005,38,0.7894736842105263,0.7105263157894737,0.390443686006826,0.3522875816993464,1.7894736842105263,0.2631578947368421,0.0018619279144331,76,1,2000
010,0.005,6,0.0004166666666666,38,1.0263157894736843,0.6052631578947368,0.233712512926577,0.2713675213675214,1.7894736842105263,0.2631578947368421,0.0022521412465721,76,1,2000
010,0.005,8,0.0003125,38,0.6842105263157895,0.7631578947368421,0.5591160220994476,0.6944232238349884,1.7894736842105263,0.2631578947368421,0.0027699898928403,76,1,2000
010,0.005,10,0.00025,38,0.7368421052631579,0.7368421052631579,0.5360710321864595,0.6714285714285714,1.7894736842105263,0.2631578947368421,0.0023487017024308,76,1,2000
010,0.005,12,0.0002083333333333,38,0.6842105263157895,0.7631578947368421,0.5322391559202813,0.649158249158249,1.7894736842105263,0.2631578947368421,0.0027908128686249,76,1,2000
010,0.005,14,0.0001785714285714,38,0.6842105263157895,0.7894736842105263,0.4638036809815951,0.7081930415263749,1.7894736842105263,0.2631578947368421,0.0024917984846979,76,1,2000
010,0.005,16,0.00015625,38,0.6842105263157895,0.7894736842105263,0.4638036809815951,0.7081930415263749,1.7894736842105263,0.2631578947368421,0.002218063455075,76,1,2000
010,0.005,20,0.000125,38,0.7105263157894737,0.7631578947368421,0.4561403508771929,0.4993265993265993,1.7894736842105263,0.2631578947368421,0.0024400756228715,76,1,2000
010,0.005,25,0.0001,38,0.7368421052631579,0.7894736842105263,0.3674775928297055,0.6950617283950616,1.7894736842105263,0.2631578947368421,0.0030582090839743,76,1,2000
010,0.005,30,8.333333333333333e-05,38,0.868421052631579,0.7368421052631579,0.2318743735382559,0.4464646464646464,1.7894736842105263,0.2631578947368421,0.0038411058485507,76,1,2000
010,0.005,40,6.25e-05,38,0.6842105263157895,0.7368421052631579,0.5948372615039281,0.5302197802197802,1.7894736842105263,0.2631578947368421,0.0037315892986953,76,1,2000
010,0.005,50,5e-05,38,0.6052631578947368,0.7894736842105263,0.5657465123181953,0.5336477987421383,1.7894736842105263,0.2631578947368421,0.0041147680021822,76,1,2000
010,0.005,60,4.1666666666666665e-05,38,0.4210526315789473,0.868421052631579,0.6946039035591274,0.834841628959276,1.7894736842105263,0.2631578947368421,0.0037461800966411,76,1,2000
010,0.005,75,3.3333333333333335e-05,38,0.3157894736842105,0.8947368421052632,0.7891231964483907,0.8701587301587302,1.7894736842105263,0.2631578947368421,0.0041820192709565,76,1,2000
010,0.005,90,2.777777777777778e-05,38,0.2631578947368421,0.9210526315789472,0.8093645484949832,0.9063317634746206,1.7894736842105263,0.2631578947368421,0.00452162604779,76,1,2000
010,0.01,1,0.005,38,1.131578947368421,0.3684210526315789,0.4110743304243155,0.2230769230769231,1.7894736842105263,0.2631578947368421,0.0013213455677032,76,1,2000
010,0.01,2,0.0025,38,1.1842105263157894,0.5,-0.0124954061006983,0.1826923076923076,1.7894736842105263,0.2631578947368421,0.0011400583898648,76,1,2000
010,0.01,3,0.0016666666666666,38,1.263157894736842,0.5526315789473685,-0.0316151202749139,0.1779661016949152,1.7894736842105263,0.2631578947368421,0.0016255716327577,76,1,2000
010,0.01,4,0.00125,38,1.0789473684210529,0.5263157894736842,0.4198074277854194,0.3636784268363215,1.7894736842105263,0.2631578947368421,0.0019936901517212,76,1,2000
010,0.01,5,0.001,38,0.7894736842105263,0.7105263157894737,0.390443686006826,0.3522875816993464,1.7894736842105263,0.2631578947368421,0.0017613398376852,76,1,2000
010,0.01,6,0.0008333333333333,38,1.105263157894737,0.631578947368421,0.0827586206896551,0.378522062732589,1.7894736842105263,0.2631578947368421,0.0020273944828659,76,1,2000
010,0.01,8,0.000625,38,0.6842105263157895,0.7631578947368421,0.5591160220994476,0.6944232238349884,1.7894736842105263,0.2631578947368421,0.0024809453170746,76,1,2000
010,0.01,10,0.0005,38,0.5789473684210527,0.7894736842105263,0.6545454545454545,0.7284848484848485,1.7894736842105263,0.2631578947368421,0.0022208995651453,76,1,2000
010,0.01,12,0.0004166666666666,38,0.5789473684210527,0.7894736842105263,0.6342015855039638,0.6885090218423552,1.7894736842105263,0.2631578947368421,0.0025368041824549,76,1,2000
010,0.01,14,0.0003571428571428,38,0.6842105263157895,0.7894736842105263,0.4638036809815951,0.7081930415263749,1.7894736842105263,0.2631578947368421,0.0022978528868407,76,1,2000
010,0.01,16,0.0003125,38,0.6842105263157895,0.7894736842105263,0.4638036809815951,0.7081930415263749,1.7894736842105263,0.2631578947368421,0.0020513881463557,76,1,2000
010,0.01,20,0.00025,38,0.6842105263157895,0.7894736842105263,0.4638036809815951,0.7081930415263749,1.7894736842105263,0.2631578947368421,0.0022210266906768,76,1,2000
010,0.01,25,0.0002,38,0.7368421052631579,0.7894736842105263,0.3674775928297055,0.6950617283950616,1.7894736842105263,0.2631578947368421,0.0027532137464731,76,1,2000
010,0.01,30,0.0001666666666666,38,0.868421052631579,0.7368421052631579,0.2318743735382559,0.4464646464646464,1.7894736842105263,0.2631578947368421,0.0034316733945161,76,1,2000
010,0.01,40,0.000125,38,0.6842105263157895,0.7368421052631579,0.5948372615039281,0.5302197802197802,1.7894736842105263,0.2631578947368421,0.0033583065960556,76,1,2000
010,0.01,50,0.0001,38,0.6052631578947368,0.7894736842105263,0.5657465123181953,0.5336477987421383,1.7894736842105263,0.2631578947368421,0.0037037215661257,76,1,2000
010,0.01,60,8.333333333333333e-05,38,0.4210526315789473,0.868421052631579,0.6946039035591274,0.834841628959276,1.7894736842105263,0.2631578947368421,0.0033858672250062,76,1,2000
010,0.01,75,6.666666666666667e-05,38,0.3157894736842105,0.8947368421052632,0.7891231964483907,0.8701587301587302,1.7894736842105263,0.2631578947368421,0.0038516446948051,76,1,2000
010,0.01,90,5.555555555555556e-05,38,0.2631578947368421,0.9210526315789472,0.8093645484949832,0.9063317634746206,1.7894736842105263,0.2631578947368421,0.0042329826392233,76,1,2000
010,0.02,1,0.01,38,1.1578947368421053,0.3421052631578947,0.3778337531486146,0.2,1.7894736842105263,0.2631578947368421,0.0006053076940588,76,1,2000
010,0.02,2,0.005,38,1.1842105263157894,0.5,-0.0124954061006983,0.1826923076923076,1.7894736842105263,0.2631578947368421,0.0006543033523485,76,1,2000
010,0.02,3,0.0033333333333333,38,1.2894736842105263,0.5263157894736842,-0.0478668054110302,0.1724137931034483,1.7894736842105263,0.2631578947368421,0.0013653505593538,76,1,2000
010,0.02,4,0.0025,38,0.868421052631579,0.5789473684210527,0.5740381954054803,0.3733333333333333,1.7894736842105263,0.2631578947368421,0.0013272623764351,76,1,2000
010,0.02,5,0.002,38,0.7631578947368421,0.7368421052631579,0.3733424005440326,0.4583333333333333,1.7894736842105263,0.2631578947368421,0.0012705936096608,76,1,2000
010,0.02,6,0.0016666666666666,38,1.0526315789473684,0.6578947368421053,0.1138545953360767,0.3977011494252873,1.7894736842105263,0.2631578947368421,0.0015312366886064,76,1,2000
010,0.02,8,0.00125,38,0.5789473684210527,0.7894736842105263,0.6545454545454545,0.7284848484848485,1.7894736842105263,0.2631578947368421,0.0018092691898345,76,1,2000
010,0.02,10,0.001,38,0.6052631578947368,0.7631578947368421,0.6484312148028962,0.51,1.7894736842105263,0.2631578947368421,0.0018921880982816,76,1,2000
010,0.02,12,0.0008333333333333,38,0.5526315789473685,0.7631578947368421,0.6841644794400701,0.4836477987421383,1.7894736842105263,0.2631578947368421,0.0020961037371307,76,1,2000
010,0.02,14,0.0007142857142857,38,0.631578947368421,0.7894736842105263,0.552414605418139,0.7061728395061727,1.7894736842105263,0.2631578947368421,0.0019314712844789,76,1,2000
010,0.02,16,0.000625,38,0.5789473684210527,0.8157894736842105,0.5727810650887574,0.7539546407470935,1.7894736842105263,0.2631578947368421,0.0017940001562237,76,1,2000
010,0.02,20,0.0005,38,0.6052631578947368,0.7894736842105263,0.5657465123181953,0.5336477987421383,1.7894736842105263,0.2631578947368421,0.0020088616292923,76,1,2000
010,0.02,25,0.0004,38,0.7368421052631579,0.7894736842105263,0.3674775928297055,0.6950617283950616,1.7894736842105263,0.2631578947368421,0.0024268156848847,76,1,2000
010,0.02,30,0.0003333333333333,38,0.868421052631579,0.7368421052631579,0.2318743735382559,0.4464646464646464,1.7894736842105263,0.2631578947368421,0.0029736466240137,76,1,2000
010,0.02,40,0.00025,38,0.6578947368421053,0.7368421052631579,0.6078597681651117,0.4013986013986014,1.7894736842105263,0.2631578947368421,0.0029080451931804,76,1,2000
010,0.02,50,0.0002,38,0.6052631578947368,0.7894736842105263,0.5657465123181953,0.5336477987421383,1.7894736842105263,0.2631578947368421,0.0031789077911525,76,1,2000
010,0.02,60,0.0001666666666666,38,0.4210526315789473,0.868421052631579,0.6946039035591274,0.834841628959276,1.7894736842105263,0.2631578947368421,0.0029489120934158,76,1,2000
010,0.02,75,0.0001333333333333,38,0.3157894736842105,0.8947368421052632,0.7891231964483907,0.8701587301587302,1.7894736842105263,0.2631578947368421,0.0033734501339495,76,1,2000
010,0.02,90,0.0001111111111111,38,0.2631578947368421,0.9210526315789472,0.8093645484949832,0.9063317634746206,1.7894736842105263,0.2631578947368421,0.0037927599623799,76,1,2000
010,0.05,1,0.025,38,1.0263157894736843,0.3684210526315789,0.4553945249597424,0.21,1.7894736842105263,0.2631578947368421,3.52679708157666e-05,76,1,2000
010,0.05,2,0.0125,38,1.1578947368421053,0.5,-0.0014847809948033,0.1862745098039215,1.7894736842105263,0.2631578947368421,9.138058521784842e-05,76,1,2000
010,0.05,3,0.0083333333333333,38,1.236842105263158,0.5263157894736842,-0.0275715800636267,0.1785714285714285,1.7894736842105263,0.2631578947368421,0.0004756773705594,76,1,2000
010,0.05,4,0.00625,38,0.8947368421052632,0.5263157894736842,0.4810126582278481,0.3085714285714285,1.7894736842105263,0.2631578947368421,0.0002742493234109,76,1,2000
010,0.05,5,0.005,38,0.8421052631578947,0.6842105263157895,0.3063707945597709,0.3,1.7894736842105263,0.2631578947368421,0.0003478097496554,76,1,2000
010,0.05,6,0.0041666666666666,38,1.0526315789473684,0.6578947368421053,0.1138545953360767,0.3977011494252873,1.7894736842105263,0.2631578947368421,0.0005770062562078,76,1,2000
010,0.05,8,0.003125,38,0.5526315789473685,0.7894736842105263,0.663396020714091,0.5442577030812326,1.7894736842105263,0.2631578947368421,0.0007348071667365,76,1,2000
010,0.05,10,0.0025,38,0.6578947368421053,0.7368421052631579,0.6296395193591455,0.461437908496732,1.7894736842105263,0.2631578947368421,0.0010022765491157,76,1,2000
010,0.05,12,0.0020833333333333,38,0.631578947368421,0.7631578947368421,0.5971731448763251,0.6395061728395062,1.7894736842105263,0.2631578947368421,0.0011241676984354,76,1,2000
010,0.05,14,0.0017857142857142,38,0.6578947368421053,0.7631578947368421,0.5453471196454949,0.4907407407407407,1.7894736842105263,0.2631578947368421,0.0011008534347638,76,1,2000
010,0.05,16,0.0015625,38,0.6052631578947368,0.7894736842105263,0.5657465123181953,0.5336477987421383,1.7894736842105263,0.2631578947368421,0.0010903059737756,76,1,2000
010,0.05,20,0.00125,38,0.631578947368421,0.7894736842105263,0.552414605418139,0.7061728395061727,1.7894736842105263,0.2631578947368421,0.0015239825006574,76,1,2000
010,0.05,25,0.001,38,0.7368421052631579,0.7894736842105263,0.3674775928297055,0.6950617283950616,1.7894736842105263,0.2631578947368421,0.0017113091889768,76,1,2000
010,0.05,30,0.0008333333333333,38,0.7631578947368421,0.7631578947368421,0.3591390941214262,0.4947811447811447,1.7894736842105263,0.2631578947368421,0.0022087714169174,76,1,2000
010,0.05,40,0.000625,38,0.5789473684210527,0.7894736842105263,0.6342015855039638,0.6885090218423552,1.7894736842105263,0.2631578947368421,0.0021557915024459,76,1,2000
010,0.05,50,0.0005,38,0.631578947368421,0.7894736842105263,0.5140361821584529,0.5393356643356644,1.7894736842105263,0.2631578947368421,0.0024428686592727,76,1,2000
010,0.05,60,0.0004166666666666,38,0.4210526315789473,0.868421052631579,0.6946039035591274,0.834841628959276,1.7894736842105263,0.2631578947368421,0.0023964210413396,76,1,2000
010,0.05,75,0.0003333333333333,38,0.3421052631578947,0.868421052631579,0.7831895352073477,0.6261038961038962,1.7894736842105263,0.2631578947368421,0.0026122510898858,76,1,2000
010,0.05,90,0.0002777777777777,38,0.2631578947368421,0.9210526315789472,0.8093645484949832,0.9063317634746206,1.7894736842105263,0.2631578947368421,0.0030375488568097,76,1,2000
010,0.1,1,0.05,38,1.0263157894736843,0.3421052631578947,0.4473420260782347,0.2116550116550116,1.7894736842105263,0.2631578947368421,5.177168418413203e-07,76,1,2000
010,0.1,2,0.025,38,1.1578947368421053,0.5,-0.0014847809948033,0.1862745098039215,1.7894736842105263,0.2631578947368421,3.453481895121513e-06,76,1,2000
010,0.1,3,0.0166666666666666,38,1.236842105263158,0.5263157894736842,-0.0275715800636267,0.1785714285714285,1.7894736842105263,0.2631578947368421,5.628355211229064e-05,76,1,2000
010,0.1,4,0.0125,38,0.6842105263157895,0.6842105263157895,0.571964956195244,0.348,1.7894736842105263,0.2631578947368421,1.5703219105489552e-05,76,1,2000
010,0.1,5,0.01,38,1.0,0.631578947368421,0.127690100430416,0.2884353741496598,1.7894736842105263,0.2631578947368421,3.351399936946109e-05,76,1,2000
010,0.1,6,0.0083333333333333,38,1.0,0.6842105263157895,0.1351724137931034,0.4508240297713981,1.7894736842105263,0.2631578947368421,9.705059346742928e-05,76,1,2000
010,0.1,8,0.00625,38,0.631578947368421,0.7105263157894737,0.6448598130841121,0.3503267973856209,1.7894736842105263,0.2631578947368421,0.0001630051410757,76,1,2000
010,0.1,10,0.005,38,0.6842105263157895,0.7368421052631579,0.6171792152704135,0.60997150997151,1.7894736842105263,0.2631578947368421,0.0003102031187154,76,1,2000
010,0.1,12,0.0041666666666666,38,0.6842105263157895,0.7368421052631579,0.5767878077373974,0.5750841750841751,1.7894736842105263,0.2631578947368421,0.0003585411759559,76,1,2000
010,0.1,14,0.0035714285714285,38,0.6842105263157895,0.7631578947368421,0.5322391559202813,0.649158249158249,1.7894736842105263,0.2631578947368421,0.0003853716189041,76,1,2000
010,0.1,16,0.003125,38,0.6578947368421053,0.7631578947368421,0.5453471196454949,0.4907407407407407,1.7894736842105263,0.2631578947368421,0.0004215208464302,76,1,2000
010,0.1,20,0.0025,38,0.6578947368421053,0.7631578947368421,0.5453471196454949,0.4907407407407407,1.7894736842105263,0.2631578947368421,0.0009122271439991,76,1,2000
010,0.1,25,0.002,38,0.8421052631578947,0.7631578947368421,0.2410119840213049,0.6306397306397306,1.7894736842105263,0.2631578947368421,0.0010459197219461,76,1,2000
010,0.1,30,0.0016666666666666,38,0.7368421052631579,0.7894736842105263,0.3674775928297055,0.6950617283950616,1.7894736842105263,0.2631578947368421,0.0013801412424072,76,1,2000
010,0.1,40,0.00125,38,0.5789473684210527,0.7894736842105263,0.6342015855039638,0.6885090218423552,1.7894736842105263,0.2631578947368421,0.001261849887669,76,1,2000
010,0.1,50,0.001,38,0.6578947368421053,0.7894736842105263,0.4769563872564182,0.5351629502572899,1.7894736842105263,0.2631578947368421,0.0015967187937349,76,1,2000
010,0.1,60,0.0008333333333333,38,0.4210526315789473,0.868421052631579,0.6946039035591274,0.834841628959276,1.7894736842105263,0.2631578947368421,0.0017235648119822,76,1,2000
010,0.1,75,0.0006666666666666,38,0.2894736842105263,0.8947368421052632,0.8034665921162986,0.657312925170068,1.7894736842105263,0.2631578947368421,0.0018560474272817,76,1,2000
010,0.1,90,0.0005555555555555,38,0.2105263157894736,0.9473684210526316,0.8297872340425532,0.9384920634920636,1.7894736842105263,0.2631578947368421,0.0022900416515767,76,1,2000
010,0.2,1,0.1,38,1.105263157894737,0.2894736842105263,0.3733333333333333,0.1979797979797979,1.7894736842105263,0.2631578947368421,3.021028760485933e-07,76,1,2000
010,0.2,2,0.05,38,1.1578947368421053,0.5,-0.0014847809948033,0.1862745098039215,1.7894736842105263,0.2631578947368421,2.4380952368119324e-07,76,1,2000
010,0.2,3,0.0333333333333333,38,1.263157894736842,0.5,-0.0442541042112778,0.1727272727272727,1.7894736842105263,0.2631578947368421,5.36552306584781e-07,76,1,2000
010,0.2,4,0.025,38,0.7631578947368421,0.631578947368421,0.498831385642738,0.3111111111111111,1.7894736842105263,0.2631578947368421,2.044171054649269e-07,76,1,2000
010,0.2,5,0.02,38,1.0263157894736843,0.6052631578947368,0.112278160086925,0.2833333333333333,1.7894736842105263,0.2631578947368421,3.030449136076641e-07,76,1,2000
010,0.2,6,0.0166666666666666,38,1.105263157894737,0.6578947368421053,0.0409276944065485,0.4080351537978656,1.7894736842105263,0.2631578947368421,2.089561803586548e-06,76,1,2000
010,0.2,8,0.0125,38,0.7894736842105263,0.7105263157894737,0.4690157958687728,0.5297017797017797,1.7894736842105263,0.2631578947368421,6.18894409853965e-06,76,1,2000
010,0.2,10,0.01,38,0.631578947368421,0.7631578947368421,0.6388595564941921,0.6267295597484277,1.7894736842105263,0.2631578947368421,2.275667247886304e-05,76,1,2000
010,0.2,12,0.0083333333333333,38,0.7368421052631579,0.7368421052631579,0.5122520420070011,0.5793650793650794,1.7894736842105263,0.2631578947368421,3.459401341388002e-05,76,1,2000
010,0.2,14,0.0071428571428571,38,0.7105263157894737,0.7368421052631579,0.5251396648044693,0.4382575757575757,1.7894736842105263,0.2631578947368421,3.285638376837596e-05,76,1,2000
010,0.2,16,0.00625,38,0.6842105263157895,0.7631578947368421,0.5322391559202813,0.649158249158249,1.7894736842105263,0.2631578947368421,4.6536933950847015e-05,76,1,2000
010,0.2,20,0.005,38,0.6842105263157895,0.7631578947368421,0.5322391559202813,0.649158249158249,1.7894736842105263,0.2631578947368421,0.000268379895715,76,1,2000
010,0.2,25,0.004,38,0.8157894736842105,0.7631578947368421,0.2532751091703056,0.4768518518518518,1.7894736842105263,0.2631578947368421,0.00045173135004,76,1,2000
010,0.2,30,0.0033333333333333,38,0.7368421052631579,0.7894736842105263,0.3674775928297055,0.6950617283950616,1.7894736842105263,0.2631578947368421,0.0005869083688594,76,1,2000
010,0.2,40,0.0025,38,0.631578947368421,0.7368421052631579,0.621082621082621,0.4052706552706553,1.7894736842105263,0.2631578947368421,0.0003867274499498,76,1,2000
010,0.2,50,0.002,38,0.5526315789473685,0.8157894736842105,0.5863405905159559,0.5696386946386947,1.7894736842105263,0.2631578947368421,0.0005454148049466,76,1,2000
010,0.2,60,0.0016666666666666,38,0.4473684210526316,0.8421052631578947,0.6881658508494097,0.5996160702043055,1.7894736842105263,0.2631578947368421,0.0007068850682117,76,1,2000
010,0.2,75,0.0013333333333333,38,0.2894736842105263,0.8947368421052632,0.8016925246826516,0.662613981762918,1.7894736842105263,0.2631578947368421,0.0008347688708454,76,1,2000
010,0.2,90,0.0011111111111111,38,0.2105263157894736,0.9473684210526316,0.8297872340425532,0.9384920634920636,1.7894736842105263,0.2631578947368421,0.0012071391101926,76,1,2000
010,0.5,1,0.25,38,1.1842105263157894,0.2631578947368421,0.2798441374424372,0.1688888888888889,1.7894736842105263,0.2631578947368421,0.0001069877689587,76,1,2000
010,0.5,2,0.125,38,1.105263157894737,0.5263157894736842,0.0209111277072442,0.2525,1.7894736842105263,0.2631578947368421,0.0001037682595779,76,1,2000
010,0.5,3,0.0833333333333333,38,1.263157894736842,0.5,-0.0442541042112778,0.1727272727272727,1.7894736842105263,0.2631578947368421,0.0001159584790002,76,1,2000
010,0.5,4,0.0625,38,1.0263157894736843,0.6052631578947368,0.1206960385042577,0.3541666666666666,1.7894736842105263,0.2631578947368421,2.329660674149636e-06,76,1,2000
010,0.5,5,0.05,38,1.0,0.631578947368421,0.1085043988269793,0.3605442176870748,1.7894736842105263,0.2631578947368421,1.1709743148458074e-06,76,1,2000
010,0.5,6,0.0416666666666666,38,1.105263157894737,0.6578947368421053,0.0409276944065485,0.4080351537978656,1.7894736842105263,0.2631578947368421,2.706664190554875e-07,76,1,2000
010,0.5,8,0.03125,38,0.9210526315789472,0.6842105263157895,0.2967415374881367,0.3642543859649122,1.7894736842105263,0.2631578947368421,1.575406685105918e-07,76,1,2000
010,0.5,10,0.025,38,0.7631578947368421,0.6842105263157895,0.5472293999425782,0.2962962962962963,1.7894736842105263,0.2631578947368421,1.9479480783957118e-07,76,1,2000
010,0.5,12,0.0208333333333333,38,0.7631578947368421,0.7105263157894737,0.5051214515657009,0.3720238095238095,1.7894736842105263,0.2631578947368421,2.490823192147218e-07,76,1,2000
010,0.5,14,0.0178571428571428,38,0.7631578947368421,0.7105263157894737,0.5051214515657009,0.3720238095238095,1.7894736842105263,0.2631578947368421,1.5387125529287005e-07,76,1,2000
010,0.5,16,0.015625,38,0.8421052631578947,0.6842105263157895,0.393237319974953,0.2942857142857143,1.7894736842105263,0.2631578947368421,1.6208947783979968e-07,76,1,2000
010,0.5,20,0.0125,38,0.8421052631578947,0.6842105263157895,0.417031934877896,0.2942857142857143,1.7894736842105263,0.2631578947368421,3.3431560950702988e-06,76,1,2000
010,0.5,25,0.01,38,0.7631578947368421,0.7631578947368421,0.3558282208588957,0.5158805031446541,1.7894736842105263,0.2631578947368421,2.2526939574163407e-05,76,1,2000
010,0.5,30,0.0083333333333333,38,0.7894736842105263,0.7368421052631579,0.3507414571244358,0.4629629629629629,1.7894736842105263,0.2631578947368421,3.5025856050197035e-05,76,1,2000
010,0.5,40,0.00625,38,0.6578947368421053,0.7368421052631579,0.6078597681651117,0.4013986013986014,1.7894736842105263,0.2631578947368421,1.249932756763883e-05,76,1,2000
010,0.5,50,0.005,38,0.5263157894736842,0.8157894736842105,0.6001202645820806,0.5739750445632799,1.7894736842105263,0.2631578947368421,2.6954854547511783e-05,76,1,2000
010,0.5,60,0.0041666666666666,38,0.4736842105263157,0.8421052631578947,0.6211480362537765,0.605,1.7894736842105263,0.2631578947368421,2.264921931782737e-05,76,1,2000
010,0.5,75,0.0033333333333333,38,0.3157894736842105,0.8947368421052632,0.7872340425531915,0.876984126984127,1.7894736842105263,0.2631578947368421,5.490029798238538e-05,76,1,2000
010,0.5,90,0.0027777777777777,38,0.2105263157894736,0.9473684210526316,0.8297872340425532,0.9384920634920636,1.7894736842105263,0.2631578947368421,0.0001355139102088,76,1,2000
010,1.0,1,0.5,38,1.2105263157894737,0.2368421052631578,0.2411242603550296,0.1712418300653594,1.7894736842105263,0.2631578947368421,1.7778947949409485e-05,76,1,2000
010,1.0,2,0.25,38,1.0526315789473684,0.5789473684210527,0.0429629629629629,0.3399999999999999,1.7894736842105263,0.2631578947368421,6.930812560312916e-06,76,1,2000
010,1.0,3,0.1666666666666666,38,1.263157894736842,0.5,-0.0442541042112778,0.1727272727272727,1.7894736842105263,0.2631578947368421,0.0001595721114426,76,1,2000
010,1.0,4,0.125,38,1.0526315789473684,0.631578947368421,0.0362318840579708,0.3785822021116138,1.7894736842105263,0.2631578947368421,5.604742455034284e-06,76,1,2000
010,1.0,5,0.1,38,1.0789473684210529,0.631578947368421,0.0194875496210753,0.3648459383753502,1.7894736842105263,0.2631578947368421,3.973863385908771e-06,76,1,2000
010,1.0,6,0.0833333333333333,38,1.131578947368421,0.631578947368421,0.0254733218588639,0.3007662835249042,1.7894736842105263,0.2631578947368421,1.788899680832401e-06,76,1,2000
010,1.0,8,0.0625,38,0.9473684210526316,0.6578947368421053,0.2882539682539682,0.3017543859649123,1.7894736842105263,0.2631578947368421,1.130541988914047e-07,76,1,2000
010,1.0,10,0.05,38,0.7368421052631579,0.7105263157894737,0.5565927654609102,0.496031746031746,1.7894736842105263,0.2631578947368421,1.1501304442163018e-07,76,1,2000
010,1.0,12,0.0416666666666666,38,0.7894736842105263,0.7105263157894737,0.4924506387921022,0.4912280701754385,1.7894736842105263,0.2631578947368421,1.4997799269167444e-07,76,1,2000
010,1.0,14,0.0357142857142857,38,0.7894736842105263,0.6842105263157895,0.4864864864864865,0.2733766233766234,1.7894736842105263,0.2631578947368421,1.239878457681698e-07,76,1,2000
010,1.0,16,0.03125,38,0.9210526315789472,0.6842105263157895,0.2967415374881367,0.3642543859649122,1.7894736842105263,0.2631578947368421,1.321937901366255e-07,76,1,2000
010,1.0,20,0.025,38,0.9473684210526316,0.6842105263157895,0.2848180677540779,0.4810344827586206,1.7894736842105263,0.2631578947368421,1.392457846804973e-07,76,1,2000
010,1.0,25,0.02,38,0.9210526315789472,0.6842105263157895,0.2348561759729271,0.4092592592592592,1.7894736842105263,0.2631578947368421,1.5335936609517378e-07,76,1,2000
010,1.0,30,0.0166666666666666,38,0.9210526315789472,0.6578947368421053,0.242072962836686,0.3310185185185185,1.7894736842105263,0.2631578947368421,2.074607436952647e-07,76,1,2000
010,1.0,40,0.0125,38,0.7631578947368421,0.7105263157894737,0.5051214515657009,0.3720238095238095,1.7894736842105263,0.2631578947368421,1.559021711727837e-07,76,1,2000
010,1.0,50,0.01,38,0.5263157894736842,0.8157894736842105,0.6001202645820806,0.5739750445632799,1.7894736842105263,0.2631578947368421,3.669596253530472e-07,76,1,2000
010,1.0,60,0.0083333333333333,38,0.5,0.8157894736842105,0.6141254925735071,0.5784848484848485,1.7894736842105263,0.2631578947368421,1.854976119375351e-07,76,1,2000
010,1.0,75,0.0066666666666666,38,0.4473684210526316,0.8421052631578947,0.6852659110723627,0.609105180533752,1.7894736842105263,0.2631578947368421,1.5634609553671908e-06,76,1,2000
010,1.0,90,0.0055555555555555,38,0.3157894736842105,0.9210526315789472,0.7358053302433372,0.902668759811617,1.7894736842105263,0.2631578947368421,8.845515367283951e-06,76,1,2000
010,2.0,1,1.0,38,1.3421052631578947,0.2105263157894736,0.0868896578239138,0.1527272727272727,1.7894736842105263,0.2631578947368421,0.0001844692451413,76,1,2000
010,2.0,2,0.5,38,1.0263157894736843,0.6052631578947368,0.0538546661748431,0.3718181818181818,1.7894736842105263,0.2631578947368421,4.0290247852681205e-05,76,1,2000
010,2.0,3,0.3333333333333333,38,1.263157894736842,0.5,-0.0442541042112778,0.1727272727272727,1.7894736842105263,0.2631578947368421,0.0001283318997593,76,1,2000
010,2.0,4,0.25,38,1.0789473684210529,0.631578947368421,0.0194875496210753,0.3648459383753502,1.7894736842105263,0.2631578947368421,0.000173328560777,76,1,2000
010,2.0,5,0.2,38,1.0789473684210529,0.631578947368421,0.0194875496210753,0.3648459383753502,1.7894736842105263,0.2631578947368421,7.144139817683026e-05,76,1,2000
010,2.0,6,0.1666666666666666,38,1.105263157894737,0.631578947368421,0.0361362056984017,0.3040935672514619,1.7894736842105263,0.2631578947368421,8.947988681029528e-05,76,1,2000
010,2.0,8,0.125,38,0.8947368421052632,0.6578947368421053,0.3372093023255814,0.3090909090909091,1.7894736842105263,0.2631578947368421,9.580719506629977e-08,76,1,2000
010,2.0,10,0.1,38,0.7105263157894737,0.7105263157894737,0.5792349726775956,0.3720238095238095,1.7894736842105263,0.2631578947368421,8.91925324708609e-08,76,1,2000
010,2.0,12,0.0833333333333333,38,0.8157894736842105,0.6842105263157895,0.4736371760500446,0.3381180223285486,1.7894736842105263,0.2631578947368421,9.403736811464115e-08,76,1,2000
010,2.0,14,0.0714285714285714,38,0.9736842105263158,0.6578947368421053,0.2763613471828769,0.2982758620689655,1.7894736842105263,0.2631578947368421,8.26222859018344e-08,76,1,2000
010,2.0,16,0.0625,38,0.9210526315789472,0.6578947368421053,0.2967492758287736,0.3625,1.7894736842105263,0.2631578947368421,7.87157006243433e-08,76,1,2000
010,2.0,20,0.05,38,0.9473684210526316,0.6842105263157895,0.2848180677540779,0.4810344827586206,1.7894736842105263,0.2631578947368421,9.543932577571469e-08,76,1,2000
010,2.0,25,0.04,38,0.9473684210526316,0.6842105263157895,0.2226693494299128,0.4055555555555555,1.7894736842105263,0.2631578947368421,1.0739075406718257e-07,76,1,2000
010,2.0,30,0.0333333333333333,38,1.0,0.631578947368421,0.1827956989247312,0.2609126984126984,1.7894736842105263,0.2631578947368421,1.0645196368841425e-07,76,1,2000
010,2.0,40,0.025,38,0.8947368421052632,0.6578947368421053,0.3816209317166561,0.3053571428571429,1.7894736842105263,0.2631578947368421,9.315470350657053e-08,76,1,2000
010,2.0,50,0.02,38,0.5789473684210527,0.7631578947368421,0.583941605839416,0.5366666666666666,1.7894736842105263,0.2631578947368421,9.64719788498769e-08,76,1,2000
010,2.0,60,0.0166666666666666,38,0.6578947368421053,0.7368421052631579,0.4858325374084686,0.5063636363636363,1.7894736842105263,0.2631578947368421,9.953222246394945e-08,76,1,2000
010,2.0,75,0.0133333333333333,38,0.5,0.7894736842105263,0.6646724498953036,0.4462585034013605,1.7894736842105263,0.2631578947368421,1.468827974804299e-07,76,1,2000
010,2.0,90,0.0111111111111111,38,0.4473684210526316,0.868421052631579,0.6263237518910741,0.641156462585034,1.7894736842105263,0.2631578947368421,1.6030519134346832e-07,76,1,2000
010,5.0,1,2.5,38,1.4736842105263157,0.2894736842105263,-0.1062590975254729,0.2265734265734265,1.7894736842105263,0.2631578947368421,0.0049510207027196,76,1,2000
010,5.0,2,1.25,38,1.0789473684210529,0.5526315789473685,0.0143884892086331,0.3785460992907801,1.7894736842105263,0.2631578947368421,0.0020411512814462,76,1,2000
010,5.0,3,0.8333333333333334,38,1.1578947368421053,0.5263157894736842,-0.0014641288433383,0.2451923076923076,1.7894736842105263,0.2631578947368421,0.0014374665915966,76,1,2000
010,5.0,4,0.625,38,1.0526315789473684,0.6052631578947368,0.0310421286031042,0.3759811616954474,1.7894736842105263,0.2631578947368421,0.0008864681003615,76,1,2000
010,5.0,5,0.5,38,1.0526315789473684,0.631578947368421,0.0306122448979592,0.3685714285714285,1.7894736842105263,0.2631578947368421,0.0005495016812346,76,1,2000
010,5.0,6,0.4166666666666667,38,1.105263157894737,0.6052631578947368,0.0311614730878185,0.302020202020202,1.7894736842105263,0.2631578947368421,0.0006598754553124,76,1,2000
010,5.0,8,0.3125,38,1.236842105263158,0.4736842105263157,0.0671140939597315,0.1887755102040816,1.7894736842105263,0.2631578947368421,4.884101940660912e-07,76,1,2000
010,5.0,10,0.25,38,0.868421052631579,0.6578947368421053,0.4090480678605089,0.2442857142857143,1.7894736842105263,0.2631578947368421,1.279407911169983e-06,76,1,2000
010,5.0,12,0.2083333333333333,38,0.9473684210526316,0.6578947368421053,0.3123809523809523,0.3017543859649123,1.7894736842105263,0.2631578947368421,7.687887659812986e-08,76,1,2000
010,5.0,14,0.1785714285714285,38,0.9736842105263158,0.6052631578947368,0.2612163509471584,0.2044444444444444,1.7894736842105263,0.2631578947368421,4.320366133470088e-05,76,1,2000
010,5.0,16,0.15625,38,1.0,0.631578947368421,0.2040540540540539,0.3180555555555555,1.7894736842105263,0.2631578947368421,8.114130167768964e-08,76,1,2000
010,5.0,20,0.125,38,1.0263157894736843,0.631578947368421,0.1667224640107131,0.314484126984127,1.7894736842105263,0.2631578947368421,3.385531817912124e-05,76,1,2000
010,5.0,25,0.1,38,1.0263157894736843,0.631578947368421,0.1449673651666094,0.246031746031746,1.7894736842105263,0.2631578947368421,6.700774690671096e-08,76,1,2000
010,5.0,30,0.0833333333333333,38,1.0789473684210529,0.5789473684210527,0.0756756756756756,0.2037037037037037,1.7894736842105263,0.2631578947368421,7.067670537708183e-08,76,1,2000
010,5.0,40,0.0625,38,0.9210526315789472,0.631578947368421,0.2864739115985376,0.2117171717171717,1.7894736842105263,0.2631578947368421,6.493362292303574e-08,76,1,2000
010,5.0,50,0.05,38,0.7368421052631579,0.6842105263157895,0.4429967426710097,0.341437908496732,1.7894736842105263,0.2631578947368421,9.00526993063977e-06,76,1,2000
010,5.0,60,0.0416666666666666,38,0.8157894736842105,0.6578947368421053,0.3529411764705882,0.3324444444444444,1.7894736842105263,0.2631578947368421,5.8528961233150774e-08,76,1,2000
010,5.0,75,0.0333333333333333,38,0.8421052631578947,0.6842105263157895,0.3517060367454069,0.4115384615384615,1.7894736842105263,0.2631578947368421,7.054018880126024e-08,76,1,2000
010,5.0,90,0.0277777777777777,38,0.6578947368421053,0.7368421052631579,0.4952443424073466,0.3929251700680272,1.7894736842105263,0.2631578947368421,8.548477126169018e-08,76,1,2000
011,0.005,1,0.0025,35,1.9142857142857144,0.1428571428571428,-0.1757105943152455,0.1013333333333333,1.8571428571428568,0.2285714285714285,0.0005076601519249,76,1,2000
011,0.005,2,0.00125,35,1.6285714285714286,0.1142857142857142,-0.0554885404101326,0.0866666666666666,1.8571428571428568,0.2285714285714285,0.0014854597393423,76,1,2000
011,0.005,3,0.0008333333333333,35,2.0285714285714285,0.1142857142857142,-0.058631921824104,0.1033333333333333,1.8571428571428568,0.2285714285714285,0.0017005689442157,76,1,2000
011,0.005,4,0.000625,35,2.0285714285714285,0.0857142857142857,-0.0743321718931475,0.0785714285714285,1.8571428571428568,0.2285714285714285,0.0014675982529297,76,1,2000
011,0.005,5,0.0005,35,2.057142857142857,0.0857142857142857,-0.0750080827675396,0.0785714285714285,1.8571428571428568,0.2285714285714285,0.0012733431067317,76,1,2000
011,0.005,6,0.0004166666666666,35,2.0,0.0857142857142857,-0.047008547008547,0.0863636363636363,1.8571428571428568,0.2285714285714285,0.001248687505722,76,1,2000
011,0.005,8,0.0003125,35,1.9142857142857144,0.1428571428571428,-0.0362827314735583,0.1405555555555555,1.8571428571428568,0.2285714285714285,0.0014770651469007,76,1,2000
011,0.005,10,0.00025,35,1.8285714285714283,0.1714285714285714,-0.030141843971631,0.1764414996767938,1.8571428571428568,0.2285714285714285,0.0017992235952988,76,1,2000
011,0.005,12,0.0002083333333333,35,1.6571428571428573,0.2,0.0920398009950249,0.1842757242757243,1.8571428571428568,0.2285714285714285,0.0015729732112959,76,1,2000
011,0.005,14,0.0001785714285714,35,1.4285714285714286,0.3428571428571428,0.1611356932153393,0.3229409479409479,1.8571428571428568,0.2285714285714285,0.00189910386689,76,1,2000
011,0.005,16,0.00015625,35,1.457142857142857,0.3428571428571428,0.1429348811899148,0.3229409479409479,1.8571428571428568,0.2285714285714285,0.0019191667670384,76,1,2000
011,0.005,20,0.000125,35,1.3714285714285714,0.3142857142857143,0.1344902386117137,0.2984920634920635,1.8571428571428568,0.2285714285714285,0.0018109966767951,76,1,2000
011,0.005,25,0.0001,35,1.4285714285714286,0.2571428571428571,0.1576763485477178,0.2413725490196078,1.8571428571428568,0.2285714285714285,0.002251589205116,76,1,2000
011,0.005,30,8.333333333333333e-05,35,1.7428571428571429,0.2285714285714285,-0.0823373173970782,0.2183333333333333,1.8571428571428568,0.2285714285714285,0.003015813184902,76,1,2000
011,0.005,40,6.25e-05,35,1.5142857142857142,0.2857142857142857,0.0759734093067427,0.2554812834224599,1.8571428571428568,0.2285714285714285,0.0033824371639639,76,1,2000
011,0.005,50,5e-05,35,1.542857142857143,0.2285714285714285,0.0936785986290936,0.1992757242757243,1.8571428571428568,0.2285714285714285,0.0034682620316743,76,1,2000
011,0.005,60,4.1666666666666665e-05,35,1.3428571428571427,0.3142857142857143,0.2324273664479849,0.2810695187165775,1.8571428571428568,0.2285714285714285,0.0038839171174913,76,1,2000
011,0.005,75,3.3333333333333335e-05,35,1.0857142857142856,0.4571428571428571,0.3396226415094339,0.3642178873757821,1.8571428571428568,0.2285714285714285,0.0042136847041547,76,1,2000
011,0.01,1,0.005,35,1.9142857142857144,0.1428571428571428,-0.1757105943152455,0.1013333333333333,1.8571428571428568,0.2285714285714285,0.0002397888456471,76,1,2000
011,0.01,2,0.0025,35,1.6285714285714286,0.1142857142857142,-0.0554885404101326,0.0866666666666666,1.8571428571428568,0.2285714285714285,0.0015336000360548,76,1,2000
011,0.01,3,0.0016666666666666,35,2.0285714285714285,0.1142857142857142,-0.058631921824104,0.1033333333333333,1.8571428571428568,0.2285714285714285,0.0017876023193821,76,1,2000
011,0.01,4,0.00125,35,1.9142857142857144,0.1142857142857142,-0.0295868049651419,0.1003921568627451,1.8571428571428568,0.2285714285714285,0.0016535004833713,76,1,2000
011,0.01,5,0.001,35,1.9142857142857144,0.1142857142857142,-0.0295868049651419,0.1003921568627451,1.8571428571428568,0.2285714285714285,0.0014483920531347,76,1,2000
011,0.01,6,0.0008333333333333,35,1.9142857142857144,0.1142857142857142,-0.0046457607433216,0.1149350649350649,1.8571428571428568,0.2285714285714285,0.0014369464479386,76,1,2000
011,0.01,8,0.000625,35,1.9428571428571428,0.1142857142857142,-0.0714285714285716,0.0993859649122807,1.8571428571428568,0.2285714285714285,0.0016488402616232,76,1,2000
011,0.01,10,0.0005,35,1.8571428571428568,0.1428571428571428,-0.0270602706027061,0.1487606837606837,1.8571428571428568,0.2285714285714285,0.0019317669793963,76,1,2000
011,0.01,12,0.0004166666666666,35,1.7428571428571429,0.1714285714285714,0.0846971486418087,0.1545787545787545,1.8571428571428568,0.2285714285714285,0.0016930896090343,76,1,2000
011,0.01,14,0.0003571428571428,35,1.4857142857142858,0.3428571428571428,0.1484485190409028,0.3194444444444445,1.8571428571428568,0.2285714285714285,0.0020630510989576,76,1,2000
011,0.01,16,0.0003125,35,1.457142857142857,0.3428571428571428,0.1429348811899148,0.3229409479409479,1.8571428571428568,0.2285714285714285,0.0020413997117429,76,1,2000
011,0.01,20,0.00025,35,1.3714285714285714,0.3142857142857143,0.1344902386117137,0.2984920634920635,1.8571428571428568,0.2285714285714285,0.0017262464389204,76,1,2000
011,0.01,25,0.0002,35,1.4285714285714286,0.2571428571428571,0.1576763485477178,0.2413725490196078,1.8571428571428568,0.2285714285714285,0.0019613155163824,76,1,2000
011,0.01,30,0.0001666666666666,35,1.7428571428571429,0.2285714285714285,-0.0823373173970782,0.2183333333333333,1.8571428571428568,0.2285714285714285,0.0025280232075601,76,1,2000
011,0.01,40,0.000125,35,1.5142857142857142,0.2857142857142857,0.0759734093067427,0.2554812834224599,1.8571428571428568,0.2285714285714285,0.0029441765509545,76,1,2000
011,0.01,50,0.0001,35,1.542857142857143,0.2285714285714285,0.0936785986290936,0.1992757242757243,1.8571428571428568,0.2285714285714285,0.0031117859762161,76,1,2000
011,0.01,60,8.333333333333333e-05,35,1.3428571428571427,0.3142857142857143,0.2324273664479849,0.2810695187165775,1.8571428571428568,0.2285714285714285,0.0034838414285331,76,1,2000
011,0.01,75,6.666666666666667e-05,35,1.1142857142857143,0.4571428571428571,0.3164332215427106,0.363030303030303,1.8571428571428568,0.2285714285714285,0.0038113608025014,76,1,2000
011,0.02,1,0.01,35,1.9142857142857144,0.1428571428571428,-0.1757105943152455,0.1013333333333333,1.8571428571428568,0.2285714285714285,4.0945895307231694e-05,76,1,2000
011,0.02,2,0.005,35,1.6,0.1142857142857142,-0.0349006301502665,0.0881159420289855,1.8571428571428568,0.2285714285714285,0.0012173015857115,76,1,2000
011,0.02,3,0.0033333333333333,35,2.0285714285714285,0.1142857142857142,-0.058631921824104,0.1033333333333333,1.8571428571428568,0.2285714285714285,0.0013867327943444,76,1,2000
011,0.02,4,0.0025,35,1.9142857142857144,0.1142857142857142,-0.0295868049651419,0.1003921568627451,1.8571428571428568,0.2285714285714285,0.0014683187473565,76,1,2000
011,0.02,5,0.002,35,1.9142857142857144,0.1142857142857142,-0.0295868049651419,0.1003921568627451,1.8571428571428568,0.2285714285714285,0.0013245810987427,76,1,2000
011,0.02,6,0.0016666666666666,35,1.9142857142857144,0.1142857142857142,-0.0046457607433216,0.1149350649350649,1.8571428571428568,0.2285714285714285,0.0013781973393633,76,1,2000
011,0.02,8,0.00125,35,2.0285714285714285,0.1142857142857142,-0.0754027570171067,0.1065384615384615,1.8571428571428568,0.2285714285714285,0.001579871866852,76,1,2000
011,0.02,10,0.001,35,1.8857142857142857,0.1142857142857142,-0.0629067245119305,0.1072900955253896,1.8571428571428568,0.2285714285714285,0.0019284898880869,76,1,2000
011,0.02,12,0.0008333333333333,35,1.7428571428571429,0.1714285714285714,0.0846971486418087,0.1545787545787545,1.8571428571428568,0.2285714285714285,0.0017701311735436,76,1,2000
011,0.02,14,0.0007142857142857,35,1.4857142857142858,0.3428571428571428,0.1484485190409028,0.3194444444444445,1.8571428571428568,0.2285714285714285,0.002065789187327,76,1,2000
011,0.02,16,0.000625,35,1.5142857142857142,0.3428571428571428,0.1312272174969624,0.3199106449106449,1.8571428571428568,0.2285714285714285,0.0020420174114406,76,1,2000
011,0.02,20,0.0005,35,1.3714285714285714,0.3142857142857143,0.1344902386117137,0.2984920634920635,1.8571428571428568,0.2285714285714285,0.0016684123547747,76,1,2000
011,0.02,25,0.0004,35,1.4285714285714286,0.2571428571428571,0.1576763485477178,0.2413725490196078,1.8571428571428568,0.2285714285714285,0.0017164192395284,76,1,2000
011,0.02,30,0.0003333333333333,35,1.7714285714285714,0.2,-0.1491690312119982,0.1699999999999999,1.8571428571428568,0.2285714285714285,0.0021464948076754,76,1,2000
011,0.02,40,0.00025,35,1.5142857142857142,0.2857142857142857,0.0759734093067427,0.2554812834224599,1.8571428571428568,0.2285714285714285,0.0025232869666069,76,1,2000
011,0.02,50,0.0002,35,1.542857142857143,0.2285714285714285,0.0870732642884543,0.2068022328548644,1.8571428571428568,0.2285714285714285,0.002756230533123,76,1,2000
011,0.02,60,0.0001666666666666,35,1.2857142857142858,0.3428571428571428,0.2630892491149617,0.3024747474747474,1.8571428571428568,0.2285714285714285,0.0030016540549695,76,1,2000
011,0.02,75,0.0001333333333333,35,1.1142857142857143,0.4571428571428571,0.3164332215427106,0.363030303030303,1.8571428571428568,0.2285714285714285,0.0032854832243174,76,1,2000
011,0.05,1,0.025,35,1.8285714285714283,0.1714285714285714,-0.1057692307692308,0.1626501035196687,1.8571428571428568,0.2285714285714285,1.4226438338482694e-07,76,1,2000
011,0.05,2,0.0125,35,1.542857142857143,0.1428571428571428,0.0404275092936803,0.1136507936507936,1.8571428571428568,0.2285714285714285,0.000339182006428,76,1,2000
011,0.05,3,0.0083333333333333,35,1.9714285714285715,0.1142857142857142,-0.0263446761800221,0.1066666666666666,1.8571428571428568,0.2285714285714285,0.0004107993445359,76,1,2000
011,0.05,4,0.00625,35,1.8857142857142857,0.1142857142857142,0.0033500837520936,0.1033333333333333,1.8571428571428568,0.2285714285714285,0.0006580291665159,76,1,2000
011,0.05,5,0.005,35,1.8857142857142857,0.1142857142857142,0.0033500837520936,0.1033333333333333,1.8571428571428568,0.2285714285714285,0.0006420844583772,76,1,2000
011,0.05,6,0.0041666666666666,35,1.9142857142857144,0.1142857142857142,-0.0046457607433216,0.1149350649350649,1.8571428571428568,0.2285714285714285,0.0007561582606285,76,1,2000
011,0.05,8,0.003125,35,2.057142857142857,0.1142857142857142,-0.0769230769230771,0.1107142857142857,1.8571428571428568,0.2285714285714285,0.000850465206895,76,1,2000
011,0.05,10,0.0025,35,1.9714285714285715,0.1142857142857142,-0.0674731640824672,0.1115773115773115,1.8571428571428568,0.2285714285714285,0.0014073139755055,76,1,2000
011,0.05,12,0.0020833333333333,35,1.8,0.1714285714285714,0.0761133603238867,0.155044955044955,1.8571428571428568,0.2285714285714285,0.0014166345354169,76,1,2000
011,0.05,14,0.0017857142857142,35,1.4857142857142858,0.3428571428571428,0.1841216216216216,0.3173465423465423,1.8571428571428568,0.2285714285714285,0.0014529345789924,76,1,2000
011,0.05,16,0.0015625,35,1.5142857142857142,0.3428571428571428,0.1670827092694293,0.3184188034188034,1.8571428571428568,0.2285714285714285,0.0014179426943883,76,1,2000
011,0.05,20,0.00125,35,1.3714285714285714,0.3142857142857143,0.1344902386117137,0.2984920634920635,1.8571428571428568,0.2285714285714285,0.0011657116701826,76,1,2000
011,0.05,25,0.001,35,1.4285714285714286,0.2571428571428571,0.1576763485477178,0.2413725490196078,1.8571428571428568,0.2285714285714285,0.0010440901387482,76,1,2000
011,0.05,30,0.0008333333333333,35,1.7714285714285714,0.1714285714285714,-0.1122284794851165,0.1419047619047619,1.8571428571428568,0.2285714285714285,0.0016076416941359,76,1,2000
011,0.05,40,0.000625,35,1.5142857142857142,0.2857142857142857,0.0759734093067427,0.2554812834224599,1.8571428571428568,0.2285714285714285,0.0020501590333878,76,1,2000
011,0.05,50,0.0005,35,1.542857142857143,0.2285714285714285,0.0870732642884543,0.2068022328548644,1.8571428571428568,0.2285714285714285,0.0023862794041633,76,1,2000
011,0.05,60,0.0004166666666666,35,1.3428571428571427,0.3428571428571428,0.2457702582368655,0.3044444444444444,1.8571428571428568,0.2285714285714285,0.0023790227714926,76,1,2000
011,0.05,75,0.0003333333333333,35,1.0285714285714285,0.4857142857142857,0.3715083798882681,0.3754112554112554,1.8571428571428568,0.2285714285714285,0.0025312923826277,76,1,2000
011,0.1,1,0.05,35,1.8285714285714283,0.1714285714285714,-0.1057692307692308,0.1626501035196687,1.8571428571428568,0.2285714285714285,1.1170596536658196e-07,76,1,2000
011,0.1,2,0.025,35,1.5714285714285714,0.1428571428571428,0.0203562340966922,0.1119191919191919,1.8571428571428568,0.2285714285714285,2.5806100893532857e-05,76,1,2000
011,0.1,3,0.0166666666666666,35,1.9142857142857144,0.1142857142857142,0.0006601749463607,0.1066666666666666,1.8571428571428568,0.2285714285714285,4.359911326901056e-05,76,1,2000
011,0.1,4,0.0125,35,1.9142857142857144,0.1142857142857142,0.0006601749463607,0.1066666666666666,1.8571428571428568,0.2285714285714285,0.0001513796305516,76,1,2000
011,0.1,5,0.01,35,1.9142857142857144,0.1142857142857142,0.0006601749463607,0.1066666666666666,1.8571428571428568,0.2285714285714285,0.0001567140425322,76,1,2000
011,0.1,6,0.0083333333333333,35,1.9142857142857144,0.1142857142857142,-0.0046457607433216,0.1149350649350649,1.8571428571428568,0.2285714285714285,0.0002220609021605,76,1,2000
011,0.1,8,0.00625,35,2.085714285714286,0.1142857142857142,-0.0255047821466525,0.1224358974358974,1.8571428571428568,0.2285714285714285,0.000233234182815,76,1,2000
011,0.1,10,0.005,35,1.9714285714285715,0.1428571428571428,-0.03523517051883,0.1476884226884227,1.8571428571428568,0.2285714285714285,0.0006648138514719,76,1,2000
011,0.1,12,0.0041666666666666,35,1.7428571428571429,0.1714285714285714,0.0846971486418087,0.1545787545787545,1.8571428571428568,0.2285714285714285,0.0007297644042409,76,1,2000
011,0.1,14,0.0035714285714285,35,1.4857142857142858,0.3428571428571428,0.1841216216216216,0.3173465423465423,1.8571428571428568,0.2285714285714285,0.0006904127076268,76,1,2000
011,0.1,16,0.003125,35,1.5142857142857142,0.3428571428571428,0.1670827092694293,0.3184188034188034,1.8571428571428568,0.2285714285714285,0.0006268621655181,76,1,2000
011,0.1,20,0.0025,35,1.3714285714285714,0.3142857142857143,0.1344902386117137,0.2984920634920635,1.8571428571428568,0.2285714285714285,0.0005330928834155,76,1,2000
011,0.1,25,0.002,35,1.4285714285714286,0.2571428571428571,0.1576763485477178,0.2413725490196078,1.8571428571428568,0.2285714285714285,0.0003785478183999,76,1,2000
011,0.1,30,0.0016666666666666,35,1.6857142857142855,0.1714285714285714,0.0179423554113382,0.1641025641025641,1.8571428571428568,0.2285714285714285,0.0008576587424613,76,1,2000
011,0.1,40,0.00125,35,1.5142857142857142,0.2571428571428571,0.1089949085423345,0.2358080808080808,1.8571428571428568,0.2285714285714285,0.00135558785405,76,1,2000
011,0.1,50,0.001,35,1.5714285714285714,0.2285714285714285,0.1123882503192847,0.2075814536340852,1.8571428571428568,0.2285714285714285,0.0018197168828919,76,1,2000
011,0.1,60,0.0008333333333333,35,1.3142857142857145,0.3714285714285714,0.2494639027877055,0.3301587301587302,1.8571428571428568,0.2285714285714285,0.0017635497497394,76,1,2000
011,0.1,75,0.0006666666666666,35,0.9714285714285714,0.5142857142857142,0.4062887877534132,0.3984415584415585,1.8571428571428568,0.2285714285714285,0.0018706512637436,76,1,2000
011,0.2,1,0.1,35,1.8571428571428568,0.1714285714285714,-0.1068831388466091,0.1578787878787878,1.8571428571428568,0.2285714285714285,9.214766549803245e-08,76,1,2000
011,0.2,2,0.05,35,1.5714285714285714,0.1428571428571428,0.0203562340966922,0.1119191919191919,1.8571428571428568,0.2285714285714285,2.206259637205221e-07,76,1,2000
011,0.2,3,0.0333333333333333,35,1.9428571428571428,0.1142857142857142,-0.0019298809906722,0.1066666666666666,1.8571428571428568,0.2285714285714285,4.715335819582833e-07,76,1,2000
011,0.2,4,0.025,35,1.8857142857142857,0.1428571428571428,0.0318430363460918,0.1399999999999999,1.8571428571428568,0.2285714285714285,5.8744944908539765e-06,76,1,2000
011,0.2,5,0.02,35,1.8857142857142857,0.1428571428571428,0.0318430363460918,0.1399999999999999,1.8571428571428568,0.2285714285714285,7.744269169052131e-06,76,1,2000
011,0.2,6,0.0166666666666666,35,1.8571428571428568,0.1428571428571428,0.0353193596303019,0.143030303030303,1.8571428571428568,0.2285714285714285,1.509528374299407e-05,76,1,2000
011,0.2,8,0.0125,35,2.0,0.1142857142857142,0.0022172949002216,0.1111111111111111,1.8571428571428568,0.2285714285714285,1.5203994735202286e-05,76,1,2000
011,0.2,10,0.01,35,1.9714285714285715,0.1142857142857142,-0.0239211249393891,0.1226884226884227,1.8571428571428568,0.2285714285714285,0.000126096769236,76,1,2000
011,0.2,12,0.0083333333333333,35,1.7714285714285714,0.1714285714285714,0.0683535984226093,0.152014652014652,1.8571428571428568,0.2285714285714285,0.0001512166199972,76,1,2000
011,0.2,14,0.0071428571428571,35,1.4857142857142858,0.3428571428571428,0.1841216216216216,0.3173465423465423,1.8571428571428568,0.2285714285714285,0.0001390011020703,76,1,2000
011,0.2,16,0.00625,35,1.5142857142857142,0.3428571428571428,0.1670827092694293,0.3184188034188034,1.8571428571428568,0.2285714285714285,0.0001152510158135,76,1,2000
011,0.2,20,0.005,35,1.3714285714285714,0.3142857142857143,0.1344902386117137,0.2984920634920635,1.8571428571428568,0.2285714285714285,0.0001004368095891,76,1,2000
011,0.2,25,0.004,35,1.4285714285714286,0.2571428571428571,0.1576763485477178,0.2413725490196078,1.8571428571428568,0.2285714285714285,6.454125832533464e-05,76,1,2000
011,0.2,30,0.0033333333333333,35,1.6285714285714286,0.2571428571428571,0.0846059329471652,0.25,1.8571428571428568,0.2285714285714285,0.0002261483023175,76,1,2000
011,0.2,40,0.0025,35,1.3714285714285714,0.2857142857142857,0.2156105100463679,0.2776470588235294,1.8571428571428568,0.2285714285714285,0.0005061721312813,76,1,2000
011,0.2,50,0.002,35,1.457142857142857,0.2571428571428571,0.1937239252675493,0.2388422035480858,1.8571428571428568,0.2285714285714285,0.0008595449617132,76,1,2000
011,0.2,60,0.0016666666666666,35,1.4,0.3142857142857143,0.2110009017132552,0.2787114845938375,1.8571428571428568,0.2285714285714285,0.0008424539701081,76,1,2000
011,0.2,75,0.0013333333333333,35,0.9428571428571428,0.5428571428571428,0.4112149532710279,0.4178354978354978,1.8571428571428568,0.2285714285714285,0.0009820465929806,76,1,2000
011,0.5,1,0.25,35,1.8,0.2,-0.0602430258428889,0.1904761904761904,1.8571428571428568,0.2285714285714285,7.525440537392569e-08,76,1,2000
011,0.5,2,0.125,35,1.3142857142857145,0.2857142857142857,0.172185430463576,0.3128280542986426,1.8571428571428568,0.2285714285714285,1.826405338078985e-07,76,1,2000
011,0.5,3,0.0833333333333333,35,1.8,0.2,0.0561924753754239,0.1936813186813187,1.8571428571428568,0.2285714285714285,1.7931589013642227e-07,76,1,2000
011,0.5,4,0.0625,35,1.8857142857142857,0.1428571428571428,0.0258899676375403,0.1482051282051282,1.8571428571428568,0.2285714285714285,2.185322358627673e-07,76,1,2000
011,0.5,5,0.05,35,1.9142857142857144,0.1428571428571428,0.0227165168007571,0.1456410256410256,1.8571428571428568,0.2285714285714285,1.9147063312630053e-07,76,1,2000
011,0.5,6,0.0416666666666666,35,1.8857142857142857,0.1428571428571428,0.0318430363460918,0.1399999999999999,1.8571428571428568,0.2285714285714285,1.9703618647781693e-07,76,1,2000
011,0.5,8,0.03125,35,2.057142857142857,0.0857142857142857,-0.0474371219356892,0.0876319758672699,1.8571428571428568,0.2285714285714285,2.042554143599773e-07,76,1,2000
011,0.5,10,0.025,35,1.9428571428571428,0.1428571428571428,-0.0047318611987381,0.1404662004662004,1.8571428571428568,0.2285714285714285,5.305817012413172e-07,76,1,2000
011,0.5,12,0.0208333333333333,35,1.8,0.1428571428571428,0.0603635150908788,0.1186480186480186,1.8571428571428568,0.2285714285714285,8.774748607720539e-07,76,1,2000
011,0.5,14,0.0178571428571428,35,1.542857142857143,0.3428571428571428,0.1620203345359135,0.3206654456654457,1.8571428571428568,0.2285714285714285,1.000583893073781e-06,76,1,2000
011,0.5,16,0.015625,35,1.5142857142857142,0.3428571428571428,0.1670827092694293,0.3184188034188034,1.8571428571428568,0.2285714285714285,8.623825351605774e-07,76,1,2000
011,0.5,20,0.0125,35,1.3428571428571427,0.3142857142857143,0.2256328483157266,0.3035714285714285,1.8571428571428568,0.2285714285714285,3.533653512022284e-07,76,1,2000
011,0.5,25,0.01,35,1.4285714285714286,0.2857142857142857,0.2099322799097066,0.2754751131221719,1.8571428571428568,0.2285714285714285,5.750226250711421e-07,76,1,2000
011,0.5,30,0.0083333333333333,35,1.542857142857143,0.2857142857142857,0.19953596287703,0.2827838827838828,1.8571428571428568,0.2285714285714285,2.3816112388885813e-06,76,1,2000
011,0.5,40,0.00625,35,1.3714285714285714,0.3142857142857143,0.2260770110560427,0.303921568627451,1.8571428571428568,0.2285714285714285,2.443310768285301e-05,76,1,2000
011,0.5,50,0.005,35,1.3428571428571427,0.3142857142857143,0.3041375604513702,0.3005882352941176,1.8571428571428568,0.2285714285714285,7.691274367971346e-05,76,1,2000
011,0.5,60,0.0041666666666666,35,1.2857142857142858,0.3428571428571428,0.2593671131819064,0.3015384615384615,1.8571428571428568,0.2285714285714285,7.162687688833103e-05,76,1,2000
011,0.5,75,0.0033333333333333,35,0.9714285714285714,0.4857142857142857,0.4088349935036811,0.3515151515151515,1.8571428571428568,0.2285714285714285,0.0001389948592986,76,1,2000
011,1.0,1,0.5,35,1.8571428571428568,0.1714285714285714,-0.0713681718247927,0.1681658692185008,1.8571428571428568,0.2285714285714285,1.3471643001139458e-07,76,1,2000
011,1.0,2,0.25,35,1.4,0.2285714285714285,0.1334590898373024,0.2684407096171802,1.8571428571428568,0.2285714285714285,1.1410832030378517e-06,76,1,2000
011,1.0,3,0.1666666666666666,35,1.8,0.1714285714285714,0.0673532777505311,0.1606981254040077,1.8571428571428568,0.2285714285714285,3.063703388761496e-07,76,1,2000
011,1.0,4,0.125,35,1.9142857142857144,0.1428571428571428,0.0170117156154711,0.1474358974358974,1.8571428571428568,0.2285714285714285,1.5533873920503538e-07,76,1,2000
011,1.0,5,0.1,35,1.9428571428571428,0.1428571428571428,0.0140845070422536,0.1448717948717948,1.8571428571428568,0.2285714285714285,1.5056754421038934e-07,76,1,2000
011,1.0,6,0.0833333333333333,35,1.9142857142857144,0.1428571428571428,0.0170117156154711,0.1474358974358974,1.8571428571428568,0.2285714285714285,1.6752467502101356e-07,76,1,2000
011,1.0,8,0.0625,35,2.057142857142857,0.0857142857142857,-0.0479716677398582,0.0932263814616755,1.8571428571428568,0.2285714285714285,1.5939968989187037e-07,76,1,2000
011,1.0,10,0.05,35,1.8857142857142857,0.1428571428571428,0.0066006600660064,0.1395411605937921,1.8571428571428568,0.2285714285714285,1.5489806060031697e-07,76,1,2000
011,1.0,12,0.0416666666666666,35,1.7714285714285714,0.2,0.0518665345226297,0.183076923076923,1.8571428571428568,0.2285714285714285,3.72141045090757e-07,76,1,2000
011,1.0,14,0.0357142857142857,35,1.542857142857143,0.2857142857142857,0.1569167240192706,0.2677361853832442,1.8571428571428568,0.2285714285714285,1.4286352723047457e-07,76,1,2000
011,1.0,16,0.03125,35,1.4285714285714286,0.3428571428571428,0.1632424355621964,0.328015873015873,1.8571428571428568,0.2285714285714285,1.2356463230389636e-05,76,1,2000
011,1.0,20,0.025,35,1.3714285714285714,0.3142857142857143,0.2156105100463679,0.2946825396825397,1.8571428571428568,0.2285714285714285,1.6173328276636314e-07,76,1,2000
011,1.0,25,0.02,35,1.457142857142857,0.2857142857142857,0.2009132420091325,0.2682023858494446,1.8571428571428568,0.2285714285714285,1.391510693338205e-07,76,1,2000
011,1.0,30,0.0166666666666666,35,1.3142857142857145,0.3714285714285714,0.2877543734380579,0.3497899159663865,1.8571428571428568,0.2285714285714285,1.3862484138371658e-07,76,1,2000
011,1.0,40,0.0125,35,1.3142857142857145,0.3142857142857143,0.3030973451327434,0.3096791443850267,1.8571428571428568,0.2285714285714285,1.9540577511634186e-07,76,1,2000
011,1.0,50,0.01,35,1.3142857142857145,0.3428571428571428,0.3080517613227894,0.323921568627451,1.8571428571428568,0.2285714285714285,1.3384575368036169e-06,76,1,2000
011,1.0,60,0.0083333333333333,35,1.1714285714285717,0.4,0.3406702359706524,0.3567431399010346,1.8571428571428568,0.2285714285714285,1.3596373946711535e-06,76,1,2000
011,1.0,75,0.0066666666666666,35,1.0,0.4285714285714285,0.4140030441400304,0.2945454545454545,1.8571428571428568,0.2285714285714285,8.68088045535842e-06,76,1,2000
011,2.0,1,1.0,35,1.9714285714285715,0.1714285714285714,-0.0642074394196634,0.1623809523809523,1.8571428571428568,0.2285714285714285,0.0008774525485932,76,1,2000
011,2.0,2,0.5,35,1.3142857142857145,0.2857142857142857,0.1772449459332393,0.3142810457516339,1.8571428571428568,0.2285714285714285,0.0003329618484713,76,1,2000
011,2.0,3,0.3333333333333333,35,1.6857142857142855,0.2285714285714285,0.1031652989449003,0.2053724053724053,1.8571428571428568,0.2285714285714285,0.0002425726270303,76,1,2000
011,2.0,4,0.25,35,1.8571428571428568,0.1714285714285714,0.0385542168674698,0.1628959276018099,1.8571428571428568,0.2285714285714285,1.129920747189317e-06,76,1,2000
011,2.0,5,0.2,35,1.8857142857142857,0.1714285714285714,0.0350877192982455,0.1606981254040077,1.8571428571428568,0.2285714285714285,7.132131258913432e-07,76,1,2000
011,2.0,6,0.1666666666666666,35,1.9142857142857144,0.1428571428571428,0.0170117156154711,0.1474358974358974,1.8571428571428568,0.2285714285714285,2.6552690997050377e-06,76,1,2000
011,2.0,8,0.125,35,1.9428571428571428,0.1142857142857142,0.0075832509066928,0.1115773115773115,1.8571428571428568,0.2285714285714285,6.463439058279619e-05,76,1,2000
011,2.0,10,0.1,35,1.9428571428571428,0.1142857142857142,0.0012824623276692,0.101445922498554,1.8571428571428568,0.2285714285714285,1.1191457360837377e-07,76,1,2000
011,2.0,12,0.0833333333333333,35,1.7142857142857142,0.2,0.0924202127659575,0.1688644688644688,1.8571428571428568,0.2285714285714285,9.073834917217027e-06,76,1,2000
011,2.0,14,0.0714285714285714,35,1.6571428571428573,0.2857142857142857,0.1252839987017203,0.2713630229419703,1.8571428571428568,0.2285714285714285,1.1465657934195407e-07,76,1,2000
011,2.0,16,0.0625,35,1.6,0.2857142857142857,0.1375770020533882,0.2825518341307815,1.8571428571428568,0.2285714285714285,3.059187747567194e-07,76,1,2000
011,2.0,20,0.05,35,1.4285714285714286,0.3142857142857143,0.1893911094508777,0.2994444444444444,1.8571428571428568,0.2285714285714285,1.1663049548360505e-07,76,1,2000
011,2.0,25,0.04,35,1.457142857142857,0.3142857142857143,0.2348754448398577,0.3047058823529411,1.8571428571428568,0.2285714285714285,8.719081279195963e-08,76,1,2000
011,2.0,30,0.0333333333333333,35,1.4,0.2857142857142857,0.2756058729877941,0.2741596638655462,1.8571428571428568,0.2285714285714285,8.88886688699131e-08,76,1,2000
011,2.0,40,0.025,35,1.3428571428571427,0.3428571428571428,0.2879886785777464,0.3277310924369748,1.8571428571428568,0.2285714285714285,1.0983531950614633e-07,76,1,2000
011,2.0,50,0.02,35,1.2571428571428571,0.3428571428571428,0.3776150627615063,0.3060834590246355,1.8571428571428568,0.2285714285714285,1.1552879186638165e-07,76,1,2000
011,2.0,60,0.0166666666666666,35,1.2,0.3142857142857143,0.3404522613065326,0.2641025641025641,1.8571428571428568,0.2285714285714285,1.1357278850709919e-07,76,1,2000
011,2.0,75,0.0133333333333333,35,0.8571428571428571,0.4857142857142857,0.527247321844434,0.3519762845849802,1.8571428571428568,0.2285714285714285,1.450128479518753e-07,76,1,2000
011,5.0,1,2.5,35,1.7714285714285714,0.1714285714285714,0.0252293577981651,0.1812987012987013,1.8571428571428568,0.2285714285714285,0.003443838097155,76,1,2000
011,5.0,2,1.25,35,1.3428571428571427,0.3142857142857143,0.1646219049743476,0.3330827067669172,1.8571428571428568,0.2285714285714285,0.0028802121523767,76,1,2000
011,5.0,3,0.8333333333333334,35,1.6571428571428573,0.2571428571428571,0.1252839987017201,0.2217466743782533,1.8571428571428568,0.2285714285714285,0.0005723943468183,76,1,2000
011,5.0,4,0.625,35,1.7142857142857142,0.2,0.1092985318107666,0.1746031746031746,1.8571428571428568,0.2285714285714285,0.0011706836521625,76,1,2000
011,5.0,5,0.5,35,1.7142857142857142,0.2,0.1092985318107666,0.1746031746031746,1.8571428571428568,0.2285714285714285,0.0002602115855552,76,1,2000
011,5.0,6,0.4166666666666667,35,1.8285714285714283,0.2,0.0582959641255605,0.1918336565395388,1.8571428571428568,0.2285714285714285,0.0002677863230928,76,1,2000
011,5.0,8,0.3125,35,1.9142857142857144,0.2,0.021552397313759,0.2007301522007404,1.8571428571428568,0.2285714285714285,0.0008718140888959,76,1,2000
011,5.0,10,0.25,35,1.8571428571428568,0.1428571428571428,0.0665912396961369,0.1449106449106449,1.8571428571428568,0.2285714285714285,0.0001308947103098,76,1,2000
011,5.0,12,0.2083333333333333,35,1.6,0.2571428571428571,0.1569086651053864,0.2164835164835164,1.8571428571428568,0.2285714285714285,5.735355443903245e-07,76,1,2000
011,5.0,14,0.1785714285714285,35,1.6,0.2,0.1726618705035971,0.171062271062271,1.8571428571428568,0.2285714285714285,2.933649625447288e-07,76,1,2000
011,5.0,16,0.15625,35,1.5142857142857142,0.2857142857142857,0.2028007423654463,0.2548717948717948,1.8571428571428568,0.2285714285714285,0.0002462050761096,76,1,2000
011,5.0,20,0.125,35,1.4857142857142858,0.2857142857142857,0.2137508509189926,0.2540823211875843,1.8571428571428568,0.2285714285714285,1.257532034060205e-07,76,1,2000
011,5.0,25,0.1,35,1.3714285714285714,0.3714285714285714,0.283625730994152,0.3257142857142857,1.8571428571428568,0.2285714285714285,7.645990507398892e-08,76,1,2000
011,5.0,30,0.0833333333333333,35,1.542857142857143,0.2571428571428571,0.2186474064346684,0.2459417775207248,1.8571428571428568,0.2285714285714285,7.393384748866083e-08,76,1,2000
011,5.0,40,0.0625,35,1.3714285714285714,0.3142857142857143,0.3581907090464548,0.2455882352941176,1.8571428571428568,0.2285714285714285,5.473389563803722e-08,76,1,2000
011,5.0,50,0.05,35,1.2857142857142858,0.3428571428571428,0.4011099121319562,0.2598739495798319,1.8571428571428568,0.2285714285714285,7.583956573853358e-08,76,1,2000
011,5.0,60,0.0416666666666666,35,0.8857142857142857,0.4285714285714285,0.5682625966966339,0.3471679197994987,1.8571428571428568,0.2285714285714285,7.553873615506745e-08,76,1,2000
011,5.0,75,0.0333333333333333,35,0.8857142857142857,0.4571428571428571,0.5133160499646476,0.3361660079051383,1.8571428571428568,0.2285714285714285,9.412530488361881e-08,76,1,2000
012,0.005,1,0.0025,35,0.7142857142857143,0.7428571428571429,0.095575221238938,0.4850657108721624,0.8571428571428571,0.5714285714285714,0.0009179881890304,76,1,2000
012,0.005,2,0.00125,35,1.1142857142857143,0.3714285714285714,-0.0032206119162641,0.1834625322997416,0.8571428571428571,0.5714285714285714,0.0013757094275206,76,1,2000
012,0.005,3,0.0008333333333333,35,1.1428571428571428,0.3142857142857143,0.0,0.1594202898550724,0.8571428571428571,0.5714285714285714,0.0014785195235162,76,1,2000
012,0.005,4,0.000625,35,1.1714285714285717,0.3142857142857143,-0.0406885758998436,0.1222222222222222,0.8571428571428571,0.5714285714285714,0.0012804996222257,76,1,2000
012,0.005,5,0.0005,35,1.1714285714285717,0.3142857142857143,-0.0406885758998436,0.1222222222222222,0.8571428571428571,0.5714285714285714,0.0012048656353726,76,1,2000
012,0.005,6,0.0004166666666666,35,1.3142857142857145,0.1428571428571428,0.1273209549071619,0.0625,0.8571428571428571,0.5714285714285714,0.0010943032102659,76,1,2000
012,0.005,8,0.0003125,35,1.3714285714285714,0.1428571428571428,0.0899999999999999,0.0657894736842105,0.8571428571428571,0.5714285714285714,0.0010440368205308,76,1,2000
012,0.005,10,0.00025,35,1.2571428571428571,0.2571428571428571,0.0112994350282485,0.1071428571428571,0.8571428571428571,0.5714285714285714,0.0010788009967654,76,1,2000
012,0.005,12,0.0002083333333333,35,1.3142857142857145,0.2,0.0530503978779841,0.0875,0.8571428571428571,0.5714285714285714,0.0010300674475729,76,1,2000
012,0.005,14,0.0001785714285714,35,1.2857142857142858,0.2,0.0519835841313268,0.0853658536585365,0.8571428571428571,0.5714285714285714,0.001209697802551,76,1,2000
012,0.005,16,0.00015625,35,1.3428571428571427,0.1714285714285714,0.0720720720720722,0.0769230769230769,0.8571428571428571,0.5714285714285714,0.0013300696155056,76,1,2000
012,0.005,20,0.000125,35,1.3142857142857145,0.1428571428571428,0.198090692124105,0.1111111111111111,0.8571428571428571,0.5714285714285714,0.0015630122506991,76,1,2000
012,0.005,25,0.0001,35,1.2857142857142858,0.2,0.2316043425814233,0.1412698412698412,0.8571428571428571,0.5714285714285714,0.0020220046862959,76,1,2000
012,0.005,30,8.333333333333333e-05,35,1.2,0.3714285714285714,0.058679706601467,0.2925,0.8571428571428571,0.5714285714285714,0.0034679840318858,76,1,2000
012,0.005,40,6.25e-05,35,1.0,0.4571428571428571,0.3870270270270269,0.4122807017543859,0.8571428571428571,0.5714285714285714,0.0038469738792628,76,1,2000
012,0.005,50,5e-05,35,1.3714285714285714,0.2571428571428571,0.0567375886524823,0.218073593073593,0.8571428571428571,0.5714285714285714,0.0040178429335355,76,1,2000
012,0.005,60,4.1666666666666665e-05,35,1.0857142857142856,0.4285714285714285,0.0496083550913837,0.3293650793650793,0.8571428571428571,0.5714285714285714,0.0046987505629658,76,1,2000
012,0.005,75,3.3333333333333335e-05,35,0.4857142857142857,0.7142857142857143,0.6008344923504868,0.5669950738916256,0.8571428571428571,0.5714285714285714,0.0064620072953403,76,1,2000
012,0.01,1,0.005,35,0.6571428571428571,0.7714285714285715,0.0938086303939962,0.4936342592592593,0.8571428571428571,0.5714285714285714,0.0006204017554409,76,1,2000
012,0.01,2,0.0025,35,1.1428571428571428,0.3714285714285714,-0.0434782608695649,0.1865079365079365,0.8571428571428571,0.5714285714285714,0.0014153671218082,76,1,2000
012,0.01,3,0.0016666666666666,35,1.1428571428571428,0.3142857142857143,0.0,0.1594202898550724,0.8571428571428571,0.5714285714285714,0.0017122293356806,76,1,2000
012,0.01,4,0.00125,35,1.1714285714285717,0.3142857142857143,-0.0406885758998436,0.1222222222222222,0.8571428571428571,0.5714285714285714,0.0014798088232055,76,1,2000
012,0.01,5,0.001,35,1.1714285714285717,0.3142857142857143,-0.0406885758998436,0.1222222222222222,0.8571428571428571,0.5714285714285714,0.0014256743015721,76,1,2000
012,0.01,6,0.0008333333333333,35,1.3142857142857145,0.1428571428571428,0.1273209549071619,0.0625,0.8571428571428571,0.5714285714285714,0.0012158235767856,76,1,2000
012,0.01,8,0.000625,35,1.3714285714285714,0.1428571428571428,0.0899999999999999,0.0657894736842105,0.8571428571428571,0.5714285714285714,0.0010516608599573,76,1,2000
012,0.01,10,0.0005,35,1.2571428571428571,0.2571428571428571,0.0112994350282485,0.1071428571428571,0.8571428571428571,0.5714285714285714,0.0011130273342132,76,1,2000
012,0.01,12,0.0004166666666666,35,1.2857142857142858,0.2285714285714285,0.0328317373461011,0.0975609756097561,0.8571428571428571,0.5714285714285714,0.0011383858509361,76,1,2000
012,0.01,14,0.0003571428571428,35,1.2571428571428571,0.2285714285714285,0.0310734463276836,0.0952380952380952,0.8571428571428571,0.5714285714285714,0.0013218425447121,76,1,2000
012,0.01,16,0.0003125,35,1.3428571428571427,0.1714285714285714,0.0720720720720722,0.0769230769230769,0.8571428571428571,0.5714285714285714,0.001346691395156,76,1,2000
012,0.01,20,0.00025,35,1.3142857142857145,0.1428571428571428,0.198090692124105,0.1111111111111111,0.8571428571428571,0.5714285714285714,0.0015481549780815,76,1,2000
012,0.01,25,0.0002,35,1.3428571428571427,0.2,0.1626016260162602,0.1412698412698412,0.8571428571428571,0.5714285714285714,0.001890018233098,76,1,2000
012,0.01,30,0.0001666666666666,35,1.2,0.3714285714285714,0.058679706601467,0.2925,0.8571428571428571,0.5714285714285714,0.0032961755059659,76,1,2000
012,0.01,40,0.000125,35,1.0571428571428572,0.4571428571428571,0.3206106870229007,0.4018640350877193,0.8571428571428571,0.5714285714285714,0.0034045842476189,76,1,2000
012,0.01,50,0.0001,35,1.4,0.2285714285714285,0.0584795321637426,0.1971786833855799,0.8571428571428571,0.5714285714285714,0.0034657099749892,76,1,2000
012,0.01,60,8.333333333333333e-05,35,1.0857142857142856,0.4285714285714285,0.0496083550913837,0.3293650793650793,0.8571428571428571,0.5714285714285714,0.0040189931169152,76,1,2000
012,0.01,75,6.666666666666667e-05,35,0.4571428571428571,0.7428571428571429,0.5977011494252873,0.5832288401253918,0.8571428571428571,0.5714285714285714,0.0056529478169977,76,1,2000
012,0.02,1,0.01,35,0.6571428571428571,0.7714285714285715,0.0938086303939962,0.4936342592592593,0.8571428571428571,0.5714285714285714,0.0002157172566512,76,1,2000
012,0.02,2,0.005,35,1.1428571428571428,0.3714285714285714,-0.0434782608695649,0.1865079365079365,0.8571428571428571,0.5714285714285714,0.0011339312186464,76,1,2000
012,0.02,3,0.0033333333333333,35,1.1142857142857143,0.3428571428571428,-0.0032948929159803,0.2021786492374727,0.8571428571428571,0.5714285714285714,0.0016523522790521,76,1,2000
012,0.02,4,0.0025,35,1.1714285714285717,0.3142857142857143,-0.0406885758998436,0.1222222222222222,0.8571428571428571,0.5714285714285714,0.0015258655184879,76,1,2000
012,0.02,5,0.002,35,1.1714285714285717,0.3142857142857143,-0.0406885758998436,0.1222222222222222,0.8571428571428571,0.5714285714285714,0.0015685386024415,76,1,2000
012,0.02,6,0.0016666666666666,35,1.3142857142857145,0.1428571428571428,0.1273209549071619,0.0625,0.8571428571428571,0.5714285714285714,0.0013075028546154,76,1,2000
012,0.02,8,0.00125,35,1.3428571428571427,0.1714285714285714,0.0720720720720722,0.0769230769230769,0.8571428571428571,0.5714285714285714,0.0010154917836189,76,1,2000
012,0.02,10,0.001,35,1.2571428571428571,0.2571428571428571,0.0112994350282485,0.1071428571428571,0.8571428571428571,0.5714285714285714,0.0011334175942465,76,1,2000
012,0.02,12,0.0008333333333333,35,1.2571428571428571,0.2571428571428571,0.0112994350282485,0.1071428571428571,0.8571428571428571,0.5714285714285714,0.0012890882790088,76,1,2000
012,0.02,14,0.0007142857142857,35,1.2571428571428571,0.2285714285714285,0.0310734463276836,0.0952380952380952,0.8571428571428571,0.5714285714285714,0.0014127078466117,76,1,2000
012,0.02,16,0.000625,35,1.3428571428571427,0.1714285714285714,0.0720720720720722,0.0769230769230769,0.8571428571428571,0.5714285714285714,0.0013864598004147,76,1,2000
012,0.02,20,0.0005,35,1.3142857142857145,0.1428571428571428,0.198090692124105,0.1111111111111111,0.8571428571428571,0.5714285714285714,0.0016264258883893,76,1,2000
012,0.02,25,0.0004,35,1.3714285714285714,0.1714285714285714,0.176470588235294,0.1290849673202614,0.8571428571428571,0.5714285714285714,0.0019267158349975,76,1,2000
012,0.02,30,0.0003333333333333,35,1.2,0.3428571428571428,0.0629921259842519,0.2291666666666666,0.8571428571428571,0.5714285714285714,0.0031656273640692,76,1,2000
012,0.02,40,0.00025,35,1.0571428571428572,0.4571428571428571,0.3206106870229007,0.4018640350877193,0.8571428571428571,0.5714285714285714,0.0029680298175662,76,1,2000
012,0.02,50,0.0002,35,1.4,0.2285714285714285,0.0584795321637426,0.1971786833855799,0.8571428571428571,0.5714285714285714,0.0028983801603317,76,1,2000
012,0.02,60,0.0001666666666666,35,1.0571428571428572,0.4285714285714285,0.0861372812920592,0.3256704980842911,0.8571428571428571,0.5714285714285714,0.0031879704911261,76,1,2000
012,0.02,75,0.0001333333333333,35,0.4571428571428571,0.7428571428571429,0.5977011494252873,0.5832288401253918,0.8571428571428571,0.5714285714285714,0.0044589461758732,76,1,2000
012,0.05,1,0.025,35,0.6571428571428571,0.7714285714285715,0.0938086303939962,0.4936342592592593,0.8571428571428571,0.5714285714285714,5.5059485930542e-06,76,1,2000
012,0.05,2,0.0125,35,1.1142857142857143,0.4,-0.0472440944881891,0.2130937098844672,0.8571428571428571,0.5714285714285714,0.0004243019211571,76,1,2000
012,0.05,3,0.0083333333333333,35,1.0857142857142856,0.4,-0.0522875816993464,0.2098997493734336,0.8571428571428571,0.5714285714285714,0.0010501208016648,76,1,2000
012,0.05,4,0.00625,35,1.1714285714285717,0.3142857142857143,-0.0406885758998436,0.1222222222222222,0.8571428571428571,0.5714285714285714,0.0010110888397321,76,1,2000
012,0.05,5,0.005,35,1.1714285714285717,0.3142857142857143,-0.0406885758998436,0.1222222222222222,0.8571428571428571,0.5714285714285714,0.0011759002227336,76,1,2000
012,0.05,6,0.0041666666666666,35,1.3142857142857145,0.1428571428571428,0.1273209549071619,0.0625,0.8571428571428571,0.5714285714285714,0.0009798833634704,76,1,2000
012,0.05,8,0.003125,35,1.3428571428571427,0.1714285714285714,0.0720720720720722,0.0769230769230769,0.8571428571428571,0.5714285714285714,0.0007351507083512,76,1,2000
012,0.05,10,0.0025,35,1.2571428571428571,0.2571428571428571,0.0112994350282485,0.1071428571428571,0.8571428571428571,0.5714285714285714,0.0009416490793228,76,1,2000
012,0.05,12,0.0020833333333333,35,1.2571428571428571,0.2571428571428571,0.0112994350282485,0.1071428571428571,0.8571428571428571,0.5714285714285714,0.0012573290150612,76,1,2000
012,0.05,14,0.0017857142857142,35,1.2571428571428571,0.2285714285714285,0.0310734463276836,0.0952380952380952,0.8571428571428571,0.5714285714285714,0.0012461573351174,76,1,2000
012,0.05,16,0.0015625,35,1.3714285714285714,0.1428571428571428,0.0899999999999999,0.0657894736842105,0.8571428571428571,0.5714285714285714,0.0013269846094772,76,1,2000
012,0.05,20,0.00125,35,1.3142857142857145,0.1428571428571428,0.198090692124105,0.1111111111111111,0.8571428571428571,0.5714285714285714,0.0015065347542986,76,1,2000
012,0.05,25,0.001,35,1.3714285714285714,0.1714285714285714,0.176470588235294,0.1290849673202614,0.8571428571428571,0.5714285714285714,0.0016710200579836,76,1,2000
012,0.05,30,0.0008333333333333,35,1.2571428571428571,0.3142857142857143,0.0307692307692307,0.2176923076923076,0.8571428571428571,0.5714285714285714,0.0025249668397009,76,1,2000
012,0.05,40,0.000625,35,1.0857142857142856,0.4285714285714285,0.2984409799554565,0.303157894736842,0.8571428571428571,0.5714285714285714,0.0022362228482961,76,1,2000
012,0.05,50,0.0005,35,1.3428571428571427,0.2571428571428571,0.0729040097205345,0.2096581579340199,0.8571428571428571,0.5714285714285714,0.0020219003781676,76,1,2000
012,0.05,60,0.0004166666666666,35,1.0571428571428572,0.4285714285714285,0.0861372812920592,0.3256704980842911,0.8571428571428571,0.5714285714285714,0.0019694007933139,76,1,2000
012,0.05,75,0.0003333333333333,35,0.4857142857142857,0.7142857142857143,0.5929078014184397,0.5664596273291926,0.8571428571428571,0.5714285714285714,0.002543332055211,76,1,2000
012,0.1,1,0.05,35,0.6571428571428571,0.7714285714285715,0.0938086303939962,0.4936342592592593,0.8571428571428571,0.5714285714285714,4.753954726766096e-06,76,1,2000
012,0.1,2,0.025,35,1.0857142857142856,0.4,-0.0522875816993464,0.2098997493734336,0.8571428571428571,0.5714285714285714,5.323356526787393e-05,76,1,2000
012,0.1,3,0.0166666666666666,35,1.0857142857142856,0.4,-0.0522875816993464,0.2098997493734336,0.8571428571428571,0.5714285714285714,0.0003704867558553,76,1,2000
012,0.1,4,0.0125,35,1.1714285714285717,0.3142857142857143,-0.0406885758998436,0.1222222222222222,0.8571428571428571,0.5714285714285714,0.000398165138904,76,1,2000
012,0.1,5,0.01,35,1.1714285714285717,0.3142857142857143,-0.0406885758998436,0.1222222222222222,0.8571428571428571,0.5714285714285714,0.0005191734526306,76,1,2000
012,0.1,6,0.0083333333333333,35,1.3142857142857145,0.1428571428571428,0.1273209549071619,0.0625,0.8571428571428571,0.5714285714285714,0.0004326440102886,76,1,2000
012,0.1,8,0.00625,35,1.3428571428571427,0.1714285714285714,0.0720720720720722,0.0769230769230769,0.8571428571428571,0.5714285714285714,0.0003244849795009,76,1,2000
012,0.1,10,0.005,35,1.2571428571428571,0.2571428571428571,0.0112994350282485,0.1071428571428571,0.8571428571428571,0.5714285714285714,0.0005418360815383,76,1,2000
012,0.1,12,0.0041666666666666,35,1.2571428571428571,0.2571428571428571,0.0112994350282485,0.1071428571428571,0.8571428571428571,0.5714285714285714,0.0008615598781034,76,1,2000
012,0.1,14,0.0035714285714285,35,1.2857142857142858,0.2285714285714285,-0.0054719562243503,0.0975609756097561,0.8571428571428571,0.5714285714285714,0.0007771952659823,76,1,2000
012,0.1,16,0.003125,35,1.3714285714285714,0.1428571428571428,0.0899999999999999,0.0657894736842105,0.8571428571428571,0.5714285714285714,0.000971570261754,76,1,2000
012,0.1,20,0.0025,35,1.2857142857142858,0.1714285714285714,0.1840490797546012,0.1231231231231231,0.8571428571428571,0.5714285714285714,0.0010471834102645,76,1,2000
012,0.1,25,0.002,35,1.3142857142857145,0.1714285714285714,0.1813842482100239,0.125,0.8571428571428571,0.5714285714285714,0.0010447304230183,76,1,2000
012,0.1,30,0.0016666666666666,35,1.1428571428571428,0.3714285714285714,0.0754716981132075,0.2492857142857142,0.8571428571428571,0.5714285714285714,0.0014837676426395,76,1,2000
012,0.1,40,0.00125,35,1.0857142857142856,0.4,0.2560386473429951,0.2708571428571428,0.8571428571428571,0.5714285714285714,0.0013133868342265,76,1,2000
012,0.1,50,0.001,35,1.3142857142857145,0.2857142857142857,0.0712530712530712,0.2305194805194805,0.8571428571428571,0.5714285714285714,0.0011232522083446,76,1,2000
012,0.1,60,0.0008333333333333,35,1.0571428571428572,0.4571428571428571,0.0519835841313269,0.3351851851851852,0.8571428571428571,0.5714285714285714,0.0009912491077557,76,1,2000
012,0.1,75,0.0006666666666666,35,0.4857142857142857,0.7142857142857143,0.5929078014184397,0.5664596273291926,0.8571428571428571,0.5714285714285714,0.0012646842515096,76,1,2000
012,0.2,1,0.1,35,0.6857142857142857,0.7714285714285715,0.0431654676258991,0.5014690170940171,0.8571428571428571,0.5714285714285714,1.142991277447436e-05,76,1,2000
012,0.2,2,0.05,35,1.0571428571428572,0.4285714285714285,-0.056384742951907,0.2341463414634146,0.8571428571428571,0.5714285714285714,4.078998472323292e-07,76,1,2000
012,0.2,3,0.0333333333333333,35,1.0857142857142856,0.4,-0.0522875816993464,0.2098997493734336,0.8571428571428571,0.5714285714285714,2.819722431013361e-05,76,1,2000
012,0.2,4,0.025,35,1.1714285714285717,0.3142857142857143,-0.0406885758998436,0.1222222222222222,0.8571428571428571,0.5714285714285714,4.452826760825701e-05,76,1,2000
012,0.2,5,0.02,35,1.1714285714285717,0.3142857142857143,-0.0406885758998436,0.1222222222222222,0.8571428571428571,0.5714285714285714,8.051291661104187e-05,76,1,2000
012,0.2,6,0.0166666666666666,35,1.2857142857142858,0.1714285714285714,0.1094391244870039,0.073170731707317,0.8571428571428571,0.5714285714285714,6.709311855956912e-05,76,1,2000
012,0.2,8,0.0125,35,1.3428571428571427,0.1714285714285714,0.0720720720720722,0.0769230769230769,0.8571428571428571,0.5714285714285714,5.0320024456596e-05,76,1,2000
012,0.2,10,0.01,35,1.2571428571428571,0.2571428571428571,0.0112994350282485,0.1071428571428571,0.8571428571428571,0.5714285714285714,0.000147902581375,76,1,2000
012,0.2,12,0.0083333333333333,35,1.2571428571428571,0.2571428571428571,0.0112994350282485,0.1071428571428571,0.8571428571428571,0.5714285714285714,0.0003407952026464,76,1,2000
012,0.2,14,0.0071428571428571,35,1.2857142857142858,0.2285714285714285,-0.0054719562243503,0.0975609756097561,0.8571428571428571,0.5714285714285714,0.0002519257832318,76,1,2000
012,0.2,16,0.00625,35,1.3714285714285714,0.1428571428571428,0.0899999999999999,0.0657894736842105,0.8571428571428571,0.5714285714285714,0.000375386502128,76,1,2000
012,0.2,20,0.005,35,1.2857142857142858,0.1714285714285714,0.1840490797546012,0.1231231231231231,0.8571428571428571,0.5714285714285714,0.0004211921768728,76,1,2000
012,0.2,25,0.004,35,1.3142857142857145,0.1714285714285714,0.1813842482100239,0.125,0.8571428571428571,0.5714285714285714,0.0004185804864391,76,1,2000
012,0.2,30,0.0033333333333333,35,1.1428571428571428,0.3714285714285714,0.0754716981132075,0.2492857142857142,0.8571428571428571,0.5714285714285714,0.0004911058349534,76,1,2000
012,0.2,40,0.0025,35,1.0,0.4857142857142857,0.2013422818791945,0.3825051759834368,0.8571428571428571,0.5714285714285714,0.0003938841982744,76,1,2000
012,0.2,50,0.002,35,1.1714285714285717,0.3428571428571428,0.1025641025641026,0.2595286195286195,0.8571428571428571,0.5714285714285714,0.0003172017168253,76,1,2000
012,0.2,60,0.0016666666666666,35,1.1714285714285717,0.4285714285714285,-0.0658436213991771,0.3071946169772256,0.8571428571428571,0.5714285714285714,0.0002913891221396,76,1,2000
012,0.2,75,0.0013333333333333,35,0.4857142857142857,0.7142857142857143,0.5929078014184397,0.5664596273291926,0.8571428571428571,0.5714285714285714,0.0004656733071897,76,1,2000
012,0.5,1,0.25,35,0.6285714285714286,0.7714285714285715,0.1376811594202899,0.4079444444444444,0.8571428571428571,0.5714285714285714,5.061243655291037e-07,76,1,2000
012,0.5,2,0.125,35,0.9142857142857144,0.5714285714285714,-0.0788530465949819,0.3327777777777778,0.8571428571428571,0.5714285714285714,2.09802891504296e-07,76,1,2000
012,0.5,3,0.0833333333333333,35,1.0571428571428572,0.4285714285714285,-0.056384742951907,0.2341463414634146,0.8571428571428571,0.5714285714285714,2.80835109833788e-07,76,1,2000
012,0.5,4,0.0625,35,1.1714285714285717,0.3142857142857143,-0.0406885758998436,0.1222222222222222,0.8571428571428571,0.5714285714285714,2.485864456502896e-07,76,1,2000
012,0.5,5,0.05,35,1.1714285714285717,0.3142857142857143,-0.0406885758998436,0.1222222222222222,0.8571428571428571,0.5714285714285714,2.580903526450129e-07,76,1,2000
012,0.5,6,0.0416666666666666,35,1.3428571428571427,0.1428571428571428,0.0900900900900901,0.0641025641025641,0.8571428571428571,0.5714285714285714,2.188056100749236e-07,76,1,2000
012,0.5,8,0.03125,35,1.3142857142857145,0.2,0.0530503978779841,0.0875,0.8571428571428571,0.5714285714285714,1.7197679369473917e-07,76,1,2000
012,0.5,10,0.025,35,1.2571428571428571,0.2571428571428571,0.0112994350282485,0.1071428571428571,0.8571428571428571,0.5714285714285714,1.557599375701102e-06,76,1,2000
012,0.5,12,0.0208333333333333,35,1.2571428571428571,0.2571428571428571,0.0112994350282485,0.1071428571428571,0.8571428571428571,0.5714285714285714,1.066158711182652e-05,76,1,2000
012,0.5,14,0.0178571428571428,35,1.2571428571428571,0.2571428571428571,-0.0282485875706215,0.1071428571428571,0.8571428571428571,0.5714285714285714,5.248292382020736e-06,76,1,2000
012,0.5,16,0.015625,35,1.3428571428571427,0.2,0.0180180180180181,0.0897435897435897,0.8571428571428571,0.5714285714285714,1.0887403732340316e-05,76,1,2000
012,0.5,20,0.0125,35,1.3142857142857145,0.1714285714285714,0.1067708333333333,0.0789473684210526,0.8571428571428571,0.5714285714285714,1.5274623365257867e-05,76,1,2000
012,0.5,25,0.01,35,1.3142857142857145,0.1714285714285714,0.1813842482100239,0.125,0.8571428571428571,0.5714285714285714,2.233573286503088e-05,76,1,2000
012,0.5,30,0.0083333333333333,35,1.2285714285714286,0.3142857142857143,0.0442132639791936,0.2170087976539589,0.8571428571428571,0.5714285714285714,1.598835297045298e-05,76,1,2000
012,0.5,40,0.00625,35,0.9428571428571428,0.4857142857142857,0.1733931240657698,0.3611111111111111,0.8571428571428571,0.5714285714285714,6.274891347857192e-06,76,1,2000
012,0.5,50,0.005,35,1.0285714285714285,0.4,0.2071823204419888,0.3141025641025641,0.8571428571428571,0.5714285714285714,4.328021532273851e-06,76,1,2000
012,0.5,60,0.0041666666666666,35,1.0857142857142856,0.4571428571428571,0.0403225806451612,0.3464035964035964,0.8571428571428571,0.5714285714285714,7.840050784579944e-06,76,1,2000
012,0.5,75,0.0033333333333333,35,0.5428571428571428,0.6857142857142857,0.5374449339207048,0.5376418933390448,0.8571428571428571,0.5714285714285714,3.617926631704904e-05,76,1,2000
012,1.0,1,0.5,35,0.6285714285714286,0.7714285714285715,0.1986531986531986,0.5427083333333333,0.8571428571428571,0.5714285714285714,4.369738235254772e-06,76,1,2000
012,1.0,2,0.25,35,0.9142857142857144,0.5714285714285714,-0.0788530465949819,0.3327777777777778,0.8571428571428571,0.5714285714285714,1.608168815891986e-07,76,1,2000
012,1.0,3,0.1666666666666666,35,1.0,0.4571428571428571,-0.017094017094017,0.2546620046620046,0.8571428571428571,0.5714285714285714,2.3211711663861934e-07,76,1,2000
012,1.0,4,0.125,35,1.1714285714285717,0.3142857142857143,-0.0406885758998436,0.1222222222222222,0.8571428571428571,0.5714285714285714,1.87762438486061e-07,76,1,2000
012,1.0,5,0.1,35,1.1714285714285717,0.3142857142857143,-0.0406885758998436,0.1222222222222222,0.8571428571428571,0.5714285714285714,1.67447709031876e-07,76,1,2000
012,1.0,6,0.0833333333333333,35,1.3142857142857145,0.1714285714285714,0.0716180371352785,0.075,0.8571428571428571,0.5714285714285714,1.6787932111128614e-07,76,1,2000
012,1.0,8,0.0625,35,1.3428571428571427,0.2,0.0180180180180181,0.0897435897435897,0.8571428571428571,0.5714285714285714,1.3356351757920493e-07,76,1,2000
012,1.0,10,0.05,35,1.2857142857142858,0.2571428571428571,-0.024623803009576,0.1097560975609756,0.8571428571428571,0.5714285714285714,1.4057661701372126e-07,76,1,2000
012,1.0,12,0.0416666666666666,35,1.2857142857142858,0.2571428571428571,-0.024623803009576,0.1097560975609756,0.8571428571428571,0.5714285714285714,3.710388796207553e-07,76,1,2000
012,1.0,14,0.0357142857142857,35,1.2857142857142858,0.2571428571428571,-0.0629274965800275,0.1097560975609756,0.8571428571428571,0.5714285714285714,1.5810002196303685e-07,76,1,2000
012,1.0,16,0.03125,35,1.3142857142857145,0.2571428571428571,-0.0583554376657824,0.1125,0.8571428571428571,0.5714285714285714,1.650576137990356e-07,76,1,2000
012,1.0,20,0.025,35,1.2285714285714286,0.2571428571428571,0.0087591240875909,0.1046511627906976,0.8571428571428571,0.5714285714285714,1.747426097153948e-07,76,1,2000
012,1.0,25,0.02,35,1.3142857142857145,0.1428571428571428,0.1557788944723618,0.054054054054054,0.8571428571428571,0.5714285714285714,1.6078959674814541e-07,76,1,2000
012,1.0,30,0.0166666666666666,35,1.3428571428571427,0.1714285714285714,0.0530973451327433,0.0969793322734499,0.8571428571428571,0.5714285714285714,1.662649964373486e-07,76,1,2000
012,1.0,40,0.0125,35,0.9714285714285714,0.4571428571428571,0.1740412979351032,0.3443223443223443,0.8571428571428571,0.5714285714285714,1.4772831491427496e-07,76,1,2000
012,1.0,50,0.01,35,1.0,0.4285714285714285,0.2069930069930069,0.3299999999999999,0.8571428571428571,0.5714285714285714,1.0968813057843366e-07,76,1,2000
012,1.0,60,0.0083333333333333,35,1.0571428571428572,0.4857142857142857,0.0194174757281553,0.3641901576684185,0.8571428571428571,0.5714285714285714,1.1837033042638725e-07,76,1,2000
012,1.0,75,0.0066666666666666,35,0.6285714285714286,0.6,0.4766355140186916,0.475,0.8571428571428571,0.5714285714285714,3.2598006782791344e-07,76,1,2000
012,2.0,1,1.0,35,0.6571428571428571,0.7714285714285715,0.1491085899513775,0.551766304347826,0.8571428571428571,0.5714285714285714,0.0012061882298439,76,1,2000
012,2.0,2,0.5,35,0.8857142857142857,0.6,-0.0554592720970537,0.3577188940092166,0.8571428571428571,0.5714285714285714,1.237556404021234e-07,76,1,2000
012,2.0,3,0.3333333333333333,35,0.9428571428571428,0.4857142857142857,0.0240963855421686,0.2248803827751196,0.8571428571428571,0.5714285714285714,2.1113886816692687e-07,76,1,2000
012,2.0,4,0.25,35,1.2285714285714286,0.2857142857142857,-0.0525547445255476,0.1162790697674418,0.8571428571428571,0.5714285714285714,1.5487337634567666e-07,76,1,2000
012,2.0,5,0.2,35,1.2285714285714286,0.2857142857142857,-0.0525547445255476,0.1162790697674418,0.8571428571428571,0.5714285714285714,1.6558003324007586e-07,76,1,2000
012,2.0,6,0.1666666666666666,35,1.3428571428571427,0.1428571428571428,0.0900900900900901,0.0641025641025641,0.8571428571428571,0.5714285714285714,3.692175027936173e-07,76,1,2000
012,2.0,8,0.125,35,1.3714285714285714,0.2,-0.0150000000000001,0.0921052631578947,0.8571428571428571,0.5714285714285714,0.0001160971005447,76,1,2000
012,2.0,10,0.1,35,1.2857142857142858,0.2571428571428571,-0.024623803009576,0.1097560975609756,0.8571428571428571,0.5714285714285714,1.5992185353752578e-07,76,1,2000
012,2.0,12,0.0833333333333333,35,1.3142857142857145,0.2571428571428571,-0.0583554376657824,0.1125,0.8571428571428571,0.5714285714285714,2.0075985958101228e-05,76,1,2000
012,2.0,14,0.0714285714285714,35,1.2857142857142858,0.2571428571428571,-0.0629274965800275,0.1097560975609756,0.8571428571428571,0.5714285714285714,1.3583192526311905e-07,76,1,2000
012,2.0,16,0.0625,35,1.3142857142857145,0.2571428571428571,-0.0583554376657824,0.1125,0.8571428571428571,0.5714285714285714,1.4393106084753526e-07,76,1,2000
012,2.0,20,0.05,35,1.2857142857142858,0.2571428571428571,-0.0629274965800275,0.1097560975609756,0.8571428571428571,0.5714285714285714,1.3372758985497056e-05,76,1,2000
012,2.0,25,0.04,35,1.3428571428571427,0.1714285714285714,0.0720720720720722,0.0769230769230769,0.8571428571428571,0.5714285714285714,1.9633014858300163e-07,76,1,2000
012,2.0,30,0.0333333333333333,35,1.3714285714285714,0.1428571428571428,0.0549999999999999,0.0657894736842105,0.8571428571428571,0.5714285714285714,4.5054166548652574e-05,76,1,2000
012,2.0,40,0.025,35,1.0285714285714285,0.3714285714285714,0.2049861495844874,0.2911931818181818,0.8571428571428571,0.5714285714285714,1.0816599882446098e-07,76,1,2000
012,2.0,50,0.02,35,0.9428571428571428,0.4571428571428571,0.2043165467625898,0.2661904761904762,0.8571428571428571,0.5714285714285714,1.0848260245666097e-07,76,1,2000
012,2.0,60,0.0166666666666666,35,1.0,0.5142857142857142,0.0493827160493827,0.3923395445134575,0.8571428571428571,0.5714285714285714,8.233214288111412e-08,76,1,2000
012,2.0,75,0.0133333333333333,35,0.6857142857142857,0.6,0.3400673400673399,0.350242656449553,0.8571428571428571,0.5714285714285714,7.802407964163649e-08,76,1,2000
012,5.0,1,2.5,35,0.6285714285714286,0.7714285714285715,0.1940789473684211,0.5545454545454546,0.8571428571428571,0.5714285714285714,0.000455741857877,76,1,2000
012,5.0,2,1.25,35,0.7142857142857143,0.7428571428571429,0.0212389380530972,0.4826762246117084,0.8571428571428571,0.5714285714285714,9.69048705883324e-05,76,1,2000
012,5.0,3,0.8333333333333334,35,0.8285714285714286,0.6285714285714286,0.0332778702163062,0.4205495818399044,0.8571428571428571,0.5714285714285714,1.6699303159839474e-05,76,1,2000
012,5.0,4,0.625,35,1.1714285714285717,0.2857142857142857,0.0234948604992655,0.0952380952380952,0.8571428571428571,0.5714285714285714,1.3379928986978484e-07,76,1,2000
012,5.0,5,0.5,35,1.2,0.2857142857142857,-0.0147928994082842,0.119047619047619,0.8571428571428571,0.5714285714285714,4.942452505929396e-06,76,1,2000
012,5.0,6,0.4166666666666667,35,1.3714285714285714,0.1142857142857142,0.1056511056511055,0.0555555555555555,0.8571428571428571,0.5714285714285714,3.039793591597117e-05,76,1,2000
012,5.0,8,0.3125,35,1.3142857142857145,0.2285714285714285,-0.0026041666666665,0.1052631578947368,0.8571428571428571,0.5714285714285714,3.781798295676708e-05,76,1,2000
012,5.0,10,0.25,35,1.3142857142857145,0.2571428571428571,-0.0583554376657824,0.1125,0.8571428571428571,0.5714285714285714,1.4920024682396618e-07,76,1,2000
012,5.0,12,0.2083333333333333,35,1.3142857142857145,0.2571428571428571,-0.0583554376657824,0.1125,0.8571428571428571,0.5714285714285714,7.022028148639947e-05,76,1,2000
012,5.0,14,0.1785714285714285,35,1.2857142857142858,0.2571428571428571,-0.0629274965800275,0.1097560975609756,0.8571428571428571,0.5714285714285714,2.2138921849546023e-05,76,1,2000
012,5.0,16,0.15625,35,1.2857142857142858,0.2571428571428571,-0.0629274965800275,0.1097560975609756,0.8571428571428571,0.5714285714285714,3.9661044866079465e-05,76,1,2000
012,5.0,20,0.125,35,1.2571428571428571,0.2857142857142857,-0.0875706214689266,0.119047619047619,0.8571428571428571,0.5714285714285714,1.7127043975051492e-05,76,1,2000
012,5.0,25,0.1,35,1.2571428571428571,0.2857142857142857,-0.0480225988700564,0.119047619047619,0.8571428571428571,0.5714285714285714,9.776413634199345e-08,76,1,2000
012,5.0,30,0.0833333333333333,35,1.3714285714285714,0.1428571428571428,0.0549999999999999,0.0657894736842105,0.8571428571428571,0.5714285714285714,9.539099465882829e-08,76,1,2000
012,5.0,40,0.0625,35,1.0857142857142856,0.2857142857142857,0.2222222222222222,0.1665497076023391,0.8571428571428571,0.5714285714285714,9.323126448634866e-08,76,1,2000
012,5.0,50,0.05,35,0.9428571428571428,0.4571428571428571,0.1684210526315789,0.2351648351648351,0.8571428571428571,0.5714285714285714,9.94936684151071e-08,76,1,2000
012,5.0,60,0.0416666666666666,35,0.9142857142857144,0.5142857142857142,0.1378299120234604,0.3883228840125392,0.8571428571428571,0.5714285714285714,5.307227638695622e-06,76,1,2000
012,5.0,75,0.0333333333333333,35,0.7428571428571429,0.5714285714285714,0.2857142857142857,0.3114395183360701,0.8571428571428571,0.5714285714285714,5.881099696125602e-08,76,1,2000
