dropout,lr,window_seconds,loss,fold,val_pids,seed,best_set_mae,smoothed_best_set_mae,best_epoch_smoothed,best_epoch_1se,metrics_epoch,epochs_run,set_acc_at_best,qwk_at_best,val_n,mae_argmax,acc_argmax,mae_median,acc_median,pred_loa0,pred_loa1,pred_loa2,pred_loa3,pred_loa4,const_set_mae,const_loa_mae,const_set_acc,const_loa_acc,lbl_loa0,lbl_loa1,lbl_loa2,lbl_loa3,lbl_loa4,trn_loa0,trn_loa1,trn_loa2,trn_loa3,trn_loa4,adapt_at_best,best_adapt_mae,smoothed_best_adapt_mae,best_epoch_smoothed_adapt,best_epoch_1se_adapt,adapt_acc_at_best_adapt,adapt_n_drivers,init_adapt_set_mae,init_adapt_set_acc,adapt_mae_tail,adapt_acc_tail,adapt_mae_argmax,adapt_acc_argmax,adapt_mae_median,adapt_acc_median,embed_fcd,adapt_mae_k5,adapt_acc_k5,adapt_mae_k10,adapt_acc_k10,adapt_mae_k20,adapt_acc_k20,adapt_mae_k30,adapt_acc_k30,adapt_mae_k40,adapt_acc_k40,adapt_mae_k50,adapt_acc_k50,adapt_mae_k60,adapt_acc_k60
0.1,0.001,20.0,corn,0,001|005,1,1.5491803278688525,1.6133879781420764,23,21,23,24,0.3114754098360656,0.07154484779423742,244,1.5532786885245902,0.3237704918032787,1.5655737704918034,0.3114754098360656,80.0,54.0,68.0,28.0,14.0,1.209016393442623,3,0.3770491803278688,4,49,17,48,59,92,463,302,177,119,227,1.4099026131680001,1.1963484064178094,1.2816727078225478,3,3,0.4067043901378401,2.0,1.3235196421769533,0.3170655117843654,1.330952380952381,0.36904761904761907,1.1951797802740907,0.4269641645098783,1.1963484064178094,0.4067043901378401,0,1.219218122031421,0.3202411399342346,1.2248006379585328,0.36929824561403507,1.1803846153846154,0.4121153846153846,1.2319148936170212,0.40815602836879433,1.300892857142857,0.4041666666666667,1.252123552123552,0.43243243243243246,0.9651041666666667,0.5005208333333333
0.1,0.001,20.0,corn,0,001|005,0,1.5204918032786885,1.5540983606557375,14,12,14,24,0.2827868852459016,0.11158724961205002,244,1.5819672131147542,0.29918032786885246,1.5450819672131149,0.2827868852459016,64.0,73.0,75.0,19.0,13.0,1.209016393442623,3,0.3770491803278688,4,49,17,48,59,92,463,302,177,119,227,1.3473477550602997,1.247039135427833,1.2815520036150225,4,3,0.3695070494386675,2.0,1.2965231917669588,0.31768585231329227,1.426190476190476,0.3357142857142857,1.3320258942935754,0.38853057870213653,1.291628970788563,0.3695070494386675,1,1.514724150529777,0.2132992327365729,1.4358054226475279,0.29330143540669856,1.1578846153846154,0.3878846153846154,1.2453900709219858,0.3808510638297873,1.3217261904761903,0.37351190476190477,1.2955598455598456,0.4106177606177606,1.0703125,0.5270833333333333
0.1,0.001,20.0,corn,0,001|005,1,1.5204918032786885,1.5934426229508198,10,9,10,30,0.25,0.03204716192213852,244,1.6639344262295082,0.3237704918032787,1.6557377049180328,0.25,79.0,59.0,90.0,12.0,4.0,1.209016393442623,3,0.3770491803278688,4,49,17,48,59,92,463,302,177,119,227,1.3272737103916428,1.1815415130243696,1.292121090886124,10,3,0.3087426825138417,2.0,1.2761556590298802,0.35474347403423767,1.3690476190476188,0.3119047619047619,1.307797909902917,0.35330299371286944,1.3272737103916428,0.3087426825138417,1,1.4934234563390574,0.25184508586043114,1.4373205741626793,0.29003189792663475,1.394423076923077,0.28384615384615386,1.4797872340425533,0.23853427895981089,1.3928571428571428,0.28095238095238095,1.1384169884169886,0.3967181467181467,0.9546875,0.41927083333333337
0.1,0.001,20.0,corn,0,001|005,0,1.4180327868852458,1.5778688524590163,20,20,20,36,0.29098360655737704,0.09291159119177828,244,1.5737704918032787,0.29098360655737704,1.5573770491803278,0.29098360655737704,66.0,63.0,57.0,28.0,30.0,1.209016393442623,3,0.3770491803278688,4,49,17,48,59,92,463,302,177,119,227,1.2899576193036917,1.140167948183122,1.1907654297265133,15,14,0.41115928513247063,2.0,1.3431748453312833,0.29433697038126594,1.111904761904762,0.3880952380952381,1.1860099044444303,0.4292565300065858,1.140167948183122,0.41115928513247063,0,1.3685421994884912,0.3537084398976982,1.366108452950558,0.34282296650717703,1.0713461538461537,0.38711538461538464,1.0242316784869976,0.4074468085106383,1.0875,0.41577380952380955,1.0025096525096524,0.48687258687258683,1.0609375,0.484375
0.1,0.001,20.0,corn,1,002|006,0,1.1523809523809523,1.502857142857143,3,3,3,24,0.29523809523809524,-0.11474119941158367,210,1.7571428571428571,0.319047619047619,1.5571428571428572,0.29523809523809524,37.0,59.0,44.0,25.0,45.0,1.1238095238095238,1,0.46190476190476193,0,97,35,53,57,7,415,284,172,121,312,1.0665037103854242,1.0665037103854242,1.1781901848072784,5,3,0.41040474413547934,2.0,1.2264727224425598,0.4040721990667625,1.342857142857143,0.3523809523809524,1.211785394048574,0.45935758162503604,1.1881043009006382,0.41040474413547934,1,1.6053244255491448,0.2643486182812026,1.56233153638814,0.2962713387241689,1.4887387387387387,0.33811936936936937,1.2267441860465116,0.36773255813953487,1.0270467836257309,0.39692982456140347,0.7689393939393939,0.5492424242424243,0.6376050420168067,0.6601890756302521
0.1,0.001,20.0,corn,1,002|006,1,1.1285714285714286,1.6295238095238094,3,3,3,25,0.1380952380952381,-0.17517400188782983,210,2.052380952380952,0.1761904761904762,1.861904761904762,0.1380952380952381,14.0,48.0,57.0,30.0,61.0,1.1238095238095238,1,0.46190476190476193,0,97,35,53,57,7,415,284,172,121,312,1.3541016123050573,1.058967792348798,1.1470246121279168,6,5,0.39618059326960575,2.0,1.2967037670381867,0.3586563210574153,1.1690476190476193,0.3833333333333333,1.1746215992377058,0.4462555214087728,1.1608076884341667,0.39618059326960575,0,1.2979552586294159,0.2711306812430408,1.5933288409703503,0.26302785265049416,1.4804335585585586,0.26421734234234234,1.3624636627906976,0.34011627906976744,0.9583333333333334,0.48269980506822613,0.7803030303030303,0.5454545454545454,0.6528361344537815,0.6066176470588236
0.1,0.001,20.0,corn,1,002|006,1,1.0857142857142856,1.716190476190476,3,3,3,26,0.21428571428571427,-0.17677149334418396,210,1.9,0.24285714285714285,1.6761904761904762,0.21428571428571427,19.0,86.0,34.0,23.0,48.0,1.1238095238095238,1,0.46190476190476193,0,97,35,53,57,7,415,284,172,121,312,1.3073546274073538,1.1774677426168587,1.2545807933796946,3,3,0.38503569050580433,2.0,1.2131520028008835,0.39689442338536374,1.4261904761904762,0.35000000000000003,1.3350069559950306,0.41868102864160184,1.3073546274073538,0.38503569050580433,1,1.4623443668387488,0.3093936633262476,1.5772686433063792,0.2644878706199461,1.6707488738738738,0.28350225225225223,1.572674418604651,0.3054142441860465,1.3555068226120857,0.3679337231968811,0.7613636363636364,0.5757575757575757,0.7515756302521008,0.5887605042016807
0.1,0.001,20.0,corn,1,002|006,0,1.119047619047619,1.5952380952380953,17,12,17,42,0.3238095238095238,-0.09357510633534805,210,1.5952380952380953,0.3238095238095238,1.5857142857142856,0.3238095238095238,83.0,31.0,36.0,14.0,46.0,1.1238095238095238,1,0.46190476190476193,0,97,35,53,57,7,415,284,172,121,312,1.2221139441559905,1.1539132466205841,1.2199589076411002,21,3,0.43035382251459947,2.0,1.2537482942357445,0.3842376309666873,1.2285714285714286,0.40714285714285714,1.1911589099926547,0.4635393485352761,1.1539132466205841,0.43035382251459947,0,1.4141107399534367,0.32052839356210144,1.4166666666666665,0.3498427672955975,1.3039132882882882,0.3730292792792793,1.2888808139534884,0.3675508720930233,1.1469298245614035,0.4300682261208577,0.7878787878787878,0.5795454545454546,0.7190126050420168,0.5919117647058824
0.1,0.001,20.0,corn,2,003|007,0,1.2364341085271318,1.4186046511627906,6,6,6,27,0.3643410852713178,0.362957187154333,258,1.302325581395349,0.37209302325581395,1.2364341085271318,0.3643410852713178,68.0,56.0,45.0,34.0,55.0,1.4224806201550388,1,0.32170542635658916,4,74,72,14,15,83,438,247,211,163,236,0.7178747139091459,0.7178747139091459,0.7664431744363259,8,4,0.48318275602280475,2.0,1.3410835247478476,0.31981454818929944,0.7738095238095237,0.5095238095238095,0.8231056203904401,0.5039017813747727,0.8278505216032158,0.48318275602280475,0,1.108240360148757,0.4245122985581001,0.8606150793650793,0.4935515873015873,0.8172751859364435,0.4710108181203516,0.8311115668580804,0.46410992616899094,0.7782012195121951,0.5007621951219512,0.7388565891472868,0.5037144702842378,0.6606536502546689,0.5246179966044142
0.1,0.001,20.0,corn,2,003|007,0,1.441860465116279,1.5031007751937984,15,11,15,28,0.3062015503875969,0.24433930381885782,258,1.441860465116279,0.32945736434108525,1.441860465116279,0.3062015503875969,89.0,48.0,43.0,31.0,47.0,1.4224806201550388,1,0.32170542635658916,4,74,72,14,15,83,438,247,211,163,236,0.9297216375684644,0.7877347408985667,0.8028636282239905,8,7,0.5095364877230121,2.0,1.2289408783395106,0.35591885776915155,0.7666666666666666,0.5119047619047619,0.8206577064666958,0.5123423461942921,0.7983623172461166,0.5095364877230121,1,1.0279571997129249,0.4393227637502447,0.9915674603174602,0.46279761904761907,0.80789384719405,0.46864435429344153,0.739335520918786,0.5283018867924528,0.6486280487804879,0.575584349593496,0.747093023255814,0.5256782945736435,0.6260611205432938,0.5664261460101867
0.1,0.001,20.0,corn,2,003|007,1,1.437984496124031,1.6020671834625322,23,23,23,24,0.23255813953488372,0.14171159159855462,258,1.5775193798449612,0.23255813953488372,1.569767441860465,0.23255813953488372,54.0,42.0,82.0,28.0,52.0,1.4224806201550388,1,0.32170542635658916,4,74,72,14,15,83,438,247,211,163,236,0.9967773291879765,0.7604646959055701,0.821424870354163,3,3,0.5506967938349084,2.0,1.2495270938713918,0.3465055677264022,0.7380952380952381,0.5452380952380952,0.7848637180989818,0.5605863318057143,0.7604646959055701,0.5506967938349084,0,0.9500880798590723,0.5179421935147126,0.9285714285714286,0.48759920634920634,1.1103786342123056,0.44143002028397565,0.6519688269073011,0.5830598851517637,0.5998475609756098,0.5973069105691058,0.5626614987080103,0.6127260981912145,0.5197368421052632,0.6148132427843802
0.1,0.001,20.0,corn,2,003|007,1,1.4031007751937985,1.5829457364341086,11,5,11,27,0.24806201550387597,0.11027283422659617,258,1.6511627906976745,0.26356589147286824,1.6046511627906976,0.24806201550387597,69.0,62.0,47.0,35.0,45.0,1.4224806201550388,1,0.32170542635658916,4,74,72,14,15,83,438,247,211,163,236,0.7463561347236856,0.5756544284071792,0.6140323149238747,7,4,0.5956258984537499,2.0,1.0913908603446145,0.3849597330378356,0.4571428571428572,0.6333333333333333,0.6152541498509159,0.5883084314193451,0.5840345059383916,0.5956258984537499,1,0.7318131402100867,0.5597638154890063,0.7574404761904763,0.5411706349206349,0.6222954699121028,0.5774171737660581,0.5724979491386382,0.6019278096800655,0.4549034552845529,0.6554878048780488,0.5229328165374677,0.6035206718346253,0.42635823429541597,0.6300933786078098
0.1,0.001,20.0,corn,3,004|008,0,0.7291666666666666,1.3025,13,11,13,24,0.2916666666666667,-0.007029282411758153,240,1.4833333333333334,0.2875,1.4208333333333334,0.2916666666666667,58.0,39.0,73.0,29.0,41.0,0.5375,1,0.4708333333333333,0,113,111,42,1,0,399,208,183,177,319,0.7424642117685873,0.5244360680745535,0.5969322475416866,3,3,0.47865062214534987,2.0,0.6083596187643383,0.45735346883587036,0.680952380952381,0.44999999999999996,0.5922029681406626,0.49090779787398964,0.5961657088960514,0.47865062214534987,0,0.7723481689286527,0.3676169535218743,0.6424071618037135,0.4146220159151194,0.6384985949417905,0.45704536330790846,0.5610119047619048,0.5081845238095238,0.5032998114393463,0.5432118164676305,0.49835526315789475,0.5489309210526316,0.5572390572390573,0.5109427609427609
0.1,0.001,20.0,corn,3,004|008,0,0.7625,1.3733333333333335,14,10,14,25,0.2875,0.021603136208190876,240,1.3333333333333333,0.2791666666666667,1.325,0.2875,55.0,40.0,84.0,30.0,31.0,0.5375,1,0.4708333333333333,0,113,111,42,1,0,399,208,183,177,319,0.6672582521742025,0.5074036872471441,0.5601347699056748,3,3,0.5034291414118265,2.0,0.5963572112834098,0.46679697028273426,0.6404761904761905,0.46904761904761905,0.6106810360760149,0.48516632337305,0.5723274716929906,0.5034291414118265,1,0.7847069527636668,0.4061718098415346,0.5944960212201591,0.449104774535809,0.5901244480128462,0.495383380168607,0.5364583333333334,0.5424107142857143,0.5119421747328724,0.5345694531741043,0.48519736842105265,0.5542763157894737,0.5033670033670034,0.5420875420875421
0.1,0.001,20.0,corn,3,004|008,1,1.0333333333333334,1.4058333333333333,8,4,8,29,0.31666666666666665,0.010943199583116181,240,1.5041666666666667,0.3333333333333333,1.4291666666666667,0.31666666666666665,66.0,62.0,35.0,20.0,57.0,0.5375,1,0.4708333333333333,0,113,111,42,1,0,399,208,183,177,319,0.5500437029593074,0.548321869063307,0.5657532091463258,3,3,0.49026963887769914,2.0,0.6141636170530511,0.44831221307090097,0.5976190476190476,0.47857142857142865,0.5653997672697665,0.5024176517120857,0.5613963620489537,0.49026963887769914,0,0.6865569793009326,0.3877852756084616,0.5218832891246684,0.508289124668435,0.6042753914090727,0.47179847450822965,0.5394345238095238,0.5074404761904762,0.5120993086109366,0.5285983658076681,0.5234375,0.5094572368421053,0.5420875420875421,0.5185185185185185
0.1,0.001,20.0,corn,3,004|008,1,1.225,1.4716666666666667,18,12,18,28,0.32916666666666666,0.03007518796992481,240,1.4666666666666666,0.325,1.425,0.32916666666666666,69.0,46.0,52.0,14.0,59.0,0.5375,1,0.4708333333333333,0,113,111,42,1,0,399,208,183,177,319,0.5541255080779361,0.5290363430092518,0.5573220701895286,9,6,0.4858261127605207,2.0,0.6046574994455696,0.4616512188676509,0.5595238095238095,0.4952380952380953,0.5741380562493099,0.4919212252452146,0.5710572487158936,0.4858261127605207,1,0.7526347714004094,0.3923724315717644,0.6971153846153846,0.37765251989389925,0.56413087113609,0.5072260136491369,0.47172619047619047,0.5602678571428572,0.44908862350722817,0.5683532369578881,0.518092105263158,0.5016447368421053,0.5446127946127945,0.49326599326599324
0.1,0.001,20.0,corn,4,009|011,0,0.956,1.2071999999999998,6,6,6,31,0.352,0.3519830663533463,250,1.264,0.432,1.316,0.352,80.0,73.0,45.0,14.0,38.0,1.468,3,0.368,4,79,43,11,45,92,433,276,214,133,227,1.0766818224361052,0.8964698121336118,1.0047387404809076,8,8,0.49299790922947473,2.0,1.7603712686697643,0.30285357104510346,1.0404761904761906,0.46904761904761905,1.0306598572599595,0.5372309305682375,1.0278941162773438,0.49299790922947473,0,1.426147077309868,0.3666457154829248,1.2221545952525867,0.4188983566646378,0.971765350877193,0.49835526315789475,1.1100178890876564,0.449798747763864,0.8990761478163494,0.5221164613661814,0.7922077922077922,0.5865800865800865,0.7738899613899614,0.6085907335907336
0.1,0.001,20.0,corn,4,009|011,1,1.152,1.3106666666666669,23,6,23,24,0.34,0.3782370533410432,250,1.288,0.336,1.28,0.34,70.0,35.0,67.0,22.0,56.0,1.468,3,0.368,4,79,43,11,45,92,433,276,214,133,227,1.1455455179389673,1.0519125862076375,1.0860286790892504,5,4,0.5250830082345492,2.0,1.607826636424659,0.3851431209938726,1.0857142857142859,0.4714285714285713,1.0852383431723314,0.561265087010468,1.0539345411053955,0.5250830082345492,0,1.4334799916195264,0.40865283888539705,1.1846469872185028,0.466676810712112,0.9207785087719298,0.559484649122807,0.9522584973166368,0.5843023255813954,0.8887178051511758,0.5697088465845465,0.9604978354978355,0.5524891774891775,1.0371621621621623,0.5342664092664092
0.1,0.001,20.0,corn,4,009|011,0,1.128,1.216,6,6,6,32,0.32,0.44130620329287285,250,1.08,0.476,1.208,0.32,53.0,89.0,40.0,32.0,36.0,1.468,3,0.368,4,79,43,11,45,92,433,276,214,133,227,1.2317866911109832,1.1042872467483469,1.1494056167669542,21,12,0.4831226073693541,2.0,1.5916794378834358,0.34392734575334144,1.119047619047619,0.46904761904761905,1.1461132701978436,0.4972214726685723,1.1484125189804122,0.4831226073693541,1,1.5573014875340456,0.3679027865074377,1.509586122945831,0.381238587948874,1.1573464912280702,0.4660087719298246,1.0346601073345258,0.5301878354203936,0.9179731243001119,0.5643896976483762,0.9134199134199135,0.5422077922077921,0.9486003861003862,0.5299227799227799
0.1,0.001,20.0,corn,4,009|011,1,1.196,1.2904,8,5,8,26,0.416,0.3914368628318806,250,1.42,0.468,1.352,0.416,137.0,37.0,27.0,8.0,41.0,1.468,3,0.368,4,79,43,11,45,92,433,276,214,133,227,0.999212211836259,0.9468899128330723,0.9899818196436693,7,6,0.5377747640975405,2.0,1.5217152862174712,0.41890759843904685,0.969047619047619,0.4785714285714286,0.9462230974933965,0.5839710794708586,0.9611593330998586,0.5377747640975405,1,1.2968782736224596,0.4164047768698932,1.1431071211199026,0.4928484479610468,1.0457785087719298,0.5370065789473684,1.0125223613595706,0.5453935599284436,0.6846304591265397,0.5972844344904815,0.6926406926406926,0.6098484848484849,0.8525579150579151,0.5656370656370656
0.1,0.001,20.0,corn,5,010|012,0,1.348360655737705,1.737704918032787,16,13,16,25,0.3155737704918033,-0.232515356552649,244,1.721311475409836,0.3237704918032787,1.680327868852459,0.3155737704918033,131.0,35.0,33.0,13.0,32.0,1.2049180327868851,1,0.4098360655737705,0,100,41,57,1,45,412,278,168,177,274,1.284414791189067,1.133662548372952,1.190833587708819,9,3,0.39325951611841226,2.0,1.2898182363443826,0.3893942399288506,1.2285714285714286,0.4095238095238095,1.2410079067014617,0.4204970991938233,1.2098560355722505,0.39325951611841226,0,1.3054273785981103,0.3768402548890354,1.3472177806204029,0.3584905660377359,1.2505787037037037,0.3443287037037037,1.2063360227812054,0.3881110583768391,1.104665071770335,0.41836124401913877,1.096153846153846,0.4370629370629371,1.1586134453781511,0.42962184873949577
0.1,0.001,20.0,corn,5,010|012,0,1.3688524590163935,1.737704918032787,6,6,6,28,0.25,-0.1969541660565235,244,1.8319672131147542,0.25,1.7950819672131149,0.25,84.0,54.0,34.0,20.0,52.0,1.2049180327868851,1,0.4098360655737705,0,100,41,57,1,45,412,278,168,177,274,1.184733800859487,1.1058561446938684,1.1298773040479844,27,25,0.43177740526967157,2.0,1.203331079578862,0.43073950278056444,1.0880952380952382,0.41904761904761906,1.117831287353503,0.4492911315649312,1.11107638835789,0.43177740526967157,1,1.4708855196660076,0.24456163480553725,1.2999680204669013,0.35281419891269583,1.1336805555555554,0.37442129629629634,1.003559563360228,0.527764594209777,0.9572368421052632,0.5191387559808612,0.9778554778554778,0.4953379953379954,0.9343487394957983,0.5084033613445378
0.1,0.001,20.0,corn,5,010|012,1,1.360655737704918,1.6393442622950818,13,6,13,31,0.2827868852459016,-0.2984934086629001,244,1.7745901639344261,0.30327868852459017,1.7663934426229508,0.2827868852459016,115.0,41.0,38.0,12.0,38.0,1.2049180327868851,1,0.4098360655737705,0,100,41,57,1,45,412,278,168,177,274,1.2189965784713923,1.0808111092886608,1.1723998873203783,9,3,0.39318799026561413,2.0,1.187807776733763,0.42776185245938997,1.2738095238095237,0.33095238095238094,1.2595299624434064,0.4146378640251994,1.2270048996912188,0.39318799026561413,0,1.6438145462535707,0.2824653922214898,1.4092580748321075,0.31563799168532136,1.3489583333333335,0.31655092592592593,1.2042002847650688,0.3641433317513052,1.0855263157894737,0.4503588516746411,0.9277389277389276,0.5058275058275058,0.9695378151260504,0.5173319327731093
0.1,0.001,20.0,corn,5,010|012,1,1.3647540983606556,1.6795081967213115,8,7,8,24,0.29918032786885246,-0.19076946705575204,244,1.721311475409836,0.29918032786885246,1.6598360655737705,0.29918032786885246,104.0,66.0,19.0,13.0,42.0,1.2049180327868851,1,0.4098360655737705,0,100,41,57,1,45,412,278,168,177,274,1.0863392792971016,1.0014219221016802,1.0664454661731906,3,3,0.4759518872075344,2.0,1.1317066279582053,0.4453452421333162,1.1333333333333333,0.44047619047619047,1.1106264356909057,0.46115577991692797,1.0349282555339339,0.4759518872075344,1,1.0941551307404964,0.4449571522742255,1.1537416053725615,0.440917812599936,1.1105324074074074,0.4392361111111111,1.091362126245847,0.469031798766018,0.9886363636363636,0.4820574162679426,0.9242424242424243,0.5244755244755245,0.881827731092437,0.5309873949579832
0.1,0.002,20.0,corn,0,001|005,0,1.5122950819672132,1.5827868852459017,14,12,14,27,0.29918032786885246,0.06391665493453469,244,1.5942622950819672,0.30327868852459017,1.5491803278688525,0.29918032786885246,71.0,58.0,74.0,28.0,13.0,1.209016393442623,3,0.3770491803278688,4,49,17,48,59,92,463,302,177,119,227,1.3915172488182446,1.20160948821112,1.296055329873348,5,4,0.3819233225941332,2.0,1.3431748453312833,0.29433697038126594,1.476190476190476,0.3404761904761905,1.3513841658922274,0.4119793118106352,1.3402375756647595,0.3819233225941332,0,1.56141761052247,0.3618195104128608,1.5718500797448165,0.2795055821371611,1.2567307692307694,0.3967307692307692,1.3145390070921987,0.37505910165484635,1.4247023809523809,0.3729166666666667,1.2154440154440154,0.4113899613899614,1.0369791666666668,0.4760416666666667
0.1,0.002,20.0,corn,0,001|005,0,1.389344262295082,1.551639344262295,15,6,15,28,0.28688524590163933,0.07410714285714282,244,1.6270491803278688,0.30327868852459017,1.6188524590163935,0.28688524590163933,77.0,69.0,67.0,13.0,18.0,1.209016393442623,3,0.3770491803278688,4,49,17,48,59,92,463,302,177,119,227,1.2977347475583114,1.1877374201502795,1.2097591899111029,7,4,0.42863846301405656,2.0,1.2965231917669588,0.31768585231329227,1.4333333333333333,0.35238095238095235,1.2181298853772051,0.44307147277032616,1.1877374201502795,0.42863846301405656,1,1.2343076360979173,0.3024113993423456,1.2757575757575759,0.35534290271132374,1.271153846153846,0.39634615384615385,1.297399527186761,0.42458628841607565,1.219642857142857,0.47172619047619047,1.082046332046332,0.522972972972973,0.9338541666666667,0.5270833333333333
0.1,0.002,20.0,corn,0,001|005,1,1.4467213114754098,1.5727459016393444,27,18,27,29,0.28688524590163933,-0.014162826637687198,244,1.639344262295082,0.28688524590163933,1.6229508196721312,0.28688524590163933,69.0,56.0,71.0,29.0,19.0,1.209016393442623,3,0.3770491803278688,4,49,17,48,59,92,463,302,177,119,227,1.4536723363164963,1.1635840682422804,1.230790336171338,7,6,0.43373925385277856,2.0,1.3235196421769533,0.3170655117843654,1.3214285714285716,0.4142857142857143,1.2077992775458757,0.4719143572701904,1.2055512299191868,0.43373925385277856,0,1.2321154548776032,0.3724150529777128,1.14377990430622,0.44657097288676234,1.2703846153846154,0.4071153846153846,1.3196217494089835,0.4030732860520094,1.299404761904762,0.4107142857142857,1.2235521235521236,0.46138996138996136,0.95,0.5348958333333333
0.1,0.002,20.0,corn,0,001|005,1,1.5491803278688525,1.5918032786885248,10,10,10,31,0.319672131147541,0.08353273052414167,244,1.75,0.319672131147541,1.6352459016393444,0.319672131147541,97.0,59.0,76.0,5.0,7.0,1.209016393442623,3,0.3770491803278688,4,49,17,48,59,92,463,302,177,119,227,1.1263953354622438,1.1263953354622438,1.1902338547966913,4,3,0.3701379804255499,2.0,1.2761556590298802,0.35474347403423767,1.426190476190476,0.33571428571428574,1.2347165635250383,0.4049158094192551,1.2278197159251638,0.3701379804255499,1,1.5116916331750092,0.2644501278772379,1.4708931419457736,0.2936204146730462,1.1307692307692307,0.4028846153846154,1.198581560283688,0.40283687943262414,1.2619047619047619,0.3800595238095238,1.1333976833976833,0.38513513513513514,0.8875,0.46197916666666666
0.1,0.002,20.0,corn,1,002|006,0,1.2095238095238094,1.7133333333333334,7,3,7,31,0.30952380952380953,-0.07905993918466225,210,1.6428571428571428,0.3333333333333333,1.5952380952380953,0.30952380952380953,41.0,39.0,48.0,23.0,59.0,1.1238095238095238,1,0.46190476190476193,0,97,35,53,57,7,415,284,172,121,312,1.164021685592056,1.102391600215109,1.1689839294932716,3,3,0.4176823119269968,2.0,1.2537482942357445,0.3842376309666873,1.323809523809524,0.3595238095238096,1.1965930115735528,0.45861203288412206,1.1810252279981852,0.4176823119269968,0,1.492863650167021,0.33297904646219256,1.5177448337825696,0.28110961365678344,1.4483389639639639,0.31517454954954954,1.2603561046511627,0.4027979651162791,1.0872319688109162,0.4273879142300195,0.7689393939393939,0.5871212121212122,0.6917016806722689,0.5772058823529411
0.1,0.002,20.0,corn,1,002|006,1,1.1238095238095238,1.7019047619047618,17,3,17,27,0.28095238095238095,-0.17160011620775362,210,1.7142857142857142,0.28095238095238095,1.680952380952381,0.28095238095238095,68.0,35.0,40.0,21.0,46.0,1.1238095238095238,1,0.46190476190476193,0,97,35,53,57,7,415,284,172,121,312,1.1996600107598898,1.0420238024692634,1.0995234298529017,6,6,0.4695900446882091,2.0,1.2967037670381867,0.3586563210574153,1.0976190476190477,0.45476190476190476,1.0125594221726124,0.5146909974633109,1.0420238024692634,0.4695900446882091,0,1.252859601174208,0.38369268144549046,1.3984725965858043,0.34591194968553457,1.4283502252252251,0.30743243243243246,1.160610465116279,0.4178779069767442,0.8993664717348928,0.5233918128654971,0.6818181818181819,0.625,0.4726890756302521,0.6838235294117647
0.1,0.002,20.0,corn,1,002|006,0,1.1047619047619048,1.5590476190476188,12,11,12,35,0.32857142857142857,-0.034115138592750505,210,1.6285714285714286,0.3047619047619048,1.5714285714285714,0.32857142857142857,53.0,32.0,44.0,24.0,57.0,1.1238095238095238,1,0.46190476190476193,0,97,35,53,57,7,415,284,172,121,312,1.1577061029047622,1.0908751308579152,1.1834895461860864,12,8,0.41297333043343387,2.0,1.2264727224425598,0.4040721990667625,1.3309523809523809,0.3547619047619047,1.1950843620477432,0.4242389431112023,1.1577061029047622,0.41297333043343387,1,1.3430003036744609,0.3093430509160846,1.3297394429469902,0.3198562443845463,1.2996903153153152,0.3313626126126126,1.176235465116279,0.4140625,1.2224658869395713,0.41130604288499023,0.8977272727272727,0.5303030303030303,0.8350840336134453,0.5745798319327731
0.1,0.002,20.0,corn,2,003|007,0,1.3333333333333333,1.6465116279069765,4,3,4,24,0.20155038759689922,-0.12427927156476559,258,1.9573643410852712,0.2248062015503876,1.8449612403100775,0.20155038759689922,91.0,67.0,37.0,42.0,21.0,1.4224806201550388,1,0.32170542635658916,4,74,72,14,15,83,438,247,211,163,236,0.8189595079003915,0.7219518848576753,0.7794406041274478,5,3,0.4935144829897328,2.0,1.3410835247478476,0.31981454818929944,0.8333333333333333,0.4904761904761905,0.770999578942207,0.5258115952397903,0.7865168607923991,0.4935144829897328,0,0.9099628107261695,0.49885822404906377,0.7192460317460317,0.5198412698412698,0.9653482082488167,0.43103448275862066,0.9476004922067268,0.4445242001640689,0.7432672764227642,0.5025406504065041,0.7286821705426356,0.49434754521963825,0.4915110356536503,0.5634550084889643
0.1,0.002,20.0,corn,2,003|007,0,1.4069767441860466,1.623255813953488,18,4,18,25,0.2441860465116279,0.027010176950582276,258,1.7054263565891472,0.24806201550387597,1.6666666666666667,0.2441860465116279,107.0,53.0,49.0,22.0,27.0,1.4224806201550388,1,0.32170542635658916,4,74,72,14,15,83,438,247,211,163,236,1.138642170070741,0.7448200616948406,0.8333957858783702,5,4,0.5039787586237859,2.0,1.2289408783395106,0.35591885776915155,0.7,0.5285714285714286,0.7684983222683501,0.5287447997660053,0.7772373913267913,0.5039787586237859,1,0.9991192014092778,0.47504403992953614,0.9176587301587302,0.5004960317460317,0.9477687626774849,0.4637423935091278,0.6654019688269073,0.5351722723543888,0.6321138211382114,0.5208333333333333,0.7170542635658914,0.4733527131782945,0.5615449915110357,0.5592105263157895
0.1,0.002,20.0,corn,2,003|007,1,1.186046511627907,1.602325581395349,3,3,3,25,0.2364341085271318,-0.06839069531596631,258,1.7868217054263567,0.27906976744186046,1.6434108527131783,0.2364341085271318,71.0,133.0,37.0,8.0,9.0,1.4224806201550388,1,0.32170542635658916,4,74,72,14,15,83,438,247,211,163,236,0.6854045873883234,0.6638771690346459,0.7701411762435121,3,3,0.5443129602290568,2.0,1.2495270938713918,0.3465055677264022,0.7261904761904762,0.5547619047619048,0.6920179494850671,0.5574201907811054,0.6854045873883234,0.5443129602290568,0,0.9746851960592419,0.4692372936647746,0.8273809523809523,0.44047619047619047,0.8935936443542934,0.470841784989858,0.6070549630844955,0.5609105824446268,0.5138465447154472,0.6199186991869918,0.5440891472868217,0.6010981912144703,0.43718166383701185,0.6477079796264855
0.1,0.002,20.0,corn,2,003|007,1,1.437984496124031,1.613953488372093,10,3,10,26,0.2364341085271318,0.15491422881085237,258,1.558139534883721,0.26356589147286824,1.5348837209302326,0.2364341085271318,92.0,50.0,70.0,11.0,35.0,1.4224806201550388,1,0.32170542635658916,4,74,72,14,15,83,438,247,211,163,236,0.7932279649961178,0.622946141912239,0.6727074879883886,6,5,0.5364169355487373,2.0,1.0913908603446145,0.3849597330378356,0.7333333333333332,0.5761904761904763,0.7781635870826715,0.539963046899211,0.7552607045491393,0.5364169355487373,1,0.7455470737913485,0.5440399295361127,0.7212301587301587,0.5486111111111112,0.8793103448275862,0.4733772819472617,0.8323420836751436,0.5177399507793273,0.7717225609756098,0.540015243902439,0.7963501291989664,0.5243863049095607,0.5403225806451613,0.606748726655348
0.1,0.002,20.0,corn,1,002|006,1,1.1285714285714286,1.5609523809523809,4,3,4,73,0.19047619047619047,-0.14416193532461108,210,2.0714285714285716,0.17142857142857143,1.6904761904761905,0.19047619047619047,13.0,42.0,58.0,63.0,34.0,1.1238095238095238,1,0.46190476190476193,0,97,35,53,57,7,415,284,172,121,312,1.2777536167532764,0.9177081045021618,1.108376343876321,54,23,0.4316290504537414,2.0,1.2131520028008835,0.39689442338536374,1.4333333333333336,0.37857142857142856,1.2073074935666506,0.45586566141656043,1.2240599138746515,0.4316290504537414,1,1.626379188176941,0.2936532037655633,1.4748427672955975,0.3588274932614556,1.312640765765766,0.34389076576576577,1.2434593023255816,0.41042877906976744,1.2076023391812867,0.44712475633528265,0.8295454545454545,0.5871212121212122,0.8739495798319328,0.5803571428571428
0.1,0.002,20.0,corn,3,004|008,0,0.7166666666666667,1.3883333333333334,14,12,14,24,0.30833333333333335,0.06675084658210417,240,1.3916666666666666,0.3,1.3208333333333333,0.30833333333333335,54.0,69.0,49.0,21.0,47.0,0.5375,1,0.4708333333333333,0,113,111,42,1,0,399,208,183,177,319,0.7113271522425758,0.5339899585326435,0.555386755373797,3,3,0.531447460677577,2.0,0.6083596187643383,0.45735346883587036,0.55,0.5333333333333334,0.5493984707650106,0.5266014759939736,0.5339899585326435,0.531447460677577,0,0.5810144817651073,0.4736143756160437,0.5958222811671088,0.47364058355437666,0.5711561621838619,0.5190686471296668,0.5096726190476191,0.5483630952380952,0.47721558768070393,0.5876807039597738,0.4777960526315789,0.5748355263157895,0.5252525252525253,0.5429292929292929
0.1,0.002,20.0,corn,3,004|008,0,1.0291666666666666,1.385,12,8,12,26,0.3375,0.006806028196402636,240,1.2416666666666667,0.32083333333333336,1.1708333333333334,0.3375,56.0,69.0,72.0,12.0,31.0,0.5375,1,0.4708333333333333,0,113,111,42,1,0,399,208,183,177,319,0.5967593021635111,0.5010673392846897,0.5191303879591848,7,4,0.5214232291076533,2.0,0.5963572112834098,0.46679697028273426,0.5428571428571428,0.5214285714285715,0.5481510669672877,0.5159548295317173,0.5265190316682268,0.5214232291076533,1,0.7420956857987717,0.36666919402532416,0.5626657824933687,0.47181697612732093,0.6088920112404657,0.49016459253311917,0.46577380952380953,0.5602678571428572,0.4230043997485858,0.5886235072281584,0.4555921052631579,0.5773026315789473,0.4276094276094276,0.5951178451178452
0.1,0.002,20.0,corn,3,004|008,1,1.1083333333333334,1.3333333333333333,9,7,9,43,0.35833333333333334,0.009663951417477001,240,1.4458333333333333,0.3333333333333333,1.3166666666666667,0.35833333333333334,33.0,94.0,50.0,13.0,50.0,0.5375,1,0.4708333333333333,0,113,111,42,1,0,399,208,183,177,319,0.6318105841414459,0.5339718789473471,0.5728232324822737,3,3,0.510871046283828,2.0,0.6141636170530511,0.44831221307090097,0.55,0.5404761904761904,0.5696907541478693,0.5037125676667855,0.5507588914700798,0.510871046283828,0,0.6493668966563045,0.4561756008795208,0.5021551724137931,0.540948275862069,0.6986150140505821,0.43346045764753116,0.5290178571428572,0.5074404761904762,0.5177561282212445,0.517127592708988,0.49712171052631576,0.5291940789473684,0.46127946127946123,0.5917508417508418
0.1,0.002,20.0,corn,3,004|008,1,1.2708333333333333,1.4125,9,5,9,38,0.30416666666666664,-0.014246947082767969,240,1.5041666666666667,0.2916666666666667,1.4041666666666666,0.30416666666666664,28.0,83.0,61.0,21.0,47.0,0.5375,1,0.4708333333333333,0,113,111,42,1,0,399,208,183,177,319,0.6197413759152428,0.4890178003988692,0.5584104678133878,3,3,0.4994587613568461,2.0,0.6046574994455696,0.4616512188676509,0.6238095238095238,0.4809523809523809,0.5738336868430531,0.5112206668678843,0.5717754298473456,0.4994587613568461,1,0.7384183789521571,0.37447873227689743,0.5193965517241379,0.5371352785145889,0.607185869128864,0.47892412685668406,0.5491071428571428,0.5200892857142857,0.5062853551225645,0.5402262727844123,0.5550986842105263,0.5041118421052632,0.5269360269360269,0.5412457912457913
0.1,0.002,20.0,corn,4,009|011,0,0.852,1.1144,6,6,6,33,0.3,0.21873598210494205,250,1.48,0.392,1.492,0.3,82.0,71.0,41.0,21.0,35.0,1.468,3,0.368,4,79,43,11,45,92,433,276,214,133,227,0.9626874961350811,0.9072868854082811,0.9960853263422702,21,18,0.5143473863016881,2.0,1.7603712686697643,0.30285357104510346,1.0595238095238095,0.5214285714285715,1.0242115706627197,0.5292798424414284,1.0047108783536123,0.5143473863016881,0,1.1741043368950346,0.4407081500104756,1.2611077297626294,0.43510346926354226,0.9010416666666666,0.555921052631579,0.8543157423971377,0.5676431127012522,0.9505879059350504,0.5251959686450168,0.9323593073593074,0.5275974025974026,0.9594594594594594,0.5482625482625483
0.1,0.002,20.0,corn,4,009|011,0,1.084,1.2152,6,6,6,31,0.368,0.47885253869080724,250,1.112,0.46,1.2,0.368,81.0,82.0,36.0,11.0,40.0,1.468,3,0.368,4,79,43,11,45,92,433,276,214,133,227,0.9407620732338278,0.8554107353133532,0.9055847497008894,10,8,0.5867120998716437,2.0,1.5916794378834358,0.34392734575334144,0.8142857142857143,0.5904761904761904,0.8596950837285459,0.608443430076985,0.8554107353133532,0.5867120998716437,1,1.2021789231091558,0.5052377959354704,1.258444917833232,0.46401399878271454,0.805921052631579,0.6115679824561404,0.8696332737030411,0.5678667262969589,0.6606942889137738,0.6448768197088466,0.5882034632034632,0.6558441558441558,0.6027992277992278,0.6575772200772201
0.1,0.002,20.0,corn,4,009|011,1,1.144,1.3544,12,10,12,28,0.432,0.39953488616812505,250,1.244,0.484,1.284,0.432,116.0,21.0,28.0,29.0,56.0,1.468,3,0.368,4,79,43,11,45,92,433,276,214,133,227,1.0859659404097248,0.9474687744621239,1.0039757074108708,9,9,0.5424222482226103,2.0,1.607826636424659,0.3851431209938726,0.9666666666666665,0.5214285714285714,0.9772961850591542,0.5734524519210589,0.9792771380519497,0.5424222482226103,0,1.3974439555834905,0.4376702283679028,1.069765672550213,0.5190961655508217,0.8637609649122806,0.5808662280701754,0.8838327370304115,0.5752459749552773,0.8513437849944009,0.5806270996640538,0.9458874458874458,0.5395021645021645,0.8429054054054054,0.5639478764478765
0.1,0.002,20.0,corn,4,009|011,1,1.064,1.1616,5,5,5,28,0.364,0.5035879996541688,250,1.236,0.464,1.172,0.364,87.0,75.0,19.0,34.0,35.0,1.468,3,0.368,4,79,43,11,45,92,433,276,214,133,227,0.9894923897525725,0.8627272178873953,0.9926274341048199,7,6,0.573700891785562,2.0,1.5217152862174712,0.41890759843904685,0.8595238095238096,0.5380952380952381,0.8828823088707712,0.586599658578719,0.8627272178873953,0.573700891785562,1,1.2077309868007542,0.4661638382568615,1.1721698113207548,0.4867620206938527,0.7971491228070176,0.6137609649122807,0.7849955277280858,0.621757602862254,0.7038073908174691,0.6122620380739081,0.7359307359307359,0.6044372294372294,0.6373069498069498,0.6107625482625483
0.1,0.002,20.0,corn,5,010|012,0,1.3729508196721312,1.678688524590164,7,5,7,34,0.2540983606557377,-0.12716149572382807,244,1.6639344262295082,0.30327868852459017,1.6475409836065573,0.2540983606557377,75.0,54.0,45.0,30.0,40.0,1.2049180327868851,1,0.4098360655737705,0,100,41,57,1,45,412,278,168,177,274,1.0901577350671192,0.9824645684347423,1.028836312092606,18,15,0.43727340529505615,2.0,1.203331079578862,0.43073950278056444,1.1285714285714286,0.3976190476190476,1.1314557793099393,0.44847233794037433,1.0979022048565377,0.43727340529505615,1,1.3376181059107888,0.33256427158866186,1.1288775183882316,0.44187719859290053,1.1244212962962963,0.4409722222222222,1.1358566682486948,0.43331751305173233,1.0014952153110048,0.4458732057416268,1.0437062937062938,0.43006993006993005,0.9133403361344538,0.5362394957983193
0.1,0.002,20.0,corn,5,010|012,0,1.3811475409836065,1.7016393442622952,5,4,5,47,0.27459016393442626,-0.2192335669884935,244,1.8278688524590163,0.27459016393442626,1.6598360655737705,0.27459016393442626,74.0,57.0,57.0,22.0,34.0,1.2049180327868851,1,0.4098360655737705,0,100,41,57,1,45,412,278,168,177,274,1.145585310359393,1.0932308290566937,1.1337298719666158,4,3,0.46857573435376176,2.0,1.2898182363443826,0.3893942399288506,1.0833333333333335,0.4785714285714285,1.1107120193013722,0.48202195695542704,1.1020548654331672,0.46857573435376176,0,1.1203032300593276,0.450780048341024,1.1896386312759835,0.4324432363287496,1.0856481481481481,0.4554398148148148,1.0980066445182723,0.49003322259136217,1.0212320574162679,0.5098684210526316,1.1008158508158508,0.4603729603729604,1.0987394957983194,0.4810924369747899
0.1,0.002,20.0,corn,5,010|012,1,1.4262295081967213,1.5983606557377048,10,7,10,24,0.3073770491803279,-0.19468972470897383,244,1.709016393442623,0.3483606557377049,1.680327868852459,0.3073770491803279,89.0,54.0,40.0,16.0,45.0,1.2049180327868851,1,0.4098360655737705,0,100,41,57,1,45,412,278,168,177,274,1.0691057921311387,0.9968432728891985,1.0391341274463897,8,4,0.5052489876182038,2.0,1.187807776733763,0.42776185245938997,1.0333333333333332,0.4976190476190476,1.0910019449863586,0.5087724454231768,1.047688471469569,0.5052489876182038,0,1.1735882223687102,0.45396616128323447,1.1463063639270867,0.44707387272145827,1.1458333333333335,0.4878472222222222,1.1388229710488846,0.5198149027052682,0.951255980861244,0.5337918660287082,0.8741258741258742,0.5396270396270396,0.9038865546218487,0.5546218487394958
0.1,0.002,20.0,corn,5,010|012,1,1.5122950819672132,1.6901639344262296,10,8,10,28,0.3114754098360656,-0.1896612112335221,244,1.6885245901639345,0.36065573770491804,1.6270491803278688,0.3114754098360656,111.0,52.0,34.0,13.0,34.0,1.2049180327868851,1,0.4098360655737705,0,100,41,57,1,45,412,278,168,177,274,1.12111443424912,0.9699553671328467,1.015148511389048,5,4,0.4786190048341941,2.0,1.1317066279582053,0.4453452421333162,1.0642857142857143,0.4833333333333334,1.0826127877584746,0.5036852937193187,1.0767773810587222,0.4786190048341941,1,1.1426060206548012,0.43506921555702044,1.2373680844259674,0.40318196354333224,1.1770833333333333,0.4224537037037037,1.059326056003797,0.4537256763170384,1.0580143540669855,0.507177033492823,0.9533799533799534,0.5483682983682984,0.9096638655462185,0.5803571428571428
0.15,0.001,20.0,corn,0,001|005,0,1.4959016393442623,1.575409836065574,10,9,10,28,0.26229508196721313,0.059123986328839306,244,1.721311475409836,0.29918032786885246,1.7172131147540983,0.26229508196721313,96.0,49.0,71.0,8.0,20.0,1.209016393442623,3,0.3770491803278688,4,49,17,48,59,92,463,302,177,119,227,1.264427323556359,1.2294354160929002,1.2794667394711996,11,9,0.3899947044465709,2.0,1.3431748453312833,0.29433697038126594,1.2000000000000002,0.39761904761904765,1.3164582517836647,0.4108767493738916,1.2781489038301928,0.3899947044465709,0,1.332151991231275,0.37486298867373036,1.372488038277512,0.3385964912280702,1.228653846153846,0.4065384615384615,1.2581560283687945,0.39172576832151296,1.4294642857142859,0.3660714285714286,1.1870656370656372,0.4094594594594595,1.1390625,0.44270833333333337
0.15,0.001,20.0,corn,0,001|005,1,1.5040983606557377,1.5532786885245902,21,20,21,25,0.27459016393442626,0.05408097860082939,244,1.5368852459016393,0.27459016393442626,1.5245901639344261,0.27459016393442626,55.0,53.0,90.0,32.0,14.0,1.209016393442623,3,0.3770491803278688,4,49,17,48,59,92,463,302,177,119,227,1.3358622456350133,1.1986115412489786,1.2400714711454506,5,3,0.4282388656752796,2.0,1.2761556590298802,0.35474347403423767,1.4880952380952381,0.36190476190476195,1.2784448231810983,0.4514865459555726,1.2532843355870344,0.4282388656752796,1,1.3603945926196566,0.2854585312385824,1.2751196172248804,0.3876395534290271,1.156346153846154,0.4511538461538461,1.2159574468085106,0.45141843971631207,1.2574404761904763,0.4407738095238095,1.345752895752896,0.4463320463320463,1.1619791666666668,0.5348958333333333
0.15,0.001,20.0,corn,0,001|005,1,1.5081967213114753,1.5721311475409836,8,8,8,32,0.3114754098360656,0.09455744914788344,244,1.7172131147540983,0.3237704918032787,1.651639344262295,0.3114754098360656,103.0,55.0,56.0,20.0,10.0,1.209016393442623,3,0.3770491803278688,4,49,17,48,59,92,463,302,177,119,227,1.348107998476988,1.2162321976255401,1.2569560047796853,11,3,0.39413425371025035,2.0,1.3235196421769533,0.3170655117843654,1.2190476190476192,0.3928571428571428,1.2247931200049467,0.43415874741681626,1.2162321976255401,0.39413425371025035,0,1.5999269272926562,0.30343441724515896,1.4913078149920256,0.27527910685805423,1.2376923076923076,0.3769230769230769,1.1726950354609929,0.40236406619385345,1.2785714285714285,0.38541666666666663,0.9027027027027027,0.492084942084942,0.8307291666666667,0.5234375
0.15,0.001,20.0,corn,0,001|005,0,1.4180327868852458,1.5450819672131149,6,6,6,35,0.22950819672131148,0.03357902087050979,244,1.6598360655737705,0.29508196721311475,1.6024590163934427,0.22950819672131148,44.0,97.0,87.0,12.0,4.0,1.209016393442623,3,0.3770491803278688,4,49,17,48,59,92,463,302,177,119,227,1.2377940104895542,1.207409772681078,1.2473319411355317,12,10,0.41445934609584445,2.0,1.2965231917669588,0.31768585231329227,1.3261904761904761,0.39761904761904754,1.2514975875949457,0.4305928087835177,1.2189007563531198,0.41445934609584445,1,1.4680672268907564,0.33328461819510413,1.5067783094098885,0.29003189792663475,1.0594230769230768,0.4371153846153846,1.150709219858156,0.44148936170212766,1.2342261904761904,0.44761904761904764,1.0042471042471042,0.49594594594594593,1.1088541666666667,0.4557291666666667
0.15,0.001,20.0,corn,1,002|006,0,1.1238095238095238,1.541904761904762,3,3,3,33,0.3142857142857143,-0.16031238746849108,210,1.8,0.3619047619047619,1.619047619047619,0.3142857142857143,60.0,59.0,29.0,21.0,41.0,1.1238095238095238,1,0.46190476190476193,0,97,35,53,57,7,415,284,172,121,312,1.2453352516718104,1.1269672218962599,1.2006450463346465,7,5,0.392083549799107,2.0,1.2537482942357445,0.3842376309666873,1.3642857142857143,0.3476190476190476,1.2117150762663749,0.44338713724372614,1.1739514350094096,0.392083549799107,0,1.487296285049094,0.3059014070250025,1.4499101527403413,0.3059299191374663,1.4511542792792793,0.2767454954954955,1.2123909883720931,0.357921511627907,0.9383528265107213,0.4919590643274854,0.928030303030303,0.4583333333333333,0.7505252100840336,0.5477941176470589
0.15,0.001,20.0,corn,1,002|006,1,1.1095238095238096,1.656190476190476,3,3,3,27,0.23333333333333334,-0.13714814419415666,210,1.8761904761904762,0.29523809523809524,1.6047619047619048,0.23333333333333334,25.0,73.0,45.0,23.0,44.0,1.1238095238095238,1,0.46190476190476193,0,97,35,53,57,7,415,284,172,121,312,1.255368561740509,1.1636563751720765,1.2514129938725125,7,4,0.41291531557032374,2.0,1.2131520028008835,0.39689442338536374,1.4142857142857144,0.4023809523809524,1.2994798124221376,0.4394928749682089,1.2663481248947477,0.41291531557032374,1,1.7393460876606943,0.24972163174410364,1.6176999101527403,0.28807277628032346,1.5950168918918919,0.27618243243243246,1.2354651162790697,0.4066133720930233,1.2166179337231968,0.41033138401559455,0.6856060606060606,0.643939393939394,0.7746848739495797,0.615546218487395
0.15,0.001,20.0,corn,1,002|006,0,1.0952380952380953,1.5228571428571427,3,3,3,28,0.3380952380952381,-0.1191402251791196,210,1.6571428571428573,0.36666666666666664,1.4047619047619047,0.3380952380952381,48.0,62.0,56.0,20.0,24.0,1.1238095238095238,1,0.46190476190476193,0,97,35,53,57,7,415,284,172,121,312,1.1586768763091282,1.0969164577338506,1.167770592484495,5,4,0.40802345299141973,2.0,1.2264727224425598,0.4040721990667625,1.4166666666666665,0.3428571428571428,1.3005285087849225,0.4450791816335057,1.2399640932793434,0.40802345299141973,1,1.4016094746431826,0.30149812734082393,1.4816936208445641,0.3200808625336927,1.5620777027027026,0.30743243243243246,1.4180595930232558,0.35628633720930236,1.1637426900584797,0.42348927875243664,0.9015151515151515,0.5643939393939394,0.7510504201680672,0.5829831932773109
0.15,0.001,20.0,corn,1,002|006,1,1.138095238095238,1.5866666666666667,3,3,3,35,0.16666666666666666,-0.16865961442561717,210,1.8333333333333333,0.24285714285714285,1.7857142857142858,0.16666666666666666,7.0,54.0,69.0,16.0,64.0,1.1238095238095238,1,0.46190476190476193,0,97,35,53,57,7,415,284,172,121,312,1.1580665369649707,1.104617723703516,1.1661750887367213,13,4,0.40632404189312615,2.0,1.2967037670381867,0.3586563210574153,1.2642857142857142,0.3642857142857143,1.2192755879484347,0.43372174919520834,1.1649801632363121,0.40632404189312615,0,1.1593784796031987,0.36572527583763537,1.5016846361185983,0.27100179694519316,1.3704954954954955,0.31264076576576577,1.2067587209302326,0.4027979651162791,1.1220760233918128,0.4432261208576998,0.9583333333333334,0.5189393939393939,0.8361344537815125,0.529936974789916
0.15,0.001,20.0,corn,2,003|007,0,1.5193798449612403,1.648062015503876,16,14,16,29,0.32170542635658916,0.17637200075248405,258,1.5348837209302326,0.32170542635658916,1.5193798449612403,0.32170542635658916,100.0,43.0,38.0,24.0,53.0,1.4224806201550388,1,0.32170542635658916,4,74,72,14,15,83,438,247,211,163,236,1.0461557177096714,0.737569518616089,0.7642561522638701,6,6,0.5192130164273789,2.0,1.3410835247478476,0.31981454818929944,0.680952380952381,0.5333333333333333,0.769389382628026,0.5385735157071532,0.7705239179485436,0.5192130164273789,0,0.9842761140471064,0.4455862203953807,0.8700396825396826,0.46577380952380953,0.9399087221095335,0.4549526707234618,0.8025020508613618,0.5210213289581624,0.6111534552845528,0.5895579268292683,0.6497093023255813,0.5604005167958657,0.5360780984719864,0.5971986417657046
0.15,0.001,20.0,corn,2,003|007,1,1.310077519379845,1.5488372093023257,5,3,5,25,0.2713178294573643,-0.02294558055191498,258,1.7790697674418605,0.27906976744186046,1.7015503875968991,0.2713178294573643,140.0,64.0,28.0,18.0,8.0,1.4224806201550388,1,0.32170542635658916,4,74,72,14,15,83,438,247,211,163,236,0.6306741210910956,0.6148120601165208,0.6577484743546724,5,4,0.5707642600709723,2.0,1.2495270938713918,0.3465055677264022,0.6190476190476191,0.5666666666666667,0.6415176053735624,0.5783957338568096,0.6306741210910956,0.5707642600709723,0,0.7878254061460168,0.5570235532067593,0.8035714285714286,0.5441468253968254,0.6068289384719405,0.5621196754563895,0.6980106644790812,0.5195857260049221,0.4817073170731707,0.6434197154471545,0.5335917312661499,0.5894702842377262,0.5031833616298811,0.5795840407470289
0.15,0.001,20.0,corn,2,003|007,0,1.441860465116279,1.6263565891472869,8,5,8,27,0.25193798449612403,0.006480055239815097,258,1.8410852713178294,0.26744186046511625,1.7713178294573644,0.25193798449612403,62.0,73.0,29.0,29.0,65.0,1.4224806201550388,1,0.32170542635658916,4,74,72,14,15,83,438,247,211,163,236,0.8237417011795956,0.6938061643612939,0.7704578808017413,5,4,0.4936791901703512,2.0,1.2289408783395106,0.35591885776915155,0.7952380952380953,0.4785714285714286,0.797576102070042,0.5137476405473321,0.7907376767239618,0.4936791901703512,1,0.877895217589874,0.5035884387029426,0.7232142857142857,0.5238095238095238,0.853870858688303,0.4759127789046653,0.7898892534864643,0.4818498769483183,0.7700711382113821,0.5121951219512195,0.8241279069767442,0.46285529715762275,0.6960950764006791,0.4955432937181664
0.15,0.001,20.0,corn,2,003|007,1,1.2015503875968991,1.4829457364341085,22,4,22,27,0.26744186046511625,0.306516567703748,258,1.3682170542635659,0.2868217054263566,1.375968992248062,0.26744186046511625,60.0,41.0,68.0,35.0,54.0,1.4224806201550388,1,0.32170542635658916,4,74,72,14,15,83,438,247,211,163,236,1.0389562488664448,0.6226336092105587,0.6879552981992099,7,4,0.5247662573517887,2.0,1.0913908603446145,0.3849597330378356,0.8166666666666667,0.5214285714285714,0.7799579558909314,0.5369124031712816,0.77850892725348,0.5247662573517887,1,1.061362301820317,0.4617668167286488,0.9518849206349207,0.48759920634920634,0.8406017579445572,0.5049019607843137,0.7190319934372437,0.5471698113207547,0.5895579268292683,0.5860010162601625,0.7378875968992249,0.5129198966408268,0.5492359932088284,0.5730050933786078
0.15,0.001,20.0,corn,3,004|008,0,0.6916666666666667,1.5050000000000001,21,10,21,24,0.25416666666666665,0.02495917891299282,240,1.6083333333333334,0.24166666666666667,1.5875,0.25416666666666665,42.0,32.0,73.0,40.0,53.0,0.5375,1,0.4708333333333333,0,113,111,42,1,0,399,208,183,177,319,0.6411451239525181,0.5228585475692282,0.5737285640073575,3,3,0.5118144364549709,2.0,0.6083596187643383,0.45735346883587036,0.6357142857142858,0.45952380952380945,0.5688771112883755,0.5110260921944251,0.5599526822974257,0.5118144364549709,0,0.7457729926453863,0.3616271135036773,0.5522214854111406,0.4913793103448276,0.6035728623042955,0.5008028904054597,0.5290178571428572,0.5349702380952381,0.4974858579509742,0.5722815839094909,0.48149671052631576,0.5711348684210527,0.5101010101010102,0.5505050505050505
0.15,0.001,20.0,corn,3,004|008,0,0.7458333333333333,1.5574999999999999,14,10,14,24,0.25416666666666665,0.015407056249430284,240,1.6416666666666666,0.25416666666666665,1.6083333333333334,0.25416666666666665,39.0,48.0,67.0,20.0,66.0,0.5375,1,0.4708333333333333,0,113,111,42,1,0,399,208,183,177,319,0.6774301722428251,0.5019599062911769,0.5483902120000593,3,3,0.5340519877166485,2.0,0.5963572112834098,0.46679697028273426,0.5619047619047619,0.5142857142857143,0.5590815724889081,0.5310732265840551,0.5274600219821846,0.5340519877166485,1,0.6750322238228827,0.432784896504663,0.5436007957559681,0.47364058355437666,0.5624247290244881,0.5089321557607387,0.4910714285714286,0.5558035714285714,0.4607165304839724,0.5916090509113765,0.47368421052631576,0.5855263157894737,0.4856902356902357,0.5900673400673401
0.15,0.001,20.0,corn,3,004|008,1,1.0416666666666667,1.3808333333333334,9,9,9,28,0.25416666666666665,-0.057791537667698734,240,1.7,0.25416666666666665,1.5541666666666667,0.25416666666666665,49.0,59.0,58.0,18.0,56.0,0.5375,1,0.4708333333333333,0,113,111,42,1,0,399,208,183,177,319,0.6476821149909584,0.5197269595599975,0.5765056603011545,3,3,0.501282929962477,2.0,0.6141636170530511,0.44831221307090097,0.6428571428571429,0.4666666666666667,0.586533560819977,0.4992350831310274,0.5718072946784872,0.501282929962477,0,0.6613465766926985,0.41254075365835163,0.5520557029177718,0.5006631299734747,0.6018667201926937,0.4889602569249297,0.5811011904761905,0.4992559523809524,0.5400691389063482,0.5180703959773727,0.530016447368421,0.5423519736842105,0.5361952861952862,0.5471380471380471
0.15,0.001,20.0,corn,3,004|008,1,1.2041666666666666,1.4100000000000001,13,9,13,26,0.26666666666666666,0.04009252120277573,240,1.3916666666666666,0.2916666666666667,1.3916666666666666,0.26666666666666666,56.0,55.0,58.0,31.0,40.0,0.5375,1,0.4708333333333333,0,113,111,42,1,0,399,208,183,177,319,0.6547393529203299,0.5225915609453089,0.5813625146643469,3,3,0.459285073915091,2.0,0.6046574994455696,0.4616512188676509,0.7071428571428573,0.4142857142857142,0.6301373965541899,0.45719838526658185,0.6176696488223159,0.459285073915091,1,0.7797406930017439,0.36803396770035635,0.6205238726790451,0.46187002652519893,0.6531513448414291,0.46537535126455243,0.5885416666666666,0.47023809523809523,0.5719673161533627,0.46873035826524195,0.5929276315789473,0.459703947368421,0.5168350168350169,0.521043771043771
0.15,0.001,20.0,corn,4,009|011,0,0.912,1.1423999999999999,6,6,6,29,0.344,0.4517830104944396,250,1.244,0.416,1.168,0.344,54.0,68.0,46.0,40.0,42.0,1.468,3,0.368,4,79,43,11,45,92,433,276,214,133,227,1.0478000799309997,1.018373105972692,1.0714025959132456,8,7,0.5309034659024702,2.0,1.7603712686697643,0.30285357104510346,0.9666666666666666,0.530952380952381,1.063804865349286,0.5526106841704577,1.018373105972692,0.5309034659024702,0,1.1772470144563167,0.4415461973601508,1.1994826536822885,0.4821211199026172,1.0148026315789473,0.559484649122807,1.0573568872987478,0.5377906976744187,0.8458846584546472,0.5697088465845465,0.8804112554112554,0.5687229437229437,0.9534266409266409,0.556949806949807
0.15,0.001,20.0,corn,4,009|011,1,1.244,1.350666666666667,29,9,29,30,0.368,0.37343190803023574,250,1.364,0.376,1.364,0.368,116.0,33.0,31.0,27.0,43.0,1.468,3,0.368,4,79,43,11,45,92,433,276,214,133,227,1.1791153698988315,1.003600735846239,1.0666149493723283,7,7,0.48960672174722686,2.0,1.607826636424659,0.3851431209938726,1.2285714285714284,0.4261904761904761,1.128883672752186,0.5278708658587092,1.1408748842479222,0.48960672174722686,0,1.521370207416719,0.3808925204274042,1.3172550213024954,0.42970176506390745,1.155701754385965,0.4492872807017544,1.1273479427549196,0.49809928443649376,0.9637458006718925,0.5487122060470325,0.9453463203463204,0.5838744588744589,0.9553571428571429,0.5366795366795367
0.15,0.001,20.0,corn,4,009|011,1,1.004,1.2328,16,14,16,29,0.42,0.37129083346386127,250,1.288,0.412,1.244,0.42,84.0,47.0,42.0,21.0,56.0,1.468,3,0.368,4,79,43,11,45,92,433,276,214,133,227,1.108083192218704,0.9466138193991243,0.9805637405635963,6,5,0.5155322932977594,2.0,1.5217152862174712,0.41890759843904685,1.1476190476190475,0.45714285714285713,1.0340560725893841,0.5410416080066504,1.0287801863977786,0.5155322932977594,1,1.512884978001257,0.42928975487115023,1.1887553256238588,0.4672854534388314,0.9169407894736842,0.5633223684210527,0.9336985688729875,0.5453935599284436,0.8994960806270996,0.5461926091825308,0.8430735930735931,0.5384199134199135,0.9066119691119692,0.5188223938223938
0.15,0.001,20.0,corn,4,009|011,0,1.02,1.1199999999999999,6,6,6,53,0.352,0.4734664710970702,250,1.088,0.448,1.168,0.352,56.0,100.0,33.0,16.0,45.0,1.468,3,0.368,4,79,43,11,45,92,433,276,214,133,227,1.1291835969505,0.9116112900433038,1.006047373432247,17,14,0.5181289867705906,2.0,1.5916794378834358,0.34392734575334144,0.9095238095238096,0.5333333333333334,1.0571619696155343,0.5289424479756955,1.0430555718237855,0.5181289867705906,1,1.224910957469097,0.46396396396396394,1.143791844187462,0.5058581862446744,1.0309758771929824,0.521655701754386,1.1530635062611807,0.4935152057245081,0.9172732362821948,0.5565509518477043,0.8777056277056277,0.5551948051948052,0.9536679536679538,0.5301640926640927
0.15,0.001,20.0,corn,5,010|012,0,1.3729508196721312,1.7688524590163932,11,5,11,36,0.3073770491803279,-0.21644696505211547,244,1.7295081967213115,0.3237704918032787,1.7172131147540983,0.3073770491803279,110.0,33.0,45.0,18.0,38.0,1.2049180327868851,1,0.4098360655737705,0,100,41,57,1,45,412,278,168,177,274,1.187664077848612,1.1412878308261163,1.164948890484132,14,13,0.4036104171916801,2.0,1.2898182363443826,0.3893942399288506,1.1642857142857141,0.3642857142857143,1.1762924490430864,0.42916670616797137,1.1614003145835743,0.4036104171916801,0,1.3669523181718304,0.37002856515051635,1.2532779021426288,0.374080588423409,1.1921296296296298,0.37094907407407407,1.165875652586616,0.42513051732320833,1.0592105263157894,0.4333133971291866,1.0576923076923077,0.418997668997669,1.0346638655462184,0.4327731092436975
0.15,0.001,20.0,corn,5,010|012,1,1.4344262295081966,1.6672131147540985,7,6,7,24,0.2540983606557377,-0.2689477120303876,244,1.8770491803278688,0.32786885245901637,1.8442622950819672,0.2540983606557377,73.0,45.0,52.0,23.0,51.0,1.2049180327868851,1,0.4098360655737705,0,100,41,57,1,45,412,278,168,177,274,1.1342392669904713,1.0527270370698452,1.092562353600448,5,4,0.4559983153619837,2.0,1.187807776733763,0.42776185245938997,1.0595238095238095,0.4214285714285714,1.1115532717953696,0.4715825096981121,1.0818649918994285,0.4559983153619837,0,1.2145682267633489,0.4552845528455285,1.0883434601854813,0.4791333546530221,1.0434027777777777,0.46469907407407407,1.1394162316089227,0.4435215946843854,0.9680023923444976,0.4742822966507177,1.0541958041958042,0.41025641025641024,1.065126050420168,0.4648109243697479
0.15,0.001,20.0,corn,5,010|012,0,1.4180327868852458,1.6991803278688526,23,7,23,34,0.29098360655737704,-0.1985601559307113,244,1.7008196721311475,0.30327868852459017,1.680327868852459,0.29098360655737704,87.0,43.0,53.0,23.0,38.0,1.2049180327868851,1,0.4098360655737705,0,100,41,57,1,45,412,278,168,177,274,1.2473497453494566,1.0319635504063238,1.116983414646726,14,4,0.45984214462561324,2.0,1.203331079578862,0.43073950278056444,1.1047619047619048,0.47857142857142854,1.177673697491768,0.4822525467502213,1.1383777094226704,0.45984214462561324,1,1.3311360140628434,0.3858492638980444,1.388871122481612,0.37312120243044455,1.2158564814814814,0.4369212962962963,1.1219743711438064,0.48932130991931655,1.0601076555023923,0.4817583732057416,0.9347319347319347,0.5099067599067599,0.9159663865546218,0.542016806722689
0.15,0.001,20.0,corn,5,010|012,1,1.4139344262295082,1.660860655737705,24,7,24,26,0.3073770491803279,-0.20568556467774268,244,1.6557377049180328,0.319672131147541,1.6270491803278688,0.3073770491803279,119.0,59.0,25.0,10.0,31.0,1.2049180327868851,1,0.4098360655737705,0,100,41,57,1,45,412,278,168,177,274,1.1812469968489303,0.9814109635271675,1.0340321487090547,3,3,0.46205130926856697,2.0,1.1317066279582053,0.4453452421333162,1.0642857142857143,0.4285714285714285,1.0832658527160797,0.46214605431022937,1.0373681772488563,0.46205130926856697,1,1.084596791913865,0.4445176884201274,1.0605212663895107,0.44659417972497606,1.1261574074074074,0.41030092592592593,1.1058376839107735,0.4195538680588514,1.026614832535885,0.45364832535885163,0.953962703962704,0.5093240093240093,0.9038865546218489,0.5504201680672269
0.15,0.002,20.0,corn,0,001|005,0,1.569672131147541,1.6672131147540985,19,17,19,25,0.3155737704918033,0.008745609601617188,244,1.6721311475409837,0.3155737704918033,1.6557377049180328,0.3155737704918033,96.0,42.0,74.0,17.0,15.0,1.209016393442623,3,0.3770491803278688,4,49,17,48,59,92,463,302,177,119,227,1.2561649197356513,1.1768025822238564,1.2389013941556684,5,3,0.4028677726305526,2.0,1.3431748453312833,0.29433697038126594,1.3785714285714286,0.3833333333333333,1.2929572038076462,0.4456948804921307,1.2722665940407003,0.4028677726305526,0,1.3390938984289367,0.24241870661308001,1.361323763955343,0.3606858054226475,1.1957692307692307,0.4425,1.2708037825059102,0.42505910165484634,1.2946428571428572,0.44732142857142854,1.3254826254826255,0.4328185328185328,1.11875,0.46927083333333336
0.15,0.002,20.0,corn,0,001|005,0,1.3114754098360655,1.5663934426229509,6,6,6,27,0.3073770491803279,0.24474824182743737,244,1.3237704918032787,0.38114754098360654,1.3114754098360655,0.3073770491803279,52.0,67.0,61.0,46.0,18.0,1.209016393442623,3,0.3770491803278688,4,49,17,48,59,92,463,302,177,119,227,1.1770657567894036,1.1770657567894036,1.2163960101505196,8,6,0.4088186667384641,2.0,1.2965231917669588,0.31768585231329227,1.3928571428571428,0.3547619047619048,1.1649544409247294,0.4492171828159702,1.186911646366504,0.4088186667384641,1,1.3449031786627694,0.29850200949945194,1.323604465709729,0.34298245614035083,1.1371153846153845,0.42692307692307696,1.220567375886525,0.40283687943262414,1.3077380952380953,0.3913690476190476,1.0411196911196912,0.4808880308880309,0.9333333333333333,0.5182291666666667
0.15,0.002,20.0,corn,0,001|005,1,1.4631147540983607,1.65327868852459,7,7,7,27,0.2336065573770492,0.07035591307410849,244,1.7295081967213115,0.2827868852459016,1.6229508196721312,0.2336065573770492,56.0,105.0,65.0,14.0,4.0,1.209016393442623,3,0.3770491803278688,4,49,17,48,59,92,463,302,177,119,227,1.2130804047818722,1.1142231691538051,1.1656007300548987,8,4,0.3930402353180816,2.0,1.3235196421769533,0.3170655117843654,1.3142857142857145,0.30952380952380953,1.1742873521323154,0.43231914213792794,1.174569567799967,0.3930402353180816,0,1.187066130800146,0.3199488491048593,1.208213716108453,0.3645933014354067,1.081923076923077,0.41692307692307695,1.1606382978723404,0.4076832151300236,1.2830357142857143,0.36636904761904765,1.2386100386100387,0.39034749034749033,1.0625,0.48541666666666666
0.15,0.002,20.0,corn,0,001|005,1,1.4467213114754098,1.54672131147541,16,15,16,30,0.3483606557377049,0.1479094839380507,244,1.4467213114754098,0.36885245901639346,1.4467213114754098,0.3483606557377049,78.0,47.0,83.0,15.0,21.0,1.209016393442623,3,0.3770491803278688,4,49,17,48,59,92,463,302,177,119,227,1.2905337340465075,1.1943407634190435,1.2861734047801185,3,3,0.3654899155428264,2.0,1.2761556590298802,0.35474347403423767,1.35,0.3666666666666667,1.2840061979293806,0.41474092120404954,1.2983141277937567,0.3654899155428264,1,1.5416879795396419,0.2430032882718305,1.4881180223285486,0.2936204146730462,1.2309615384615384,0.3926923076923077,1.353191489361702,0.37553191489361704,1.3625,0.3794642857142857,1.0648648648648649,0.43088803088803085,1.046875,0.4432291666666667
0.15,0.002,20.0,corn,1,002|006,0,1.1904761904761905,1.599047619047619,3,3,3,27,0.2761904761904762,-0.1521340153852162,210,1.8238095238095238,0.2904761904761905,1.5285714285714285,0.2761904761904762,18.0,65.0,54.0,46.0,27.0,1.1238095238095238,1,0.46190476190476193,0,97,35,53,57,7,415,284,172,121,312,1.2086695050544836,1.0964022428550504,1.1503998216513651,5,5,0.4341314925524077,2.0,1.2264727224425598,0.4040721990667625,1.1880952380952379,0.430952380952381,1.1289485873541878,0.49505052290020746,1.1312616343832014,0.4341314925524077,1,1.3192630833080272,0.35443870837129265,1.4174528301886793,0.3580413297394429,1.577561936936937,0.2892736486486487,1.2116642441860466,0.39825581395348836,1.0275341130604287,0.48903508771929827,0.6363636363636364,0.6136363636363636,0.7289915966386554,0.5362394957983193
0.15,0.002,20.0,corn,1,002|006,1,1.1238095238095238,1.7380952380952384,16,7,16,24,0.24285714285714285,-0.19844002529688698,210,1.8285714285714285,0.24285714285714285,1.7952380952380953,0.24285714285714285,56.0,41.0,32.0,23.0,58.0,1.1238095238095238,1,0.46190476190476193,0,97,35,53,57,7,415,284,172,121,312,1.2389927622408323,1.0694297181946497,1.1559338009532776,5,3,0.4251366330949712,2.0,1.2967037670381867,0.3586563210574153,1.411904761904762,0.3761904761904762,1.2754389556269012,0.4616354056744766,1.2445535920347033,0.4251366330949712,0,1.4557647535175624,0.36668691163073186,1.5308849955076371,0.2920035938903863,1.5433558558558558,0.3313626126126126,1.2280159883720931,0.4124273255813954,1.1820175438596492,0.44468810916179335,0.9924242424242424,0.5037878787878788,0.7794117647058824,0.625
0.15,0.002,20.0,corn,1,002|006,0,1.2095238095238094,1.719047619047619,7,3,7,39,0.3142857142857143,-0.08804417462399727,210,1.680952380952381,0.3142857142857143,1.5952380952380953,0.3142857142857143,49.0,49.0,39.0,10.0,63.0,1.1238095238095238,1,0.46190476190476193,0,97,35,53,57,7,415,284,172,121,312,1.1407756176835286,1.0785120834331896,1.1495759085750117,17,11,0.4352807816633948,2.0,1.2537482942357445,0.3842376309666873,1.269047619047619,0.41666666666666663,1.1829640453484487,0.4552928633130301,1.1670876325768438,0.4352807816633948,0,1.4546006680838142,0.3205790059722644,1.4300314465408805,0.33176100628930816,1.3693693693693694,0.30278716216216217,1.113735465116279,0.4647529069767442,1.1128167641325537,0.4615009746588694,0.9280303030303031,0.5227272727272727,0.7610294117647058,0.6428571428571428
0.15,0.002,20.0,corn,1,002|006,1,1.1904761904761905,1.6161904761904762,3,3,3,24,0.28095238095238095,-0.12050186129877294,210,1.6142857142857143,0.35714285714285715,1.438095238095238,0.28095238095238095,34.0,107.0,25.0,13.0,31.0,1.1238095238095238,1,0.46190476190476193,0,97,35,53,57,7,415,284,172,121,312,1.0817989596828816,1.0817989596828816,1.1490540552930013,5,4,0.4565944044897466,2.0,1.2131520028008835,0.39689442338536374,1.2595238095238095,0.4285714285714286,1.1708608587662064,0.48578636499458794,1.1259668298145171,0.4565944044897466,1,1.6596315416540137,0.3081283530721733,1.3912848158131177,0.37264150943396224,1.591920045045045,0.3047578828828829,1.1595203488372094,0.4378633720930233,0.9768518518518519,0.4722222222222222,0.6477272727272727,0.5757575757575757,0.4548319327731093,0.7247899159663866
0.15,0.002,20.0,corn,2,003|007,0,1.4689922480620154,1.6015503875968993,22,3,22,26,0.2713178294573643,0.08648286113074843,258,1.6434108527131783,0.2713178294573643,1.627906976744186,0.2713178294573643,74.0,51.0,49.0,32.0,52.0,1.4224806201550388,1,0.32170542635658916,4,74,72,14,15,83,438,247,211,163,236,1.0189536622043112,0.7142404895089627,0.7966380553301607,5,3,0.5447877409034995,2.0,1.3410835247478476,0.31981454818929944,0.7428571428571428,0.5785714285714285,0.7195159422264,0.5511607287745762,0.7142404895089627,0.5447877409034995,0,1.1287270829255562,0.4472499510667449,0.7698412698412698,0.527281746031746,0.6490872210953347,0.5656693711967546,0.7332854799015587,0.5304552912223134,0.5746951219512195,0.5764735772357723,0.6103036175710594,0.5662144702842378,0.5337436332767402,0.6001697792869269
0.15,0.002,20.0,corn,2,003|007,0,1.4108527131782946,1.5713178294573644,8,7,8,29,0.24031007751937986,0.06043291332427558,258,1.6744186046511629,0.2596899224806202,1.6589147286821706,0.24031007751937986,49.0,50.0,73.0,19.0,67.0,1.4224806201550388,1,0.32170542635658916,4,74,72,14,15,83,438,247,211,163,236,0.766559955020797,0.766559955020797,0.8199430427038126,6,4,0.48850185279366165,2.0,1.2289408783395106,0.35591885776915155,0.7809523809523811,0.5071428571428571,0.8150851627386261,0.5102719574578962,0.8108468425323587,0.48850185279366165,1,0.9719449337769949,0.45733020160501076,0.7663690476190477,0.49950396825396826,0.8064570655848546,0.4710108181203516,0.8101927809680066,0.4920016406890894,0.7700711382113821,0.5191819105691057,0.8170219638242895,0.4675387596899225,0.7338709677419355,0.5129456706281834
0.15,0.002,20.0,corn,2,003|007,1,1.4651162790697674,1.6434108527131785,27,5,27,29,0.21705426356589147,0.04943761928585988,258,1.697674418604651,0.22093023255813954,1.686046511627907,0.21705426356589147,79.0,31.0,70.0,33.0,45.0,1.4224806201550388,1,0.32170542635658916,4,74,72,14,15,83,438,247,211,163,236,1.059069330573003,0.5896574799611152,0.7227058357003301,6,5,0.5176525054473196,2.0,1.2495270938713918,0.3465055677264022,0.7071428571428571,0.5428571428571428,0.7700643379824559,0.5412198260333572,0.7754274238841645,0.5176525054473196,0,0.963691524760227,0.4845044692372937,0.9305555555555556,0.5059523809523809,0.9236815415821501,0.4623901284651792,0.7893765381460214,0.5047169811320755,0.5722815040650406,0.5772357723577235,0.6983204134366925,0.5187338501291989,0.5500848896434635,0.5700339558573854
0.15,0.002,20.0,corn,2,003|007,1,1.3372093023255813,1.627906976744186,7,3,7,24,0.2751937984496124,0.2489875822889276,258,1.5077519379844961,0.2751937984496124,1.434108527131783,0.2751937984496124,47.0,55.0,61.0,42.0,53.0,1.4224806201550388,1,0.32170542635658916,4,74,72,14,15,83,438,247,211,163,236,0.7005691378932422,0.6710695798772189,0.7344941411521908,4,3,0.48414944348335087,2.0,1.0913908603446145,0.3849597330378356,0.8333333333333333,0.4857142857142857,0.7891337860662391,0.5159852245746084,0.788752957977438,0.48414944348335087,1,0.7948391727017681,0.5383962941214849,0.6468253968253967,0.5476190476190477,0.7872718052738337,0.42554090601757943,0.8975594749794913,0.4115053322395406,0.8812245934959348,0.4513465447154471,0.876453488372093,0.46285529715762275,0.6370967741935484,0.5517826825127334
0.15,0.002,20.0,corn,3,004|008,0,0.7083333333333334,1.35,18,14,18,26,0.325,0.028096330275229286,240,1.4416666666666667,0.3333333333333333,1.3916666666666666,0.325,47.0,58.0,68.0,14.0,53.0,0.5375,1,0.4708333333333333,0,113,111,42,1,0,399,208,183,177,319,0.5554758228729612,0.5387275255701667,0.5608115772794389,3,3,0.5146559863238283,2.0,0.6083596187643383,0.45735346883587036,0.5595238095238095,0.5333333333333333,0.574566239356228,0.5187992595900403,0.5567023318574508,0.5146559863238283,0,0.6953142770490561,0.4120858291000076,0.5611737400530504,0.49055039787798405,0.6294660778803693,0.5073263749498194,0.5610119047619048,0.5119047619047619,0.5081709616593337,0.5441546197360151,0.48807565789473684,0.5448190789473684,0.45370370370370366,0.5917508417508418
0.15,0.002,20.0,corn,3,004|008,0,1.0041666666666667,1.4616666666666667,14,4,14,24,0.3125,0.05675146771037187,240,1.5041666666666667,0.3125,1.4666666666666666,0.3125,43.0,59.0,61.0,15.0,62.0,0.5375,1,0.4708333333333333,0,113,111,42,1,0,399,208,183,177,319,0.5802459983831811,0.546753143824326,0.5769293051979754,3,3,0.5165339957695848,2.0,0.5963572112834098,0.46679697028273426,0.5642857142857143,0.5023809523809524,0.5762238797620814,0.5068469527278162,0.546753143824326,0.5165339957695848,1,0.7273485480324513,0.4304723633330806,0.5810676392572944,0.45341511936339524,0.6680048173424328,0.4357687675632276,0.5372023809523809,0.49925595238095233,0.43463230672533,0.6060653676932747,0.47245065789473684,0.5670230263157895,0.4065656565656566,0.6237373737373737
0.15,0.002,20.0,corn,3,004|008,1,1.1541666666666666,1.3316666666666666,10,7,10,24,0.37083333333333335,-0.03235789880903028,240,1.4166666666666667,0.36666666666666664,1.3666666666666667,0.37083333333333335,68.0,58.0,45.0,17.0,52.0,0.5375,1,0.4708333333333333,0,113,111,42,1,0,399,208,183,177,319,0.5964948008864775,0.5164356418295506,0.541143764600174,3,3,0.5397189556267755,2.0,0.6141636170530511,0.44831221307090097,0.6166666666666667,0.47619047619047616,0.5047427028756155,0.5591836039117015,0.5164356418295506,0.5397189556267755,0,0.5815073167033133,0.4910152399727046,0.522712201591512,0.5247015915119364,0.5539943797671618,0.5356282617422722,0.5089285714285714,0.5431547619047619,0.4965430546825896,0.5499685732243872,0.4564144736842105,0.5830592105263158,0.494949494949495,0.5505050505050505
0.15,0.002,20.0,corn,3,004|008,1,1.2791666666666666,1.4300000000000002,16,14,16,25,0.29583333333333334,0.041104442204960456,240,1.4166666666666667,0.3,1.3916666666666666,0.29583333333333334,50.0,72.0,43.0,21.0,54.0,0.5375,1,0.4708333333333333,0,113,111,42,1,0,399,208,183,177,319,0.7046975044886359,0.5160750895262995,0.5560398702273421,5,3,0.5101949349346897,2.0,0.6046574994455696,0.4616512188676509,0.6047619047619048,0.48809523809523814,0.5640184008671704,0.5173304542406145,0.5532844080361219,0.5101949349346897,1,0.7310637652589279,0.39468496474334674,0.5659814323607427,0.490053050397878,0.6680048173424328,0.4363709353673223,0.49702380952380953,0.5572916666666666,0.4984286612193589,0.538340666247643,0.4629934210526316,0.5645559210526316,0.4494949494949495,0.5900673400673401
0.15,0.002,20.0,corn,4,009|011,0,0.932,1.1584,6,6,6,28,0.352,0.2663685163262367,250,1.416,0.404,1.356,0.352,54.0,84.0,40.0,18.0,54.0,1.468,3,0.368,4,79,43,11,45,92,433,276,214,133,227,1.0366871406046376,0.9272734109974256,1.0271546614321678,8,5,0.5172852035924557,2.0,1.7603712686697643,0.30285357104510346,1.0023809523809524,0.5238095238095238,1.0131742088079334,0.5478102971848715,1.0326072487507822,0.5172852035924557,0,1.1435156086318876,0.4748585795097423,1.3311016433353622,0.4169202678027998,0.9698464912280702,0.5644188596491228,0.9975402504472272,0.5195661896243291,0.9466685330347144,0.5352743561030235,0.9134199134199135,0.5416666666666666,0.9261583011583011,0.5682915057915058
0.15,0.002,20.0,corn,4,009|011,0,0.956,1.1416,7,4,7,26,0.376,0.29491557233045396,250,1.516,0.424,1.472,0.376,123.0,51.0,23.0,12.0,41.0,1.468,3,0.368,4,79,43,11,45,92,433,276,214,133,227,1.0817076113338597,0.9304717732866447,1.0112715221076845,7,5,0.5307065790549856,2.0,1.5916794378834358,0.34392734575334144,1.188095238095238,0.5023809523809524,1.084487244415596,0.5570169546151673,1.0817076113338597,0.5307065790549856,1,1.5067043787974022,0.42667085690341505,1.2888770541692027,0.45724284844796104,0.9155701754385965,0.559484649122807,0.9132379248658318,0.5782647584973166,0.9480683090705486,0.5687290033594625,1.077922077922078,0.5248917748917749,0.9215733590733591,0.5996621621621622
0.15,0.002,20.0,corn,4,009|011,1,0.888,1.1352,12,12,12,31,0.416,0.4567817271171103,250,1.148,0.46,1.152,0.416,79.0,59.0,32.0,22.0,58.0,1.468,3,0.368,4,79,43,11,45,92,433,276,214,133,227,0.9328380108728669,0.9215280382583123,0.9525886218228244,10,8,0.568872659001755,2.0,1.607826636424659,0.3851431209938726,1.042857142857143,0.5214285714285715,0.9171043937525707,0.5985076080872762,0.9215280382583123,0.568872659001755,0,1.0527969830295412,0.5376073748166772,1.0797321972002434,0.5251825928180158,0.9824561403508771,0.5646929824561404,1.0330948121645795,0.5193425760286225,0.8271276595744681,0.5803471444568868,0.8089826839826839,0.5925324675324675,0.6665057915057916,0.662403474903475
0.15,0.002,20.0,corn,4,009|011,1,1.12,1.2584000000000002,18,4,18,32,0.452,0.4583771008403361,250,1.148,0.46,1.152,0.452,90.0,40.0,22.0,24.0,74.0,1.468,3,0.368,4,79,43,11,45,92,433,276,214,133,227,1.041845900248693,0.877515809485929,0.9565334482323543,5,4,0.5568115101457585,2.0,1.5217152862174712,0.41890759843904685,0.9357142857142857,0.5523809523809524,0.9985834824983973,0.5704666756477382,0.9622676481821122,0.5568115101457585,1,1.2235491305258748,0.46993505133040014,1.0796561168594034,0.5171180766889836,0.9956140350877193,0.553453947368421,0.9022808586762074,0.5828488372093024,0.8024916013437849,0.5900055991041433,0.9053030303030303,0.5844155844155844,0.8269787644787645,0.599903474903475
0.15,0.002,20.0,corn,5,010|012,0,1.3975409836065573,1.6909836065573771,12,12,12,28,0.2459016393442623,-0.34475124142075475,244,1.8688524590163935,0.23770491803278687,1.819672131147541,0.2459016393442623,82.0,65.0,35.0,23.0,39.0,1.2049180327868851,1,0.4098360655737705,0,100,41,57,1,45,412,278,168,177,274,1.1129989718622673,1.0160356178460552,1.0738127277762282,6,5,0.4695754074416887,2.0,1.2898182363443826,0.3893942399288506,1.0714285714285716,0.44999999999999996,1.0695171665544514,0.469116468647903,1.0275040093406282,0.4695754074416887,0,0.9820918479455065,0.46253570643814546,1.0568436200831468,0.4489126958746402,1.0445601851851851,0.4525462962962963,1.0798528713811106,0.4616753678215473,1.0924043062200957,0.4470693779904306,0.9341491841491841,0.5064102564102564,1.002626050420168,0.5078781512605042
0.15,0.002,20.0,corn,5,010|012,0,1.3360655737704918,1.6991803278688522,12,8,12,30,0.2786885245901639,-0.3019466498355645,244,1.7540983606557377,0.29098360655737704,1.7008196721311475,0.2786885245901639,123.0,48.0,33.0,17.0,23.0,1.2049180327868851,1,0.4098360655737705,0,100,41,57,1,45,412,278,168,177,274,1.1194889516755842,0.9308420307784304,1.039516911192111,8,4,0.4690829386663522,2.0,1.203331079578862,0.43073950278056444,1.019047619047619,0.49047619047619045,1.0705351140560275,0.4945563174972386,1.0673165711460555,0.4690829386663522,1,1.200175785541639,0.4124368270709734,1.0830668372241765,0.4843300287815798,1.0376157407407407,0.4849537037037037,1.044969150450878,0.5067631703844329,1.0965909090909092,0.4243421052631579,1.0518648018648018,0.4644522144522145,0.9569327731092437,0.5063025210084033
0.15,0.002,20.0,corn,5,010|012,1,1.459016393442623,1.6079234972677596,28,25,28,29,0.3483606557377049,-0.2699859981330843,244,1.6639344262295082,0.3524590163934426,1.6352459016393444,0.3483606557377049,80.0,58.0,52.0,23.0,31.0,1.2049180327868851,1,0.4098360655737705,0,100,41,57,1,45,412,278,168,177,274,1.212297746143169,1.034884743464159,1.0632008705703853,3,3,0.4928376248750968,2.0,1.1317066279582053,0.4453452421333162,1.0642857142857143,0.48809523809523814,1.0756641403403067,0.5076483955074754,1.047793178996265,0.4928376248750968,1,1.0548231157987256,0.44990112063282794,1.2050687559961624,0.4296450271826031,1.1539351851851851,0.4681712962962963,1.0420028476506882,0.4944233507356431,0.99372009569378,0.5290071770334929,0.9417249417249417,0.5472027972027972,0.9432773109243697,0.5315126050420168
0.2,0.001,20.0,corn,0,001|005,0,1.5901639344262295,1.6647540983606557,8,5,8,35,0.2581967213114754,-0.026729388731781656,244,1.7745901639344261,0.30327868852459017,1.7295081967213115,0.2581967213114754,81.0,57.0,94.0,3.0,9.0,1.209016393442623,3,0.3770491803278688,4,49,17,48,59,92,463,302,177,119,227,1.304900108041587,1.1643383134009555,1.252982898087494,15,12,0.3751823688721045,2.0,1.3431748453312833,0.29433697038126594,1.2357142857142858,0.38809523809523805,1.287516198997875,0.41088737869222813,1.2655913081858587,0.3751823688721045,0,1.5718304713189624,0.29820971867007673,1.6025518341307814,0.2799840510366826,1.2215384615384615,0.3732692307692308,1.2009456264775413,0.38156028368794326,1.1696428571428572,0.4035714285714286,1.1233590733590733,0.45270270270270274,0.9692708333333333,0.4369791666666667
0.15,0.002,20.0,corn,5,010|012,1,1.4344262295081966,1.5491803278688525,10,10,10,64,0.27049180327868855,-0.2080551846906986,244,1.7295081967213115,0.2827868852459016,1.6721311475409837,0.27049180327868855,81.0,78.0,29.0,14.0,42.0,1.2049180327868851,1,0.4098360655737705,0,100,41,57,1,45,412,278,168,177,274,1.2436538495276563,1.0251909442397655,1.1311134702772416,48,3,0.41132683160031835,2.0,1.187807776733763,0.42776185245938997,1.0809523809523809,0.45,1.1887578410487887,0.41151073946860467,1.1553336093014108,0.41132683160031835,0,1.3753021313996925,0.3068556361239288,1.3880716341541413,0.3062040294211704,1.140625,0.4253472222222222,1.0873279544375891,0.4513526340768866,1.1094497607655502,0.40789473684210525,1.0553613053613053,0.44696969696969696,0.9311974789915967,0.5346638655462185
0.2,0.001,20.0,corn,0,001|005,0,1.459016393442623,1.5385245901639344,19,8,19,38,0.319672131147541,0.1627316544241615,244,1.5655737704918034,0.3155737704918033,1.5163934426229508,0.319672131147541,80.0,55.0,70.0,10.0,29.0,1.209016393442623,3,0.3770491803278688,4,49,17,48,59,92,463,302,177,119,227,1.310766442487961,1.2054059542250841,1.3000922890319804,4,3,0.381185560368016,2.0,1.2965231917669588,0.31768585231329227,1.4738095238095235,0.36904761904761907,1.372880709235842,0.4088291712316755,1.3690797409856428,0.381185560368016,1,1.5980635732553892,0.2889294848374132,1.5806220095693782,0.3058213716108453,1.2817307692307693,0.42653846153846153,1.4263593380614656,0.3801418439716312,1.4065476190476192,0.4041666666666667,1.2444015444015446,0.4106177606177606,1.0458333333333334,0.45208333333333334
0.2,0.001,20.0,corn,0,001|005,1,1.430327868852459,1.5901639344262295,9,8,9,30,0.27459016393442626,0.10135880050713852,244,1.6229508196721312,0.29508196721311475,1.569672131147541,0.27459016393442626,73.0,64.0,79.0,13.0,15.0,1.209016393442623,3,0.3770491803278688,4,49,17,48,59,92,463,302,177,119,227,1.1889087994570529,1.1889087994570529,1.2261195549302786,9,8,0.38653758225963053,2.0,1.3235196421769533,0.3170655117843654,1.2214285714285715,0.40714285714285714,1.2124342319950028,0.40862479841433874,1.1889087994570529,0.38653758225963053,0,1.4690902447935694,0.26850566313481916,1.2622009569377992,0.3293460925039872,1.0859615384615384,0.39711538461538465,1.2932624113475177,0.3523640661938534,1.256547619047619,0.38630952380952377,1.0422779922779921,0.44555984555984557,0.9130208333333334,0.5265625
0.2,0.001,20.0,corn,0,001|005,1,1.5450819672131149,1.5737704918032787,19,18,19,25,0.26639344262295084,0.004175399528425605,244,1.5532786885245902,0.2786885245901639,1.5450819672131149,0.26639344262295084,46.0,43.0,87.0,50.0,18.0,1.209016393442623,3,0.3770491803278688,4,49,17,48,59,92,463,302,177,119,227,1.3862607601419585,1.2283000925812009,1.2743287958639926,3,3,0.37813726257568137,2.0,1.2761556590298802,0.35474347403423767,1.3904761904761904,0.35476190476190483,1.3112004393036458,0.42308978265200703,1.2914552655845082,0.37813726257568137,1,1.4061746437705516,0.239386189258312,1.4228867623604464,0.29848484848484846,1.295,0.39749999999999996,1.337706855791962,0.4132387706855792,1.369047619047619,0.39196428571428577,1.1947876447876449,0.42722007722007727,1.0145833333333334,0.4791666666666667
0.2,0.001,20.0,corn,1,002|006,1,1.1238095238095238,1.6790476190476191,3,3,3,25,0.1761904761904762,-0.2572614107883817,210,1.8761904761904762,0.2571428571428571,1.7523809523809524,0.1761904761904762,23.0,74.0,48.0,18.0,47.0,1.1238095238095238,1,0.46190476190476193,0,97,35,53,57,7,415,284,172,121,312,1.2193270607848623,1.1142584519124732,1.1783645501675812,10,8,0.3951645416554912,2.0,1.2967037670381867,0.3586563210574153,1.3595238095238096,0.36666666666666664,1.3174436526921225,0.41628355153464836,1.2554377343768302,0.3951645416554912,0,1.687620204474137,0.2845429699362284,1.5883872416891285,0.2749326145552561,1.640061936936937,0.28139076576576577,1.3014171511627908,0.3673691860465116,1.0326510721247564,0.48269980506822613,0.8787878787878787,0.5037878787878788,0.6591386554621849,0.5714285714285714
0.2,0.001,20.0,corn,1,002|006,0,1.1142857142857143,1.6114285714285714,19,3,19,35,0.26666666666666666,-0.1028143843991347,210,1.7095238095238094,0.2523809523809524,1.661904761904762,0.26666666666666666,63.0,41.0,33.0,22.0,51.0,1.1238095238095238,1,0.46190476190476193,0,97,35,53,57,7,415,284,172,121,312,1.1235387126091654,1.0311500393028796,1.1799385568986043,12,12,0.3868253755381864,2.0,1.2537482942357445,0.3842376309666873,1.435714285714286,0.3380952380952381,1.2774659157592478,0.4211389781911079,1.2418956160880819,0.3868253755381864,0,1.5692883895131087,0.2642980058710396,1.4330637915543576,0.3059299191374663,1.5609515765765765,0.25070382882882886,1.144985465116279,0.4316860465116279,1.0874756335282652,0.4485867446393762,1.0151515151515151,0.4734848484848485,0.8823529411764706,0.5330882352941176
0.2,0.001,20.0,corn,1,002|006,0,1.1523809523809523,1.582857142857143,7,3,7,40,0.3761904761904762,-0.020449207852703433,210,1.4,0.4,1.3285714285714285,0.3761904761904762,104.0,33.0,46.0,6.0,21.0,1.1238095238095238,1,0.46190476190476193,0,97,35,53,57,7,415,284,172,121,312,1.0287878796031276,1.0087901871941154,1.1182708731947373,29,16,0.4304043455465081,2.0,1.2264727224425598,0.4040721990667625,1.369047619047619,0.37142857142857144,1.1318550853354128,0.46828207874244665,1.1332807655457922,0.4304043455465081,1,1.496153456827614,0.3093430509160846,1.2881850853548968,0.36174752920035935,1.4648085585585586,0.29701576576576577,1.1775072674418605,0.4258720930232558,0.9909844054580897,0.46832358674463936,0.8068181818181818,0.5643939393939394,0.7085084033613446,0.5861344537815126
0.2,0.001,20.0,corn,1,002|006,1,1.1095238095238096,1.717142857142857,3,3,3,30,0.20952380952380953,-0.25856407345846666,210,1.7666666666666666,0.3047619047619048,1.6047619047619048,0.20952380952380953,7.0,102.0,45.0,20.0,36.0,1.1238095238095238,1,0.46190476190476193,0,97,35,53,57,7,415,284,172,121,312,1.308695704719001,1.0908958400208735,1.1338388510627877,11,10,0.4517443085761632,2.0,1.2131520028008835,0.39689442338536374,1.2404761904761905,0.4452380952380952,1.1651952837610775,0.4782930310424097,1.1308921863183432,0.4517443085761632,1,1.4717076627188987,0.3408239700374532,1.2857142857142856,0.37342767295597484,1.3737331081081081,0.3620495495495496,1.1404433139534884,0.43386627906976744,1.0160818713450293,0.5158382066276803,0.8712121212121212,0.5416666666666666,0.7573529411764706,0.5945378151260504
0.2,0.001,20.0,corn,2,003|007,0,1.3527131782945736,1.5046511627906978,14,5,14,25,0.25193798449612403,0.12335103649134815,258,1.6085271317829457,0.26356589147286824,1.5775193798449612,0.25193798449612403,65.0,43.0,65.0,41.0,44.0,1.4224806201550388,1,0.32170542635658916,4,74,72,14,15,83,438,247,211,163,236,0.8423969779633722,0.6640731476611326,0.7084405396339901,6,5,0.5586198724914624,2.0,1.2289408783395106,0.35591885776915155,0.5428571428571429,0.5976190476190477,0.7040720765085287,0.5552242528366458,0.6852988444624339,0.5586198724914624,1,0.9795785215632544,0.4993149344294382,0.9136904761904762,0.47470238095238093,0.7314063556457067,0.49923935091277893,0.5729081214109926,0.5993642329778507,0.559959349593496,0.6016260162601625,0.6044896640826873,0.5767118863049095,0.4350594227504245,0.6593803056027165
0.2,0.001,20.0,corn,2,003|007,0,1.445736434108527,1.7186046511627908,4,4,4,30,0.1937984496124031,-0.07615332097922556,258,1.8527131782945736,0.2558139534883721,1.7635658914728682,0.1937984496124031,86.0,71.0,45.0,37.0,19.0,1.4224806201550388,1,0.32170542635658916,4,74,72,14,15,83,438,247,211,163,236,0.8962407910146309,0.6927477647562796,0.8116459259646304,7,7,0.5060586665820778,2.0,1.3410835247478476,0.31981454818929944,0.7238095238095237,0.5309523809523811,0.8176097735932857,0.5176285146157357,0.8103316432071928,0.5060586665820778,0,1.0384941606315652,0.4755007503099106,0.8139880952380952,0.5064484126984127,0.8376436781609196,0.4698275862068966,0.8703855619360131,0.49528301886792453,0.7465701219512195,0.540015243902439,0.7648578811369509,0.5035529715762274,0.6003820033955858,0.5517826825127334
0.2,0.001,20.0,corn,2,003|007,1,1.3565891472868217,1.568217054263566,5,3,5,24,0.22093023255813954,-0.08103020928455607,258,1.8527131782945736,0.23255813953488372,1.7868217054263567,0.22093023255813954,114.0,59.0,30.0,45.0,10.0,1.4224806201550388,1,0.32170542635658916,4,74,72,14,15,83,438,247,211,163,236,0.811605730736143,0.6132513111307526,0.6929567613781094,5,4,0.515825119134299,2.0,1.2495270938713918,0.3465055677264022,0.9619047619047618,0.47619047619047616,0.8282222508792958,0.5207236840492664,0.811605730736143,0.515825119134299,0,1.0081229203366608,0.4725973771775298,0.873015873015873,0.5044642857142857,0.8239519945909398,0.4821670047329276,0.7730721903199345,0.5141509433962264,0.8032266260162602,0.540015243902439,0.8249354005167959,0.5163113695090439,0.5749151103565365,0.5810696095076401
0.2,0.001,20.0,corn,2,003|007,1,1.2325581395348837,1.5209302325581393,7,4,7,24,0.2558139534883721,0.12084586570221245,258,1.5813953488372092,0.3023255813953488,1.6046511627906976,0.2558139534883721,50.0,60.0,49.0,37.0,62.0,1.4224806201550388,1,0.32170542635658916,4,74,72,14,15,83,438,247,211,163,236,0.6774883220029644,0.5993351471653721,0.6389233796939742,5,4,0.5782012188756821,2.0,1.0913908603446145,0.3849597330378356,0.511904761904762,0.6285714285714286,0.6510470329465518,0.5846495355906876,0.6233406245706243,0.5782012188756821,1,0.8046258237097932,0.5368630521302278,0.7549603174603174,0.5456349206349207,0.6162102772143341,0.5282285327924273,0.5467596390484003,0.603363412633306,0.702489837398374,0.5503048780487805,0.5544250645994833,0.6185400516795866,0.38391341256366723,0.6644736842105263
0.2,0.001,20.0,corn,3,004|008,0,0.7708333333333334,1.2513888888888889,23,19,23,24,0.3375,0.04929577464788726,240,1.2291666666666667,0.3416666666666667,1.225,0.3375,69.0,43.0,63.0,37.0,28.0,0.5375,1,0.4708333333333333,0,113,111,42,1,0,399,208,183,177,319,0.6063244632461741,0.5293109402193117,0.5499285341429053,3,3,0.5361311995048859,2.0,0.5963572112834098,0.46679697028273426,0.5928571428571427,0.5142857142857142,0.5481190596379079,0.5413021262165979,0.5491072647334319,0.5361311995048859,1,0.6549018121161574,0.45386306770793844,0.5482427055702919,0.4948607427055703,0.5829987956643918,0.5072260136491369,0.5684523809523809,0.5252976190476191,0.47721558768070393,0.5983658076681332,0.4934210526315789,0.5933388157894737,0.5185185185185185,0.57996632996633
0.2,0.001,20.0,corn,3,004|008,0,0.7208333333333333,1.25,24,23,24,25,0.32916666666666666,0.09062075215224297,240,1.2083333333333333,0.32916666666666666,1.1958333333333333,0.32916666666666666,78.0,52.0,49.0,33.0,28.0,0.5375,1,0.4708333333333333,0,113,111,42,1,0,399,208,183,177,319,0.6754452582244089,0.532891685782979,0.5479374315193318,3,3,0.5232756497870636,2.0,0.6083596187643383,0.45735346883587036,0.5428571428571429,0.5452380952380953,0.5448665464485118,0.5337412778624343,0.5405975754954336,0.5232756497870636,0,0.7306088407005839,0.37906588824020016,0.585709549071618,0.4444628647214854,0.566338819751104,0.5374347651545563,0.45907738095238093,0.5930059523809524,0.4723444374607165,0.5799811439346323,0.48273026315789475,0.5633223684210527,0.4873737373737374,0.5656565656565656
0.2,0.001,20.0,corn,3,004|008,1,1.0708333333333333,1.3791666666666669,3,3,3,27,0.35,0.06430815010745572,240,1.1625,0.36666666666666664,1.0916666666666666,0.35,75.0,33.0,101.0,13.0,18.0,0.5375,1,0.4708333333333333,0,113,111,42,1,0,399,208,183,177,319,0.566652930000364,0.5413126558470258,0.5615695472062685,3,3,0.5127894667664293,2.0,0.6141636170530511,0.44831221307090097,0.611904761904762,0.49523809523809526,0.5683656428918702,0.52325370500573,0.566652930000364,0.5127894667664293,0,0.7013041170672529,0.4157631359466222,0.5984748010610079,0.47049071618037136,0.6738257727820153,0.46296668004817343,0.5565476190476191,0.5111607142857143,0.48884349465744814,0.5634820867379007,0.4921875,0.5604440789473684,0.45538720538720534,0.6052188552188552
0.2,0.001,20.0,corn,3,004|008,1,1.2333333333333334,1.5666666666666667,7,5,7,26,0.2875,0.039848111565671473,240,1.6625,0.3,1.5666666666666667,0.2875,43.0,31.0,81.0,20.0,65.0,0.5375,1,0.4708333333333333,0,113,111,42,1,0,399,208,183,177,319,0.5712613530830178,0.5177462952209,0.560788774152896,3,3,0.4779784500947028,2.0,0.6046574994455696,0.4616512188676509,0.6714285714285715,0.4428571428571427,0.6155221233698388,0.4709847041162892,0.5924541724768815,0.4779784500947028,1,0.7397831526271894,0.35567518386534236,0.5722811671087533,0.47562997347480107,0.7004215174628663,0.4322561220393416,0.5677083333333334,0.5052083333333333,0.5439974858579509,0.51414204902577,0.524671052631579,0.5082236842105263,0.49831649831649827,0.5547138047138047
0.2,0.001,20.0,corn,4,009|011,0,1.112,1.2152,7,6,7,34,0.392,0.4126110784783933,250,1.276,0.444,1.288,0.392,109.0,62.0,21.0,17.0,41.0,1.468,3,0.368,4,79,43,11,45,92,433,276,214,133,227,0.898830907822944,0.877163539983347,0.9357638752784869,14,12,0.5377327713830071,2.0,1.5916794378834358,0.34392734575334144,1.0476190476190477,0.5095238095238095,0.943009175053048,0.5716006048082902,0.9595127539172128,0.5377327713830071,1,1.1490676723234863,0.5084852294154619,1.3212111990261717,0.4276475958612294,0.8895285087719298,0.5570175438596491,0.9072003577817531,0.5453935599284436,0.8367861142217244,0.5671892497200448,0.8089826839826839,0.5611471861471862,0.8038127413127414,0.5972490347490347
0.2,0.001,20.0,corn,4,009|011,1,1.104,1.2728,9,9,9,27,0.32,0.311083031065431,250,1.448,0.444,1.42,0.32,105.0,55.0,29.0,35.0,26.0,1.468,3,0.368,4,79,43,11,45,92,433,276,214,133,227,1.07884728845339,0.9746971813256897,1.064556846340888,8,7,0.4920197780012,2.0,1.607826636424659,0.3851431209938726,1.0547619047619048,0.45000000000000007,1.0822987709665528,0.5289839174211952,1.081357904100496,0.4920197780012,0,1.2071024512884978,0.4782107689084434,1.3724132684114425,0.4316798539257456,1.2020285087719298,0.47121710526315785,1.1494856887298748,0.4760733452593918,0.9210526315789473,0.5261758118701008,0.9285714285714286,0.5086580086580087,0.7888513513513513,0.5521235521235521
0.2,0.001,20.0,corn,4,009|011,0,0.972,1.1751999999999998,6,6,6,51,0.364,0.3915040526576713,250,1.3,0.444,1.26,0.364,81.0,72.0,33.0,30.0,34.0,1.468,3,0.368,4,79,43,11,45,92,433,276,214,133,227,1.1050956189581478,0.9820461210072664,1.020764196814472,28,26,0.5047244508539143,2.0,1.7603712686697643,0.30285357104510346,0.8857142857142858,0.49285714285714277,1.0285393042406303,0.5160729681429057,1.022838024124779,0.5047244508539143,0,1.1285355122564424,0.4871150219987429,1.1811472915398662,0.44856968959220933,0.9117324561403508,0.5430372807017544,1.0828488372093024,0.502906976744186,0.9668253079507279,0.5076987681970885,0.922077922077922,0.5340909090909091,0.9666988416988417,0.5096525096525096
0.2,0.001,20.0,corn,4,009|011,1,1.08,1.1896,15,13,15,43,0.384,0.48645516442126613,250,1.116,0.424,1.148,0.384,82.0,64.0,22.0,36.0,46.0,1.468,3,0.368,4,79,43,11,45,92,433,276,214,133,227,0.9541111912593239,0.9069683073225855,0.943250423159984,11,10,0.5485084125822705,2.0,1.5217152862174712,0.41890759843904685,1.0595238095238095,0.5214285714285715,1.0046764499527525,0.5673468286595702,0.9555562241474972,0.5485084125822705,1,1.1471820657867169,0.4878483134297088,1.1671485088253195,0.5111077297626293,0.9797149122807017,0.5482456140350878,0.9534883720930233,0.5590339892665475,0.8512038073908175,0.5643896976483762,0.8495670995670995,0.5670995670995671,0.740588803088803,0.6018339768339769
0.2,0.001,20.0,corn,5,010|012,0,1.3852459016393444,1.7918032786885245,12,10,12,24,0.25,-0.3446137598068799,244,1.860655737704918,0.26639344262295084,1.8811475409836065,0.25,98.0,45.0,43.0,12.0,46.0,1.2049180327868851,1,0.4098360655737705,0,100,41,57,1,45,412,278,168,177,274,1.2482867772863302,1.0997534072893533,1.201457038077684,23,3,0.4105977891324817,2.0,1.2898182363443826,0.3893942399288506,1.323809523809524,0.33333333333333337,1.2004421862610681,0.4229286772917309,1.1744577070113422,0.4105977891324817,0,1.4537464293561855,0.3442100637222588,1.31459865685961,0.38015669971218424,1.2193287037037037,0.3917824074074074,1.296748932130992,0.4085192216421452,1.0032894736842106,0.4288277511961723,1.0285547785547786,0.4201631701631702,0.9049369747899159,0.5005252100840336
0.2,0.001,20.0,corn,5,010|012,0,1.4057377049180328,1.7975409836065572,6,3,6,27,0.27049180327868855,-0.23478695489191548,244,1.8155737704918034,0.29508196721311475,1.721311475409836,0.27049180327868855,95.0,57.0,34.0,19.0,39.0,1.2049180327868851,1,0.4098360655737705,0,100,41,57,1,45,412,278,168,177,274,1.0610516961817509,1.0610516961817509,1.1220065212328676,15,4,0.42906931807611215,2.0,1.203331079578862,0.43073950278056444,1.1071428571428572,0.43333333333333335,1.169241583587917,0.45994094039423583,1.1464333733606815,0.42906931807611215,1,1.3261920457042409,0.34486925950340586,1.3320275023984651,0.3273904700991366,1.177662037037037,0.41203703703703703,1.1540104413858567,0.454437588989084,1.0331937799043063,0.4647129186602871,1.0675990675990676,0.43123543123543123,0.9343487394957983,0.5688025210084033
0.2,0.001,20.0,corn,5,010|012,1,1.3729508196721312,1.568032786885246,10,10,10,32,0.30327868852459017,-0.210255340989286,244,1.6639344262295082,0.32786885245901637,1.6598360655737705,0.30327868852459017,88.0,55.0,45.0,20.0,36.0,1.2049180327868851,1,0.4098360655737705,0,100,41,57,1,45,412,278,168,177,274,1.1301018718592277,0.9844308481622652,1.0700630263204558,9,4,0.44091981421973536,2.0,1.187807776733763,0.42776185245938997,1.080952380952381,0.4261904761904762,1.1303679777318738,0.47201342243001454,1.1223672908769828,0.44091981421973536,0,1.479564930784443,0.3546473302570864,1.2599136552606334,0.3909497921330348,1.0943287037037037,0.45196759259259256,1.0500711912672047,0.49869482676791643,1.0532296650717703,0.45633971291866027,1.0034965034965035,0.44696969696969696,0.9159663865546218,0.4868697478991597
0.2,0.002,20.0,corn,0,001|005,0,1.3770491803278688,1.5811475409836064,14,5,14,25,0.3073770491803279,0.09822660677060402,244,1.540983606557377,0.3155737704918033,1.5204918032786885,0.3073770491803279,56.0,64.0,83.0,16.0,25.0,1.209016393442623,3,0.3770491803278688,4,49,17,48,59,92,463,302,177,119,227,1.314314432318405,1.211989349556399,1.2989101812230486,22,4,0.3490037374428281,2.0,1.3431748453312833,0.29433697038126594,1.3833333333333333,0.3642857142857143,1.3442536910950547,0.37626231941959676,1.3432079956054834,0.3490037374428281,0,1.4537084398976983,0.33313847278041653,1.4507974481658694,0.3171451355661882,1.4690384615384615,0.3080769230769231,1.3751773049645388,0.32068557919621754,1.2892857142857144,0.36101190476190476,1.2003861003861003,0.3967181467181467,1.1640625,0.40625
0.2,0.001,20.0,corn,5,010|012,1,1.4262295081967213,1.70327868852459,10,8,10,25,0.3114754098360656,-0.19011824324324333,244,1.6598360655737705,0.319672131147541,1.5614754098360655,0.3114754098360656,107.0,58.0,40.0,13.0,26.0,1.2049180327868851,1,0.4098360655737705,0,100,41,57,1,45,412,278,168,177,274,1.0356686529178585,0.9851751067951429,1.0269090394747562,10,6,0.4656264351508371,2.0,1.1317066279582053,0.4453452421333162,1.0761904761904764,0.4452380952380953,1.078172072609994,0.4913094952738946,1.0356686529178585,0.4656264351508371,1,1.249285871237091,0.38760711931443637,1.1764470738727215,0.40326191237607933,1.0214120370370372,0.44502314814814814,1.122686283815852,0.4428096820123398,0.8872607655502391,0.5299043062200957,0.8834498834498834,0.5355477855477855,0.9091386554621849,0.5152310924369747
0.2,0.002,20.0,corn,0,001|005,0,1.4508196721311475,1.601639344262295,6,6,6,24,0.2827868852459016,0.06374330333552825,244,1.540983606557377,0.3360655737704918,1.4508196721311475,0.2827868852459016,36.0,62.0,82.0,31.0,33.0,1.209016393442623,3,0.3770491803278688,4,49,17,48,59,92,463,302,177,119,227,1.244145700910774,1.0700849574958302,1.146884361763203,5,5,0.43971627048953477,2.0,1.2965231917669588,0.31768585231329227,1.2595238095238093,0.40714285714285714,1.184447717467357,0.4613539029049943,1.1521925586838957,0.43971627048953477,1,1.418925831202046,0.32053343076360974,1.3330940988835724,0.3616427432216906,1.0809615384615383,0.45769230769230773,1.1869976359338061,0.4419621749408984,1.137202380952381,0.46071428571428574,1.0586872586872587,0.4677606177606178,0.8494791666666667,0.5677083333333333
0.2,0.002,20.0,corn,0,001|005,1,1.4918032786885247,1.6237704918032787,21,19,21,28,0.26639344262295084,0.09258123014412123,244,1.5819672131147542,0.27459016393442626,1.5778688524590163,0.26639344262295084,79.0,58.0,68.0,29.0,10.0,1.209016393442623,3,0.3770491803278688,4,49,17,48,59,92,463,302,177,119,227,1.4437410919839606,1.2280371432652135,1.2668207812616228,4,3,0.35960553636866477,2.0,1.3235196421769533,0.3170655117843654,1.4595238095238092,0.3142857142857143,1.2454957899667316,0.40946704930665284,1.271065483273993,0.35960553636866477,0,1.3666057727438803,0.27661673364998174,1.3702551834130783,0.3334130781499203,1.3273076923076923,0.32596153846153847,1.299290780141844,0.34101654846335694,1.3071428571428572,0.36636904761904765,1.2805019305019305,0.3749034749034749,0.9463541666666667,0.49895833333333334
0.2,0.002,20.0,corn,0,001|005,1,1.4057377049180328,1.5827868852459015,10,7,10,24,0.32786885245901637,0.030054575130062156,244,1.6598360655737705,0.3401639344262295,1.6270491803278688,0.32786885245901637,102.0,28.0,91.0,12.0,11.0,1.209016393442623,3,0.3770491803278688,4,49,17,48,59,92,463,302,177,119,227,1.2621549611012466,1.1344255356547768,1.2016127662406504,3,3,0.43514142091016955,2.0,1.2761556590298802,0.35474347403423767,1.2571428571428571,0.4261904761904761,1.1134436281812028,0.48786693084601407,1.1344255356547768,0.43514142091016955,1,1.2486298867373036,0.3329923273657289,1.2749601275917066,0.3877990430622009,1.1565384615384615,0.4517307692307692,1.2367612293144208,0.4091016548463357,1.19375,0.4363095238095238,1.0944015444015445,0.46138996138996136,0.7359375,0.5666666666666667
0.2,0.002,20.0,corn,1,002|006,0,1.223809523809524,1.656190476190476,7,7,7,24,0.37142857142857144,-0.07622317255886424,210,1.6476190476190475,0.36666666666666664,1.5857142857142856,0.37142857142857144,49.0,37.0,33.0,34.0,57.0,1.1238095238095238,1,0.46190476190476193,0,97,35,53,57,7,415,284,172,121,312,1.1268760119072776,1.045846199470627,1.1469874372101625,3,3,0.47799791178938966,2.0,1.2537482942357445,0.3842376309666873,1.1357142857142857,0.430952380952381,1.0721962845604232,0.5334262980184903,1.045846199470627,0.47799791178938966,0,0.8839963559064683,0.5186759793501367,1.3812893081761006,0.36769991015274034,1.4971846846846848,0.31052927927927926,1.2078488372093024,0.4124273255813954,1.0677387914230019,0.4405458089668616,0.7424242424242424,0.6212121212121212,0.5404411764705883,0.6748949579831933
0.2,0.002,20.0,corn,1,002|006,0,1.1666666666666667,1.519047619047619,3,3,3,24,0.2904761904761905,-0.13468451580177754,210,1.7571428571428571,0.30952380952380953,1.5904761904761904,0.2904761904761905,57.0,49.0,40.0,17.0,47.0,1.1238095238095238,1,0.46190476190476193,0,97,35,53,57,7,415,284,172,121,312,1.056816155342267,1.056816155342267,1.1875087987695712,16,3,0.4049899310891334,2.0,1.2264727224425598,0.4040721990667625,1.4047619047619047,0.3904761904761905,1.3207135832845065,0.4215410616168871,1.2508553803284208,0.4049899310891334,1,1.4790464621925294,0.31501164085433747,1.4505840071877807,0.31042228212039535,1.3817567567567568,0.3818975225225225,1.3470203488372094,0.3831758720930233,1.1998050682261208,0.3930311890838207,0.9886363636363635,0.5151515151515151,0.9091386554621849,0.5362394957983193
0.2,0.002,20.0,corn,2,003|007,0,1.4186046511627908,1.574418604651163,4,4,4,25,0.28294573643410853,0.06670665192210379,258,1.686046511627907,0.2868217054263566,1.6046511627906976,0.28294573643410853,59.0,77.0,30.0,46.0,46.0,1.4224806201550388,1,0.32170542635658916,4,74,72,14,15,83,438,247,211,163,236,0.7112315968404826,0.7112315968404826,0.7703477142717938,6,4,0.52029617363243,2.0,1.3410835247478476,0.31981454818929944,0.6333333333333333,0.5761904761904761,0.7563729896287928,0.5201885155049084,0.7487950719924718,0.52029617363243,0,1.2506687544855484,0.4121484961179618,0.8536706349206349,0.48115079365079366,0.7223630831643002,0.5084516565246788,0.6778096800656276,0.5550656275635767,0.6319867886178863,0.544334349593496,0.6371124031007751,0.5371447028423773,0.46795415959252973,0.6037775891341257
0.2,0.002,20.0,corn,1,002|006,1,1.1238095238095238,1.684761904761905,4,3,4,29,0.23333333333333334,-0.15280966164287846,210,1.7523809523809524,0.2857142857142857,1.6666666666666667,0.23333333333333334,23.0,71.0,41.0,22.0,53.0,1.1238095238095238,1,0.46190476190476193,0,97,35,53,57,7,415,284,172,121,312,1.1607050959373795,1.095591013624674,1.1288633232896719,7,6,0.45636067201189046,2.0,1.2131520028008835,0.39689442338536374,1.3714285714285714,0.42142857142857143,1.2433629567679823,0.47300774832894976,1.1892058042548492,0.45636067201189046,1,1.5220670108310559,0.38354084421500156,1.533805031446541,0.35455974842767296,1.5636261261261262,0.31264076576576577,1.2123909883720931,0.4296875,1.0243664717348928,0.45760233918128657,0.7575757575757576,0.6136363636363636,0.710609243697479,0.6428571428571428
0.2,0.002,20.0,corn,2,003|007,0,1.4844961240310077,1.5939922480620154,29,7,29,31,0.21705426356589147,0.16199857354897174,258,1.5193798449612403,0.22093023255813954,1.5232558139534884,0.21705426356589147,72.0,38.0,70.0,42.0,36.0,1.4224806201550388,1,0.32170542635658916,4,74,72,14,15,83,438,247,211,163,236,1.1314709522088167,0.6590593296813725,0.7176605451320139,8,8,0.5443728462170699,2.0,1.2289408783395106,0.35591885776915155,0.5857142857142857,0.5619047619047619,0.6658164061404337,0.5657474222673334,0.6660819936391733,0.5443728462170699,1,0.9977490702681543,0.4472499510667449,0.7797619047619047,0.5188492063492064,0.6810344827586207,0.5368492224475997,0.550143560295324,0.5920836751435603,0.582444105691057,0.5669461382113821,0.6232235142118863,0.5382751937984496,0.44821731748726656,0.6103565365025467
0.2,0.002,20.0,corn,1,002|006,1,1.1333333333333333,1.6542857142857141,3,3,3,38,0.21428571428571427,-0.2073128665056918,210,2.019047619047619,0.24285714285714285,1.7904761904761906,0.21428571428571427,0.0,41.0,66.0,42.0,61.0,1.1238095238095238,1,0.46190476190476193,0,97,35,53,57,7,415,284,172,121,312,1.1575563922038172,1.063658951449467,1.1152864265643005,16,16,0.39782022218671564,2.0,1.2967037670381867,0.3586563210574153,1.2761904761904763,0.38095238095238093,1.3043754568453716,0.41774327355838736,1.2261324911003015,0.39782022218671564,0,1.1742585281911124,0.37908695212066,1.4536163522012577,0.3332210242587601,1.654560810810811,0.2865990990990991,1.3234011627906976,0.3715479651162791,1.1851851851851851,0.415448343079922,0.9962121212121213,0.4962121212121212,0.7956932773109244,0.5026260504201681
0.2,0.002,20.0,corn,2,003|007,1,1.4612403100775193,1.5937984496124031,6,5,6,27,0.2248062015503876,0.19222618888528298,258,1.5465116279069768,0.29069767441860467,1.5193798449612403,0.2248062015503876,61.0,61.0,58.0,32.0,46.0,1.4224806201550388,1,0.32170542635658916,4,74,72,14,15,83,438,247,211,163,236,0.5749179264942266,0.5749179264942266,0.6312197917533714,6,5,0.5797606841612832,2.0,1.2495270938713918,0.3465055677264022,0.5642857142857144,0.5857142857142856,0.5838212809569855,0.5744180112034866,0.5749179264942266,0.5797606841612832,0,0.7024858093560384,0.5698440660272721,0.6106150793650793,0.5833333333333333,0.6450304259634889,0.5062542258282623,0.6023379819524199,0.5710623461853979,0.5157520325203252,0.5998475609756098,0.5358527131782946,0.5883397932816536,0.4123514431239389,0.6396434634974533
0.2,0.002,20.0,corn,2,003|007,1,1.4147286821705427,1.5325581395348837,8,6,8,27,0.29844961240310075,0.29848471100626073,258,1.4147286821705427,0.32170542635658916,1.4147286821705427,0.29844961240310075,42.0,56.0,42.0,48.0,70.0,1.4224806201550388,1,0.32170542635658916,4,74,72,14,15,83,438,247,211,163,236,0.7378289987156598,0.6456655273519434,0.7241084007210755,4,4,0.49975778430503615,2.0,1.0913908603446145,0.3849597330378356,0.8333333333333334,0.5119047619047619,0.8601698204171478,0.5018525602457103,0.8230265263205905,0.49975778430503615,1,0.9693351601748548,0.5150388203823318,1.0376984126984128,0.45287698412698413,0.9466700473292766,0.43610547667342797,0.716160787530763,0.5203035274815422,0.6529471544715447,0.5303607723577235,0.7333656330749354,0.5151808785529716,0.7050084889643464,0.5284380305602716
0.2,0.002,20.0,corn,3,004|008,0,0.7333333333333333,1.23,15,13,15,25,0.37916666666666665,0.0031844775235134737,240,1.1166666666666667,0.3875,1.1208333333333333,0.37916666666666665,52.0,91.0,52.0,12.0,33.0,0.5375,1,0.4708333333333333,0,113,111,42,1,0,399,208,183,177,319,0.6461220125848572,0.562498656803208,0.5774051636805673,3,3,0.4945678278235486,2.0,0.6083596187643383,0.45735346883587036,0.592857142857143,0.49523809523809526,0.59363986840221,0.488916426242337,0.5731388240257366,0.4945678278235486,0,0.7429676245355978,0.3758814163317916,0.6337864721485411,0.4328580901856764,0.6125050180650341,0.49126856684062625,0.5900297619047619,0.46726190476190477,0.4916719044626021,0.5432118164676305,0.46710526315789475,0.5723684210526316,0.4739057239057239,0.5791245791245792
0.2,0.002,20.0,corn,3,004|008,0,0.9875,1.434722222222222,25,7,25,26,0.30416666666666664,0.015423621381787433,240,1.4541666666666666,0.2916666666666667,1.4333333333333333,0.30416666666666664,73.0,43.0,48.0,25.0,51.0,0.5375,1,0.4708333333333333,0,113,111,42,1,0,399,208,183,177,319,0.588454631537539,0.47501612706865914,0.5161435114709217,3,3,0.5226843569168625,2.0,0.5963572112834098,0.46679697028273426,0.5547619047619048,0.5071428571428571,0.5419210213780085,0.5291929225782246,0.5427625056074669,0.5226843569168625,1,0.6677155205095155,0.39790734703161723,0.618368700265252,0.439157824933687,0.5051184263348053,0.5615214773183461,0.5238095238095237,0.5461309523809523,0.4849151477058454,0.5790383406662476,0.48930921052631576,0.5921052631578947,0.5101010101010102,0.5429292929292929
0.2,0.002,20.0,corn,3,004|008,1,1.15,1.4441666666666666,21,19,21,33,0.32916666666666666,0.019522169984445226,240,1.4041666666666666,0.3375,1.3958333333333333,0.32916666666666666,47.0,80.0,38.0,17.0,58.0,0.5375,1,0.4708333333333333,0,113,111,42,1,0,399,208,183,177,319,0.5918637968447633,0.5428305763510681,0.56037170690011,10,9,0.5093335116454611,2.0,0.6141636170530511,0.44831221307090097,0.588095238095238,0.4928571428571429,0.5680295058795973,0.5173975306847729,0.553492312458211,0.5093335116454611,0,0.688907422852377,0.41621806050496624,0.5938328912466844,0.46700928381962864,0.5854074668807707,0.49066639903653153,0.47842261904761907,0.5848214285714286,0.5207416719044626,0.5373978629792584,0.536595394736842,0.5094572368421053,0.4705387205387205,0.5597643097643097
0.2,0.002,20.0,corn,4,009|011,0,0.948,1.1640000000000001,6,6,6,29,0.396,0.35811611211204597,250,1.372,0.464,1.32,0.396,96.0,62.0,18.0,21.0,53.0,1.468,3,0.368,4,79,43,11,45,92,433,276,214,133,227,1.0466248122446555,0.8738423956371587,0.9583868845001087,7,6,0.5461588680096345,2.0,1.7603712686697643,0.30285357104510346,0.9023809523809524,0.5261904761904762,0.8850678251877372,0.5800447363757412,0.8783183857905866,0.5461588680096345,0,1.0569872197779175,0.5059710873664363,1.1941570298234936,0.4767194157029823,0.8459429824561404,0.5649671052631579,0.8671735241502683,0.5588103756708408,0.690929451287794,0.5753079507278835,0.7748917748917749,0.5573593073593073,0.7181467181467182,0.583976833976834
0.2,0.002,20.0,corn,4,009|011,0,1.0,1.1136,8,6,8,29,0.476,0.5577344441039931,250,1.048,0.528,1.0,0.476,68.0,84.0,18.0,11.0,69.0,1.468,3,0.368,4,79,43,11,45,92,433,276,214,133,227,0.8035569918114379,0.8035569918114379,0.8411225376414126,9,7,0.5809420124761293,2.0,1.5916794378834358,0.34392734575334144,0.9095238095238094,0.55,0.8767140532243063,0.594719187604324,0.8417814569663655,0.5809420124761293,1,1.108317619945527,0.5059710873664363,1.025030432136336,0.5050213024954352,0.7741228070175439,0.6099232456140351,0.8101520572450805,0.5908989266547406,0.7497200447928332,0.6041433370660694,0.7516233766233766,0.5974025974025974,0.673503861003861,0.6532335907335908
0.2,0.002,20.0,corn,3,004|008,1,1.2083333333333333,1.3358333333333334,36,33,36,44,0.22916666666666666,0.03708348262271599,240,1.6333333333333333,0.2375,1.6375,0.22916666666666666,31.0,45.0,73.0,26.0,65.0,0.5375,1,0.4708333333333333,0,113,111,42,1,0,399,208,183,177,319,0.6161698113488592,0.5375453632896715,0.5558667486369935,11,3,0.5139510771847174,2.0,0.6046574994455696,0.4616512188676509,0.5785714285714285,0.5071428571428571,0.5759522842772014,0.5147760132242353,0.5533431181625548,0.5139510771847174,1,0.5879141708999924,0.4763439229661081,0.5935013262599469,0.460709549071618,0.5883179446005621,0.49779205138498595,0.5245535714285714,0.5535714285714286,0.5053425518541798,0.5586109365179133,0.5485197368421053,0.5304276315789473,0.5252525252525253,0.5202020202020202
0.2,0.002,20.0,corn,4,009|011,1,1.148,1.3016,13,13,13,28,0.376,0.2469124885784183,250,1.416,0.408,1.392,0.376,77.0,83.0,28.0,16.0,46.0,1.468,3,0.368,4,79,43,11,45,92,433,276,214,133,227,1.0479616709739474,0.8750750286469103,0.965606317364897,8,8,0.5231766063151895,2.0,1.607826636424659,0.3851431209938726,0.988095238095238,0.5357142857142857,1.0675925177650911,0.5487555581660774,1.0570754451725917,0.5231766063151895,0,1.0807668133249528,0.4924575738529227,1.2877358490566038,0.4672854534388314,1.0243969298245614,0.5430372807017544,0.9243067978533095,0.5636180679785331,0.9179731243001119,0.558090705487122,1.067099567099567,0.5232683982683983,1.097249034749035,0.5144787644787645
0.2,0.002,20.0,corn,4,009|011,1,1.072,1.2048,9,5,9,29,0.42,0.435345161079138,250,1.264,0.44,1.164,0.42,68.0,77.0,28.0,20.0,57.0,1.468,3,0.368,4,79,43,11,45,92,433,276,214,133,227,0.9742350992426232,0.867367350474733,0.9099934120672308,9,9,0.526420305585837,2.0,1.5217152862174712,0.41890759843904685,1.073809523809524,0.47380952380952385,1.0018089549476024,0.5391439774302272,0.9742350992426232,0.526420305585837,1,1.087785459878483,0.47307772889168237,1.261412051125989,0.45252586731588557,1.1082785087719298,0.48519736842105265,0.9637745974955276,0.5385733452593918,0.8979563269876819,0.5436730123180291,0.8165584415584415,0.5741341991341992,0.6838803088803089,0.6177606177606177
0.2,0.002,20.0,corn,5,010|012,0,1.3688524590163935,1.7098360655737703,14,6,14,24,0.2827868852459016,-0.23368120827121275,244,1.6557377049180328,0.3073770491803279,1.6721311475409837,0.2827868852459016,106.0,44.0,43.0,22.0,29.0,1.2049180327868851,1,0.4098360655737705,0,100,41,57,1,45,412,278,168,177,274,1.1959849832472988,0.9841450198351183,1.0820190265398648,10,3,0.49148448733510985,2.0,1.2898182363443826,0.3893942399288506,1.0023809523809524,0.5071428571428571,1.1017220283279703,0.4891290336165802,1.0487214414691424,0.49148448733510985,0,1.3082838936497474,0.4291364535266975,1.0538855132715061,0.47393668052446436,1.0723379629629628,0.46412037037037035,1.1080920740389177,0.47840531561461797,0.9889354066985645,0.5023923444976076,0.9644522144522144,0.5262237762237763,0.845063025210084,0.5661764705882353
0.2,0.002,20.0,corn,5,010|012,0,1.3934426229508197,1.6926229508196724,9,8,9,25,0.2786885245901639,-0.2893034384969868,244,1.8360655737704918,0.3360655737704918,1.848360655737705,0.2786885245901639,92.0,36.0,50.0,17.0,49.0,1.2049180327868851,1,0.4098360655737705,0,100,41,57,1,45,412,278,168,177,274,1.1002857068352596,0.9907323933148071,1.06553821134416,4,3,0.519418375637502,2.0,1.203331079578862,0.43073950278056444,1.0857142857142859,0.49523809523809526,1.011994725507428,0.5244691922024859,0.9907323933148071,0.519418375637502,1,1.031861129422105,0.46253570643814546,1.0387751838823154,0.4951231212024304,1.0173611111111112,0.5028935185185185,0.9794731846226863,0.5548172757475083,0.9697966507177034,0.5460526315789473,0.9283216783216783,0.5524475524475525,0.9695378151260504,0.5220588235294117
0.2,0.002,20.0,corn,5,010|012,1,1.459016393442623,1.5844262295081968,10,10,10,24,0.29098360655737704,-0.28491611465362476,244,1.7704918032786885,0.3114754098360656,1.7418032786885247,0.29098360655737704,109.0,44.0,34.0,21.0,36.0,1.2049180327868851,1,0.4098360655737705,0,100,41,57,1,45,412,278,168,177,274,1.1134305054800135,0.9926916415674887,1.0623149091255524,4,3,0.4556717406761126,2.0,1.187807776733763,0.42776185245938997,1.1285714285714286,0.4452380952380953,1.1240061403372918,0.4516368759379003,1.082878461347679,0.4556717406761126,0,1.0796528235552625,0.457591738079543,1.0761112887751838,0.4593060441317557,1.1197916666666667,0.44502314814814814,1.122686283815852,0.4377076411960133,1.049641148325359,0.46291866028708134,1.0203962703962703,0.46969696969696967,1.1118697478991597,0.45745798319327735
0.2,0.002,20.0,corn,5,010|012,1,1.5,1.667213114754098,14,5,14,27,0.29098360655737704,-0.24500132855055146,244,1.680327868852459,0.29098360655737704,1.6434426229508197,0.29098360655737704,119.0,65.0,23.0,10.0,27.0,1.2049180327868851,1,0.4098360655737705,0,100,41,57,1,45,412,278,168,177,274,1.0664643538075644,0.9466153393521484,1.0039775941747089,6,4,0.5178443965447215,2.0,1.1317066279582053,0.4453452421333162,1.0119047619047619,0.4904761904761905,0.9627353221308946,0.5399006457318639,0.9466153393521484,0.5178443965447215,1,1.2801582069874753,0.43045484508899146,1.0751519027822194,0.47345698752798204,1.0173611111111112,0.44502314814814814,0.97140484100617,0.5046274323682962,0.756877990430622,0.5723684210526316,0.7727272727272727,0.5949883449883451,0.7526260504201681,0.6039915966386554
