pid,tau,k,l2sp,n_val,set_mae,set_acc,set_qwk,set_macro_f1,base_set_mae,base_set_acc,grad_norm
001,0.01,1,0.005,37,2.4324324324324325,0.08108108108108109,-0.49759411265213704,0.0879120879120879,1.2972972972972974,0.40540540540540543,7.829342507648107e-08
001,0.01,2,0.0025,37,2.135135135135135,0.1891891891891892,-0.5081681205392545,0.1037037037037037,1.2972972972972974,0.40540540540540543,2.3197134879637815e-08
001,0.01,3,0.0016666666666666668,37,2.135135135135135,0.1891891891891892,-0.5081681205392545,0.1037037037037037,1.2972972972972974,0.40540540540540543,2.2878976935203355e-08
001,0.01,4,0.00125,37,2.135135135135135,0.1891891891891892,-0.5081681205392545,0.1037037037037037,1.2972972972972974,0.40540540540540543,6.404138730431441e-08
001,0.01,5,0.001,37,2.027027027027027,0.21621621621621623,-0.2551847273726138,0.1960474308300395,1.2972972972972974,0.40540540540540543,6.919778172687074e-08
001,0.01,6,0.0008333333333333334,37,1.972972972972973,0.2702702702702703,-0.10212765957446801,0.22909090909090907,1.2972972972972974,0.40540540540540543,1.3445169599890505e-07
001,0.01,8,0.000625,37,2.0,0.2702702702702703,-0.11359223300970878,0.24,1.2972972972972974,0.40540540540540543,2.807564669637941e-07
001,0.01,10,0.0005,37,2.0,0.2702702702702703,-0.11359223300970878,0.24,1.2972972972972974,0.40540540540540543,1.8634857497090707e-06
001,0.01,12,0.0004166666666666667,37,2.0,0.2702702702702703,-0.11359223300970878,0.24,1.2972972972972974,0.40540540540540543,4.395411451696418e-06
001,0.01,14,0.00035714285714285714,37,1.945945945945946,0.2702702702702703,-0.08499005964214712,0.23138975966562172,1.2972972972972974,0.40540540540540543,4.751243523060111e-06
001,0.01,16,0.0003125,37,1.972972972972973,0.21621621621621623,-0.06398605751275999,0.16031746031746033,1.2972972972972974,0.40540540540540543,9.113070518651512e-06
001,0.01,20,0.00025,37,1.9189189189189189,0.2702702702702703,-0.09528649472748074,0.20656814449917899,1.2972972972972974,0.40540540540540543,9.669922292232513e-06
001,0.01,25,0.0002,37,1.9189189189189189,0.2702702702702703,0.03196401089144074,0.19356060606060604,1.2972972972972974,0.40540540540540543,2.3524560674559325e-05
001,0.01,30,0.00016666666666666666,37,2.027027027027027,0.24324324324324326,0.006848558488898759,0.14234234234234236,1.2972972972972974,0.40540540540540543,3.364514486747794e-05
001,0.01,40,0.000125,37,1.945945945945946,0.2702702702702703,0.03830369357045138,0.17230769230769233,1.2972972972972974,0.40540540540540543,6.220945942914113e-05
001,0.01,50,0.0001,37,1.3243243243243243,0.43243243243243246,0.3685403986155865,0.3442857142857143,1.2972972972972974,0.40540540540540543,6.116509030107409e-05
001,0.01,60,8.333333333333333e-05,37,0.972972972972973,0.5405405405405406,0.46269931662870156,0.434920634920635,1.2972972972972974,0.40540540540540543,5.3979645599611104e-05
001,0.01,75,6.666666666666667e-05,37,1.7837837837837838,0.3783783783783784,0.00868935553946426,0.26607142857142857,1.2972972972972974,0.40540540540540543,8.340453496202826e-05
001,0.05,1,0.025,37,2.4594594594594597,0.10810810810810811,-0.5750399535086443,0.1341025641025641,1.2972972972972974,0.40540540540540543,1.6483444369441713e-06
001,0.05,2,0.0125,37,2.135135135135135,0.1891891891891892,-0.5081681205392545,0.1037037037037037,1.2972972972972974,0.40540540540540543,8.412047463934869e-06
001,0.05,3,0.008333333333333333,37,2.135135135135135,0.1891891891891892,-0.5081681205392545,0.1037037037037037,1.2972972972972974,0.40540540540540543,8.497998351231217e-06
001,0.05,4,0.00625,37,2.1621621621621623,0.1891891891891892,-0.522633744855967,0.10769230769230768,1.2972972972972974,0.40540540540540543,2.116240516158996e-08
001,0.05,5,0.005,37,2.054054054054054,0.21621621621621623,-0.26816561557444474,0.20695652173913043,1.2972972972972974,0.40540540540540543,2.324912706797022e-08
001,0.05,6,0.004166666666666667,37,2.0,0.2702702702702703,-0.11359223300970878,0.24,1.2972972972972974,0.40540540540540543,2.303324286856423e-08
001,0.05,8,0.003125,37,2.0,0.2702702702702703,-0.11359223300970878,0.24,1.2972972972972974,0.40540540540540543,2.7012783121449502e-08
001,0.05,10,0.0025,37,2.0,0.2702702702702703,-0.11359223300970878,0.24,1.2972972972972974,0.40540540540540543,2.7918405365312537e-08
001,0.05,12,0.0020833333333333333,37,2.0,0.2702702702702703,-0.11359223300970878,0.24,1.2972972972972974,0.40540540540540543,3.145363436374282e-08
001,0.05,14,0.0017857142857142859,37,1.8918918918918919,0.2702702702702703,-0.054989816700611094,0.22476190476190477,1.2972972972972974,0.40540540540540543,3.548928617647107e-08
001,0.05,16,0.0015625,37,1.9189189189189189,0.24324324324324326,-0.06172682055860235,0.18074074074074073,1.2972972972972974,0.40540540540540543,3.426162464847948e-08
001,0.05,20,0.00125,37,1.9189189189189189,0.2702702702702703,-0.10568167243811755,0.2186813186813187,1.2972972972972974,0.40540540540540543,4.406379261467919e-08
001,0.05,25,0.001,37,1.9189189189189189,0.2702702702702703,0.03196401089144074,0.19356060606060604,1.2972972972972974,0.40540540540540543,4.1311899678930786e-08
001,0.05,30,0.0008333333333333334,37,2.054054054054054,0.24324324324324326,0.0010974539069358302,0.1484029484029484,1.2972972972972974,0.40540540540540543,5.6733565401145825e-08
001,0.05,40,0.000625,37,1.945945945945946,0.2702702702702703,0.042292581465218304,0.18235294117647058,1.2972972972972974,0.40540540540540543,1.0660671279083545e-07
001,0.05,50,0.0005,37,1.3783783783783783,0.40540540540540543,0.3708502024291498,0.2876190476190476,1.2972972972972974,0.40540540540540543,1.1432202029482141e-07
001,0.05,60,0.0004166666666666667,37,0.8918918918918919,0.5405405405405406,0.5446314896024897,0.3873015873015873,1.2972972972972974,0.40540540540540543,1.7232713389603305e-07
001,0.05,75,0.0003333333333333334,37,1.7837837837837838,0.3783783783783784,0.00868935553946426,0.26607142857142857,1.2972972972972974,0.40540540540540543,1.9750227409076615e-07
001,0.1,1,0.05,37,2.3783783783783785,0.10810810810810811,-0.5648176524670547,0.12076923076923078,1.2972972972972974,0.40540540540540543,3.5356058560864767e-06
001,0.1,2,0.025,37,2.108108108108108,0.1891891891891892,-0.5049603174603174,0.10769230769230768,1.2972972972972974,0.40540540540540543,2.3175482866122366e-08
001,0.1,3,0.016666666666666666,37,2.108108108108108,0.1891891891891892,-0.4991896272285252,0.1037037037037037,1.2972972972972974,0.40540540540540543,3.8352683873199567e-07
001,0.1,4,0.0125,37,2.1621621621621623,0.1891891891891892,-0.522633744855967,0.10769230769230768,1.2972972972972974,0.40540540540540543,1.757965151227836e-08
001,0.1,5,0.01,37,2.0,0.21621621621621623,-0.24316628701594523,0.2,1.2972972972972974,0.40540540540540543,1.7474278024565137e-08
001,0.1,6,0.008333333333333333,37,2.0,0.2702702702702703,-0.11359223300970878,0.24,1.2972972972972974,0.40540540540540543,1.7285799458477413e-08
001,0.1,8,0.00625,37,2.0,0.2702702702702703,-0.11359223300970878,0.24,1.2972972972972974,0.40540540540540543,4.002863818186597e-08
001,0.1,10,0.005,37,2.0,0.2702702702702703,-0.11359223300970878,0.24,1.2972972972972974,0.40540540540540543,2.4203069770578622e-08
001,0.1,12,0.004166666666666667,37,2.0,0.2702702702702703,-0.11359223300970878,0.24,1.2972972972972974,0.40540540540540543,2.834045886856984e-08
001,0.1,14,0.0035714285714285718,37,1.864864864864865,0.2972972972972973,-0.06836721481289665,0.24907407407407406,1.2972972972972974,0.40540540540540543,2.9150807989708483e-08
001,0.1,16,0.003125,37,1.864864864864865,0.24324324324324326,-0.03062706270627058,0.18,1.2972972972972974,0.40540540540540543,3.166627493556007e-08
001,0.1,20,0.0025,37,1.8918918918918919,0.2702702702702703,-0.08324847250509171,0.21809523809523812,1.2972972972972974,0.40540540540540543,4.922975449517253e-08
001,0.1,25,0.002,37,1.8918918918918919,0.2702702702702703,0.029829203752706257,0.1938190841416648,1.2972972972972974,0.40540540540540543,3.9477342284044425e-08
001,0.1,30,0.0016666666666666668,37,1.972972972972973,0.24324324324324326,0.04453116033513138,0.15508021390374332,1.2972972972972974,0.40540540540540543,4.594961211523696e-08
001,0.1,40,0.00125,37,1.9189189189189189,0.2702702702702703,0.05773970191292099,0.18484848484848487,1.2972972972972974,0.40540540540540543,5.740969655221306e-08
001,0.1,50,0.001,37,1.3783783783783783,0.40540540540540543,0.3708502024291498,0.2876190476190476,1.2972972972972974,0.40540540540540543,9.400108780255323e-08
001,0.1,60,0.0008333333333333334,37,0.8918918918918919,0.5405405405405406,0.5446314896024897,0.3873015873015873,1.2972972972972974,0.40540540540540543,6.161485543998424e-08
001,0.1,75,0.0006666666666666668,37,1.7837837837837838,0.3783783783783784,0.00868935553946426,0.26607142857142857,1.2972972972972974,0.40540540540540543,9.655057198187933e-08
001,0.2,1,0.1,37,2.2972972972972974,0.13513513513513514,-0.5584477046852818,0.14420168067226888,1.2972972972972974,0.40540540540540543,2.48371870839037e-05
001,0.2,2,0.05,37,2.135135135135135,0.16216216216216217,-0.5078369905956113,0.096,1.2972972972972974,0.40540540540540543,2.0922936982969986e-07
001,0.2,3,0.03333333333333333,37,2.135135135135135,0.16216216216216217,-0.5078369905956113,0.096,1.2972972972972974,0.40540540540540543,2.2773787350161e-05
001,0.2,4,0.025,37,2.135135135135135,0.1891891891891892,-0.5139899725052564,0.10769230769230768,1.2972972972972974,0.40540540540540543,2.8630616100144834e-08
001,0.2,5,0.02,37,1.9189189189189189,0.21621621621621623,-0.19742869809369012,0.18333333333333335,1.2972972972972974,0.40540540540540543,2.1235949887454808e-08
001,0.2,6,0.016666666666666666,37,1.864864864864865,0.2972972972972973,-0.06836721481289665,0.24907407407407406,1.2972972972972974,0.40540540540540543,4.9357257836391e-08
001,0.2,8,0.0125,37,2.0,0.2702702702702703,-0.11359223300970878,0.24,1.2972972972972974,0.40540540540540543,3.706200857322983e-08
001,0.2,10,0.01,37,1.972972972972973,0.2972972972972973,-0.12729739731096568,0.2639655172413793,1.2972972972972974,0.40540540540540543,4.1249649029850843e-08
001,0.2,12,0.008333333333333333,37,1.972972972972973,0.2972972972972973,-0.12729739731096568,0.2639655172413793,1.2972972972972974,0.40540540540540543,2.4829789779801104e-08
001,0.2,14,0.0071428571428571435,37,1.837837837837838,0.2702702702702703,-0.060895685417804435,0.22982456140350876,1.2972972972972974,0.40540540540540543,2.932464227001219e-08
001,0.2,16,0.00625,37,1.837837837837838,0.21621621621621623,-0.0204806116876024,0.16315789473684209,1.2972972972972974,0.40540540540540543,3.361399336654358e-08
001,0.2,20,0.005,37,1.864864864864865,0.2702702702702703,-0.06836721481289665,0.21574074074074073,1.2972972972972974,0.40540540540540543,5.459511243088855e-08
001,0.2,25,0.004,37,1.864864864864865,0.2702702702702703,0.04530587522713514,0.1903225806451613,1.2972972972972974,0.40540540540540543,4.8999272195260346e-08
001,0.2,30,0.0033333333333333335,37,1.972972972972973,0.24324324324324326,0.04453116033513138,0.15508021390374332,1.2972972972972974,0.40540540540540543,4.2679111800225655e-08
001,0.2,40,0.0025,37,1.945945945945946,0.2702702702702703,0.042292581465218304,0.18235294117647058,1.2972972972972974,0.40540540540540543,1.924693577848302e-07
001,0.2,50,0.002,37,1.3783783783783783,0.40540540540540543,0.3708502024291498,0.2876190476190476,1.2972972972972974,0.40540540540540543,7.024683412737431e-08
001,0.2,60,0.0016666666666666668,37,0.918918918918919,0.5405405405405406,0.52792741706833,0.378968253968254,1.2972972972972974,0.40540540540540543,1.658313522057142e-07
001,0.2,75,0.0013333333333333335,37,1.7837837837837838,0.3783783783783784,0.00868935553946426,0.26607142857142857,1.2972972972972974,0.40540540540540543,1.5649924023364292e-07
001,0.5,1,0.25,37,2.054054054054054,0.16216216216216217,-0.46192528735632155,0.15503267973856208,1.2972972972972974,0.40540540540540543,0.0002158021234208718
001,0.5,2,0.125,37,1.9189189189189189,0.16216216216216217,-0.40366286675387775,0.08888888888888888,1.2972972972972974,0.40540540540540543,8.633171091787517e-05
001,0.5,3,0.08333333333333333,37,1.945945945945946,0.16216216216216217,-0.42787560884226283,0.08571428571428572,1.2972972972972974,0.40540540540540543,4.4950415031053126e-05
001,0.5,4,0.0625,37,2.081081081081081,0.16216216216216217,-0.4825234441602728,0.09230769230769231,1.2972972972972974,0.40540540540540543,6.067656244113095e-08
001,0.5,5,0.05,37,1.8918918918918919,0.1891891891891892,-0.16043425814233991,0.14666666666666667,1.2972972972972974,0.40540540540540543,8.840362397677382e-08
001,0.5,6,0.041666666666666664,37,1.837837837837838,0.2702702702702703,-0.03346508563899864,0.21417797888386123,1.2972972972972974,0.40540540540540543,1.0859644561378445e-07
001,0.5,8,0.03125,37,1.837837837837838,0.2972972972972973,-0.05348589675359228,0.25224880382775117,1.2972972972972974,0.40540540540540543,8.151963993441314e-05
001,0.5,10,0.025,37,1.8918918918918919,0.2972972972972973,-0.08484691229891017,0.260080971659919,1.2972972972972974,0.40540540540540543,5.705907923925224e-08
001,0.5,12,0.020833333333333332,37,1.9189189189189189,0.2702702702702703,-0.10877887788778873,0.244,1.2972972972972974,0.40540540540540543,2.389791831092225e-08
001,0.5,14,0.017857142857142856,37,1.7567567567567568,0.2702702702702703,-0.009416978257859032,0.2295625942684766,1.2972972972972974,0.40540540540540543,3.2365157665026345e-08
001,0.5,16,0.015625,37,1.837837837837838,0.21621621621621623,-0.0204806116876024,0.16315789473684209,1.2972972972972974,0.40540540540540543,3.509358847963995e-08
001,0.5,20,0.0125,37,1.7837837837837838,0.2702702702702703,-0.020275750202757514,0.21212669683257923,1.2972972972972974,0.40540540540540543,6.872451052686301e-08
001,0.5,25,0.01,37,1.7837837837837838,0.2702702702702703,0.09224730127576053,0.19186104218362282,1.2972972972972974,0.40540540540540543,4.7080487064476984e-08
001,0.5,30,0.008333333333333333,37,1.972972972972973,0.24324324324324326,0.04453116033513138,0.15508021390374332,1.2972972972972974,0.40540540540540543,8.337772783306718e-08
001,0.5,40,0.00625,37,2.0,0.24324324324324326,0.046348632150124414,0.15272727272727274,1.2972972972972974,0.40540540540540543,1.8816585622971616e-07
001,0.5,50,0.005,37,1.3783783783783783,0.40540540540540543,0.3708502024291498,0.2876190476190476,1.2972972972972974,0.40540540540540543,1.4268104564507667e-07
001,0.5,60,0.004166666666666667,37,0.918918918918919,0.5405405405405406,0.52792741706833,0.378968253968254,1.2972972972972974,0.40540540540540543,0.001211899914778769
001,0.5,75,0.0033333333333333335,37,1.7567567567567568,0.35135135135135137,0.03657502724960637,0.2503225806451613,1.2972972972972974,0.40540540540540543,2.529450000565703e-07
001,1.0,1,0.5,37,2.0,0.16216216216216217,-0.4665911664779161,0.12705882352941175,1.2972972972972974,0.40540540540540543,0.0005260254256427288
001,1.0,2,0.25,37,1.837837837837838,0.16216216216216217,-0.3459752321981424,0.08888888888888888,1.2972972972972974,0.40540540540540543,0.00032499825465492904
001,1.0,3,0.16666666666666666,37,1.837837837837838,0.16216216216216217,-0.3459752321981424,0.08888888888888888,1.2972972972972974,0.40540540540540543,0.0006922637112438679
001,1.0,4,0.125,37,2.0,0.16216216216216217,-0.43259415698697623,0.09230769230769231,1.2972972972972974,0.40540540540540543,0.0010312129743397236
001,1.0,5,0.1,37,1.8918918918918919,0.16216216216216217,-0.1447882246920995,0.12000000000000002,1.2972972972972974,0.40540540540540543,3.577229654183611e-05
001,1.0,6,0.08333333333333333,37,1.837837837837838,0.24324324324324326,-0.039882226980728186,0.2033939393939394,1.2972972972972974,0.40540540540540543,0.000309767754515633
001,1.0,8,0.0625,37,1.7837837837837838,0.24324324324324326,-0.006318681318681296,0.2,1.2972972972972974,0.40540540540540543,4.153893655711727e-07
001,1.0,10,0.05,37,1.837837837837838,0.21621621621621623,-0.04167816726469753,0.1672727272727273,1.2972972972972974,0.40540540540540543,2.545103257034498e-07
001,1.0,12,0.041666666666666664,37,1.9189189189189189,0.2702702702702703,-0.13056939022748693,0.24490118577075098,1.2972972972972974,0.40540540540540543,9.2324775380348e-08
001,1.0,14,0.03571428571428571,37,1.7837837837837838,0.24324324324324326,-0.03357787810383761,0.21114827201783726,1.2972972972972974,0.40540540540540543,6.830806142943402e-08
001,1.0,16,0.03125,37,1.837837837837838,0.1891891891891892,-0.02692200943658052,0.1485375494071146,1.2972972972972974,0.40540540540540543,5.270374003885081e-08
001,1.0,20,0.025,37,1.7567567567567568,0.24324324324324326,-0.009416978257859032,0.19879336349924587,1.2972972972972974,0.40540540540540543,6.924594231350056e-08
001,1.0,25,0.02,37,1.7837837837837838,0.24324324324324326,0.08977935582044128,0.17763041556145004,1.2972972972972974,0.40540540540540543,1.2007117788925825e-07
001,1.0,30,0.016666666666666666,37,1.864864864864865,0.2702702702702703,0.06267258974666823,0.18903846153846154,1.2972972972972974,0.40540540540540543,6.045864211046137e-05
001,1.0,40,0.0125,37,1.972972972972973,0.24324324324324326,0.06099920336861275,0.14666666666666667,1.2972972972972974,0.40540540540540543,3.227113154480321e-08
001,1.0,50,0.01,37,1.4864864864864864,0.35135135135135137,0.31204527081649147,0.23777777777777778,1.2972972972972974,0.40540540540540543,3.4834602047340013e-07
001,1.0,60,0.008333333333333333,37,0.9459459459459459,0.5135135135135135,0.5286294274114518,0.3770451770451771,1.2972972972972974,0.40540540540540543,1.8172366935687023e-06
001,1.0,75,0.006666666666666667,37,1.8108108108108107,0.32432432432432434,0.0061327118851958184,0.2153225806451613,1.2972972972972974,0.40540540540540543,0.001165382214821875
001,2.0,1,1.0,37,1.8108108108108107,0.1891891891891892,-0.34127778890446625,0.15708502024291499,1.2972972972972974,0.40540540540540543,0.0005540556740015745
001,2.0,2,0.5,37,1.7567567567567568,0.1891891891891892,-0.2921572540411095,0.11648351648351647,1.2972972972972974,0.40540540540540543,0.000410145556088537
001,2.0,3,0.3333333333333333,37,1.8108108108108107,0.16216216216216217,-0.34343029087261767,0.08888888888888888,1.2972972972972974,0.40540540540540543,7.632245979038998e-05
001,2.0,4,0.25,37,1.837837837837838,0.16216216216216217,-0.3459752321981424,0.08888888888888888,1.2972972972972974,0.40540540540540543,2.440809112158604e-06
001,2.0,5,0.2,37,1.7837837837837838,0.13513513513513514,-0.06214511041009452,0.06896551724137931,1.2972972972972974,0.40540540540540543,0.003605254925787449
001,2.0,6,0.16666666666666666,37,1.837837837837838,0.1891891891891892,-0.027223719676549907,0.12836438923395446,1.2972972972972974,0.40540540540540543,5.992039405100513e-06
001,2.0,8,0.125,37,1.7567567567567568,0.21621621621621623,0.00970739148523092,0.17518037518037516,1.2972972972972974,0.40540540540540543,0.0029717583674937487
001,2.0,10,0.1,37,1.7567567567567568,0.21621621621621623,0.00970739148523092,0.17518037518037516,1.2972972972972974,0.40540540540540543,1.2357320429146057e-06
001,2.0,12,0.08333333333333333,37,1.8108108108108107,0.24324324324324326,-0.07468879668049788,0.21428571428571427,1.2972972972972974,0.40540540540540543,1.0587983751975116e-06
001,2.0,14,0.07142857142857142,37,1.7837837837837838,0.21621621621621623,-0.021120811039143872,0.18505494505494507,1.2972972972972974,0.40540540540540543,0.00022865479695610702
001,2.0,16,0.0625,37,1.864864864864865,0.16216216216216217,-0.052952003397989555,0.11082251082251082,1.2972972972972974,0.40540540540540543,1.847944446353722e-07
001,2.0,20,0.05,37,1.7297297297297298,0.24324324324324326,0.00809829656520511,0.19880952380952382,1.2972972972972974,0.40540540540540543,3.961053494094813e-07
001,2.0,25,0.04,37,1.7027027027027026,0.2702702702702703,0.11101117820891693,0.21998001998001998,1.2972972972972974,0.40540540540540543,2.8681159847110393e-07
001,2.0,30,0.03333333333333333,37,1.8108108108108107,0.2702702702702703,0.09342184671092346,0.193482905982906,1.2972972972972974,0.40540540540540543,7.65043751016492e-06
001,2.0,40,0.025,37,1.9189189189189189,0.24324324324324326,0.0916812100058173,0.14389140271493212,1.2972972972972974,0.40540540540540543,2.0442030290723778e-07
001,2.0,50,0.02,37,1.4054054054054055,0.40540540540540543,0.3146521016385656,0.3262593264771123,1.2972972972972974,0.40540540540540543,8.213891123887151e-05
001,2.0,60,0.016666666666666666,37,1.027027027027027,0.5135135135135135,0.4823045267489712,0.3867446393762183,1.2972972972972974,0.40540540540540543,0.008686535991728306
001,2.0,75,0.013333333333333334,37,1.7297297297297298,0.32432432432432434,0.05467552376085838,0.21419878296146044,1.2972972972972974,0.40540540540540543,0.0017400879878550768
001,3.0,1,1.5,37,1.7567567567567568,0.21621621621621623,-0.3116362908071302,0.17813765182186234,1.2972972972972974,0.40540540540540543,0.0004261760041117668
001,3.0,2,0.75,37,1.6486486486486487,0.21621621621621623,-0.2305308820491634,0.15299145299145298,1.2972972972972974,0.40540540540540543,0.0024962350726127625
001,3.0,3,0.5,37,1.7027027027027026,0.1891891891891892,-0.2679127725856696,0.11352785145888596,1.2972972972972974,0.40540540540540543,0.0009451404912397265
001,3.0,4,0.375,37,1.7837837837837838,0.1891891891891892,-0.2923310554290053,0.12307692307692308,1.2972972972972974,0.40540540540540543,7.10137392161414e-05
001,3.0,5,0.3,37,1.7027027027027026,0.16216216216216217,-0.003489294210943683,0.10484330484330484,1.2972972972972974,0.40540540540540543,0.00039214343996718526
001,3.0,6,0.25,37,1.7837837837837838,0.1891891891891892,-0.00028161081385524867,0.13743589743589743,1.2972972972972974,0.40540540540540543,0.0025713506620377302
001,3.0,8,0.1875,37,1.7567567567567568,0.21621621621621623,0.0030713388245148243,0.18603618603618605,1.2972972972972974,0.40540540540540543,1.0382856999058276e-05
001,3.0,10,0.15,37,1.7567567567567568,0.21621621621621623,0.0030713388245148243,0.18603618603618605,1.2972972972972974,0.40540540540540543,0.003306355094537139
001,3.0,12,0.125,37,1.7297297297297298,0.21621621621621623,-0.00029069767441858296,0.19272727272727272,1.2972972972972974,0.40540540540540543,5.761782517765823e-07
001,3.0,14,0.10714285714285714,37,1.7297297297297298,0.21621621621621623,0.014040114613180554,0.18794094794094796,1.2972972972972974,0.40540540540540543,1.0181913694395917e-06
001,3.0,16,0.09375,37,1.864864864864865,0.16216216216216217,-0.052952003397989555,0.11082251082251082,1.2972972972972974,0.40540540540540543,7.941031799418852e-05
001,3.0,20,0.075,37,1.7567567567567568,0.1891891891891892,-0.0011333050007082957,0.15609548167092924,1.2972972972972974,0.40540540540540543,0.00022668871679343283
001,3.0,25,0.06,37,1.7297297297297298,0.24324324324324326,0.09071895424836607,0.20394420394420393,1.2972972972972974,0.40540540540540543,0.0014975453959777951
001,3.0,30,0.05,37,1.7567567567567568,0.2702702702702703,0.09619035565118339,0.2160919540229885,1.2972972972972974,0.40540540540540543,0.0005226234789006412
001,3.0,40,0.0375,37,1.8918918918918919,0.24324324324324326,0.10707591377694459,0.13949579831932774,1.2972972972972974,0.40540540540540543,3.136181021545781e-06
001,3.0,50,0.03,37,1.4054054054054055,0.40540540540540543,0.30857690464781984,0.3305156831472621,1.2972972972972974,0.40540540540540543,3.905825906258542e-06
001,3.0,60,0.025,37,1.1891891891891893,0.4594594594594595,0.37943359912015395,0.3510769230769231,1.2972972972972974,0.40540540540540543,0.00017045602726284415
001,3.0,75,0.02,37,1.7837837837837838,0.2972972972972973,0.04648812531581603,0.18745098039215685,1.2972972972972974,0.40540540540540543,0.00013450147525873035
001,5.0,1,2.5,37,1.6216216216216217,0.2972972972972973,-0.22265932336742722,0.2511111111111111,1.2972972972972974,0.40540540540540543,0.01232718676328659
001,5.0,2,1.25,37,1.5135135135135136,0.2702702702702703,-0.09959839357429723,0.20564102564102563,1.2972972972972974,0.40540540540540543,0.0002707862586248666
001,5.0,3,0.8333333333333334,37,1.5945945945945945,0.24324324324324326,-0.17834394904458595,0.17922077922077922,1.2972972972972974,0.40540540540540543,0.003546188585460186
001,5.0,4,0.625,37,1.7567567567567568,0.1891891891891892,-0.2921572540411095,0.11648351648351647,1.2972972972972974,0.40540540540540543,0.004977441392838955
001,5.0,5,0.5,37,1.5945945945945945,0.21621621621621623,0.030103162523253846,0.17757057757057756,1.2972972972972974,0.40540540540540543,0.0021394642535597086
001,5.0,6,0.4166666666666667,37,1.7027027027027026,0.1891891891891892,0.043243243243243246,0.14243971131842986,1.2972972972972974,0.40540540540540543,1.1614343748078682e-05
001,5.0,8,0.3125,37,1.7297297297297298,0.21621621621621623,0.014040114613180554,0.18794094794094796,1.2972972972972974,0.40540540540540543,0.0005557616823352873
001,5.0,10,0.25,37,1.6756756756756757,0.24324324324324326,0.024905878945844173,0.21968697968697967,1.2972972972972974,0.40540540540540543,8.241831528721377e-05
001,5.0,12,0.20833333333333334,37,1.7297297297297298,0.1891891891891892,0.003512880562060894,0.15619047619047616,1.2972972972972974,0.40540540540540543,0.0059927222318947315
001,5.0,14,0.17857142857142858,37,1.7027027027027026,0.1891891891891892,0.04371584699453557,0.13921367521367523,1.2972972972972974,0.40540540540540543,0.00010825834760908037
001,5.0,16,0.15625,37,1.7567567567567568,0.1891891891891892,0.017327084220991273,0.14033444816053514,1.2972972972972974,0.40540540540540543,0.0007046617683954537
001,5.0,20,0.125,37,1.6756756756756757,0.21621621621621623,0.052631578947368474,0.18834498834498833,1.2972972972972974,0.40540540540540543,0.00017913350893650204
001,5.0,25,0.1,37,1.6756756756756757,0.21621621621621623,0.10745614035087725,0.1837995337995338,1.2972972972972974,0.40540540540540543,0.0004169809981249273
001,5.0,30,0.08333333333333333,37,1.7297297297297298,0.24324324324324326,0.10797640420620669,0.18725274725274726,1.2972972972972974,0.40540540540540543,1.6775547919678502e-05
001,5.0,40,0.0625,37,1.864864864864865,0.2702702702702703,0.08932644975387194,0.18903846153846154,1.2972972972972974,0.40540540540540543,1.0067825542137143e-06
001,5.0,50,0.05,37,1.4054054054054055,0.3783783783783784,0.32028039642252837,0.2974747474747475,1.2972972972972974,0.40540540540540543,0.00047707551857456565
001,5.0,60,0.041666666666666664,37,1.3513513513513513,0.43243243243243246,0.23752711496746204,0.35031055900621116,1.2972972972972974,0.40540540540540543,0.00645494507625699
001,5.0,75,0.03333333333333333,37,1.8108108108108107,0.2702702702702703,0.03999493734970261,0.17655172413793102,1.2972972972972974,0.40540540540540543,0.0002091341302730143
002,0.01,1,0.005,28,1.6071428571428572,0.4642857142857143,0.01942740286298572,0.1625,1.75,0.14285714285714285,2.2528917398290105e-08
002,0.01,2,0.0025,28,1.6785714285714286,0.42857142857142855,-0.06472491909385103,0.22028985507246376,1.75,0.14285714285714285,4.3674283745076536e-08
002,0.01,3,0.0016666666666666668,28,1.25,0.2857142857142857,0.24615384615384617,0.14545454545454545,1.75,0.14285714285714285,8.500872468175658e-07
002,0.01,4,0.00125,28,1.2857142857142858,0.2857142857142857,0.20055710306406693,0.14545454545454545,1.75,0.14285714285714285,2.281175738971797e-06
002,0.01,5,0.001,28,1.1071428571428572,0.32142857142857145,0.3654676258992806,0.1746031746031746,1.75,0.14285714285714285,1.8234081835544202e-06
002,0.01,6,0.0008333333333333334,28,1.3928571428571428,0.17857142857142858,0.0898876404494382,0.11517027863777089,1.75,0.14285714285714285,1.5200326970443712e-06
002,0.01,8,0.000625,28,1.25,0.4642857142857143,0.15629139072847686,0.21024667931688806,1.75,0.14285714285714285,5.180717835173709e-06
002,0.01,10,0.0005,28,1.25,0.4642857142857143,0.1759379042690814,0.21560798548094376,1.75,0.14285714285714285,9.764274182089139e-06
002,0.01,12,0.0004166666666666667,28,1.1785714285714286,0.5,0.23970037453183524,0.22857142857142856,1.75,0.14285714285714285,1.693489139142912e-05
002,0.01,14,0.00035714285714285714,28,1.4642857142857142,0.4642857142857143,0.030267753201397074,0.20430769230769236,1.75,0.14285714285714285,0.0005321478238329291
002,0.01,16,0.0003125,28,1.3214285714285714,0.5,0.10727056019070325,0.21863354037267077,1.75,0.14285714285714285,0.0032915091142058372
002,0.01,20,0.00025,28,1.4642857142857142,0.5,-0.004667444574095736,0.2587976539589443,1.75,0.14285714285714285,0.00013710776693187654
002,0.01,25,0.0002,28,1.75,0.32142857142857145,-0.06411582213029998,0.15546558704453442,1.75,0.14285714285714285,0.0014528227038681507
002,0.01,30,0.00016666666666666666,28,2.0,0.21428571428571427,-0.11510441962117524,0.14855072463768115,1.75,0.14285714285714285,7.186257425928488e-05
002,0.01,40,0.000125,28,1.6428571428571428,0.2857142857142857,0.10045894951555334,0.1424430641821946,1.75,0.14285714285714285,0.00010710967762861401
002,0.01,50,0.0001,28,1.4285714285714286,0.32142857142857145,0.24881641241451868,0.158974358974359,1.75,0.14285714285714285,8.161053119692951e-05
002,0.01,60,8.333333333333333e-05,28,1.2857142857142858,0.39285714285714285,0.2980926430517711,0.2,1.75,0.14285714285714285,0.00011296392040094361
002,0.05,1,0.025,28,1.6071428571428572,0.4642857142857143,0.01942740286298572,0.1625,1.75,0.14285714285714285,2.0725639870988743e-08
002,0.05,2,0.0125,28,1.6785714285714286,0.42857142857142855,-0.06472491909385103,0.22028985507246376,1.75,0.14285714285714285,9.916690032696351e-06
002,0.05,3,0.008333333333333333,28,1.2857142857142858,0.2857142857142857,0.20055710306406693,0.14545454545454545,1.75,0.14285714285714285,4.6491558691741375e-07
002,0.05,4,0.00625,28,1.3214285714285714,0.2857142857142857,0.1747572815533981,0.14545454545454545,1.75,0.14285714285714285,3.862966124756895e-08
002,0.05,5,0.005,28,1.1785714285714286,0.2857142857142857,0.3173216885007277,0.15238095238095237,1.75,0.14285714285714285,5.0863658174193915e-08
002,0.05,6,0.004166666666666667,28,1.4285714285714286,0.14285714285714285,0.07284768211920523,0.09411764705882353,1.75,0.14285714285714285,3.9722934275232546e-08
002,0.05,8,0.003125,28,1.3214285714285714,0.42857142857142855,0.109772423025435,0.2007843137254902,1.75,0.14285714285714285,1.601708419229908e-07
002,0.05,10,0.0025,28,1.3214285714285714,0.42857142857142855,0.130718954248366,0.20526315789473681,1.75,0.14285714285714285,3.885786270529934e-07
002,0.05,12,0.0020833333333333333,28,1.2857142857142858,0.4642857142857143,0.17180616740088106,0.21798941798941796,1.75,0.14285714285714285,2.124716615981015e-07
002,0.05,14,0.0017857142857142859,28,1.3571428571428572,0.5,0.09571344685848504,0.22037037037037038,1.75,0.14285714285714285,4.11264190915972e-05
002,0.05,16,0.0015625,28,1.25,0.5,0.15487804878048772,0.22337662337662337,1.75,0.14285714285714285,0.0005621494492515922
002,0.05,20,0.00125,28,1.4642857142857142,0.5,-0.004667444574095736,0.2587976539589443,1.75,0.14285714285714285,0.0006773681379854679
002,0.05,25,0.001,28,1.8571428571428572,0.32142857142857145,-0.13230154767848235,0.15546558704453442,1.75,0.14285714285714285,1.794197851268109e-05
002,0.05,30,0.0008333333333333334,28,1.8571428571428572,0.2857142857142857,-0.0424821002386635,0.18333333333333335,1.75,0.14285714285714285,4.6559958377656585e-07
002,0.05,40,0.000625,28,1.7142857142857142,0.21428571428571427,0.05435356200527708,0.11428571428571428,1.75,0.14285714285714285,0.004046376328915358
002,0.05,50,0.0005,28,1.4642857142857142,0.35714285714285715,0.21823770491803274,0.17309941520467836,1.75,0.14285714285714285,2.226610558864195e-05
002,0.05,60,0.0004166666666666667,28,1.3214285714285714,0.35714285714285715,0.2774694783573808,0.1830065359477124,1.75,0.14285714285714285,0.0026350650005042553
002,0.1,1,0.05,28,1.6071428571428572,0.4642857142857143,0.01942740286298572,0.1625,1.75,0.14285714285714285,3.696962085086852e-05
002,0.1,2,0.025,28,1.6785714285714286,0.42857142857142855,-0.06472491909385103,0.22028985507246376,1.75,0.14285714285714285,1.2642967703868635e-05
002,0.1,3,0.016666666666666666,28,1.25,0.2857142857142857,0.2310984308131241,0.15238095238095237,1.75,0.14285714285714285,6.268833772082871e-07
002,0.1,4,0.0125,28,1.3214285714285714,0.2857142857142857,0.1747572815533981,0.14545454545454545,1.75,0.14285714285714285,1.6316258552251384e-05
002,0.1,5,0.01,28,1.2142857142857142,0.25,0.28955223880597014,0.13999999999999999,1.75,0.14285714285714285,2.8521995432129188e-08
002,0.1,6,0.008333333333333333,28,1.3928571428571428,0.17857142857142858,0.11802232854864436,0.11111111111111112,1.75,0.14285714285714285,2.1998387467192515e-07
002,0.1,8,0.00625,28,1.2857142857142858,0.42857142857142855,0.15094339622641506,0.2044624746450304,1.75,0.14285714285714285,7.863168889343797e-07
002,0.1,10,0.005,28,1.4642857142857142,0.39285714285714285,0.013175230566534801,0.18544061302681994,1.75,0.14285714285714285,0.0003615457098931074
002,0.1,12,0.004166666666666667,28,1.2857142857142858,0.4642857142857143,0.17180616740088106,0.21798941798941796,1.75,0.14285714285714285,1.5418640941788908e-07
002,0.1,14,0.0035714285714285718,28,1.5,0.42857142857142855,-0.022277227722772075,0.19523809523809524,1.75,0.14285714285714285,0.0001114260739996098
002,0.1,16,0.003125,28,1.1785714285714286,0.5357142857142857,0.22694174757281538,0.23428571428571426,1.75,0.14285714285714285,3.7877850900258636e-06
002,0.1,20,0.0025,28,1.4285714285714286,0.5,0.017251635930993436,0.2642089093701997,1.75,0.14285714285714285,1.9015323005078244e-06
002,0.1,25,0.002,28,1.7857142857142858,0.32142857142857145,-0.06870229007633566,0.158974358974359,1.75,0.14285714285714285,0.0015374128706753254
002,0.1,30,0.0016666666666666668,28,1.9285714285714286,0.25,-0.07951807228915664,0.12398190045248869,1.75,0.14285714285714285,5.465746289701201e-05
002,0.1,40,0.00125,28,1.5357142857142858,0.25,0.18893528183716057,0.13875598086124402,1.75,0.14285714285714285,4.324882922901452e-07
002,0.1,50,0.001,28,1.4642857142857142,0.32142857142857145,0.21014492753623193,0.16289592760180996,1.75,0.14285714285714285,6.929105438757688e-05
002,0.1,60,0.0008333333333333334,28,1.2857142857142858,0.39285714285714285,0.2942465753424658,0.19411764705882353,1.75,0.14285714285714285,0.0001493355812272057
002,0.2,1,0.1,28,1.6071428571428572,0.4642857142857143,0.01942740286298572,0.1625,1.75,0.14285714285714285,5.81843141844729e-06
002,0.2,2,0.05,28,1.6785714285714286,0.42857142857142855,-0.06472491909385103,0.22028985507246376,1.75,0.14285714285714285,3.799382466240786e-05
002,0.2,3,0.03333333333333333,28,1.3214285714285714,0.25,0.1674008810572688,0.13999999999999999,1.75,0.14285714285714285,5.388880890677683e-05
002,0.2,4,0.025,28,1.3928571428571428,0.25,0.11126961483594866,0.13333333333333333,1.75,0.14285714285714285,6.890213262522593e-05
002,0.2,5,0.02,28,1.25,0.25,0.2548725637181408,0.13999999999999999,1.75,0.14285714285714285,3.2201799626818683e-07
002,0.2,6,0.016666666666666666,28,1.3928571428571428,0.17857142857142858,0.11802232854864436,0.11111111111111112,1.75,0.14285714285714285,6.044581937203475e-07
002,0.2,8,0.0125,28,1.2857142857142858,0.42857142857142855,0.15775401069518724,0.2111111111111111,1.75,0.14285714285714285,0.00013849542301613837
002,0.2,10,0.01,28,1.5,0.35714285714285715,-0.010695187165775444,0.1746031746031746,1.75,0.14285714285714285,0.010941990651190281
002,0.2,12,0.008333333333333333,28,1.3928571428571428,0.39285714285714285,0.08454425363276086,0.19415204678362571,1.75,0.14285714285714285,1.6202084225369617e-06
002,0.2,14,0.0071428571428571435,28,1.5,0.42857142857142855,-0.022277227722772075,0.19523809523809524,1.75,0.14285714285714285,0.000966328545473516
002,0.2,16,0.00625,28,1.1071428571428572,0.5357142857142857,0.28499369482976045,0.24413793103448275,1.75,0.14285714285714285,2.3081449398887344e-05
002,0.2,20,0.005,28,1.5,0.42857142857142855,-0.05263157894736836,0.18743633276740237,1.75,0.14285714285714285,0.0001928642304847017
002,0.2,25,0.004,28,1.8928571428571428,0.2857142857142857,-0.1415384615384616,0.13594771241830067,1.75,0.14285714285714285,0.001375246443785727
002,0.2,30,0.0033333333333333335,28,1.8571428571428572,0.2857142857142857,-0.04347826086956519,0.13594771241830067,1.75,0.14285714285714285,0.010921254754066467
002,0.2,40,0.0025,28,1.3928571428571428,0.35714285714285715,0.23978494623655933,0.17651821862348177,1.75,0.14285714285714285,0.0011021150276064873
002,0.2,50,0.002,28,1.3571428571428572,0.35714285714285715,0.26969222743870624,0.1787037037037037,1.75,0.14285714285714285,4.888520561507903e-05
002,0.2,60,0.0016666666666666668,28,1.3571428571428572,0.35714285714285715,0.23287671232876717,0.17655172413793102,1.75,0.14285714285714285,8.966932909970637e-06
002,0.5,1,0.25,28,1.6071428571428572,0.4642857142857143,0.01942740286298572,0.1625,1.75,0.14285714285714285,5.786562695675457e-08
002,0.5,2,0.125,28,1.6785714285714286,0.42857142857142855,-0.06472491909385103,0.22028985507246376,1.75,0.14285714285714285,0.0002310078270966187
002,0.5,3,0.08333333333333333,28,1.3571428571428572,0.25,0.14035087719298256,0.13999999999999999,1.75,0.14285714285714285,0.00014185102190822363
002,0.5,4,0.0625,28,1.3928571428571428,0.25,0.11126961483594866,0.13333333333333333,1.75,0.14285714285714285,0.003406789619475603
002,0.5,5,0.05,28,1.25,0.25,0.2548725637181408,0.13999999999999999,1.75,0.14285714285714285,0.003066300880163908
002,0.5,6,0.041666666666666664,28,1.5,0.14285714285714285,0.003236245954692629,0.09411764705882353,1.75,0.14285714285714285,1.5127989172469825e-06
002,0.5,8,0.03125,28,1.4285714285714286,0.35714285714285715,0.038461538461538436,0.17983193277310922,1.75,0.14285714285714285,0.005229023285210133
002,0.5,10,0.025,28,1.5357142857142858,0.32142857142857145,-0.03527815468113982,0.16296296296296295,1.75,0.14285714285714285,0.00010783397738123313
002,0.5,12,0.020833333333333332,28,1.5,0.32142857142857145,-0.0027548209366390353,0.1658119658119658,1.75,0.14285714285714285,0.005193367600440979
002,0.5,14,0.017857142857142856,28,1.4285714285714286,0.39285714285714285,0.042105263157894646,0.19415204678362571,1.75,0.14285714285714285,0.004299626685678959
002,0.5,16,0.015625,28,1.1785714285714286,0.42857142857142855,0.243502051983584,0.2148148148148148,1.75,0.14285714285714285,0.00038486532866954803
002,0.5,20,0.0125,28,1.6071428571428572,0.35714285714285715,-0.1408083441981749,0.16,1.75,0.14285714285714285,0.0049284519627690315
002,0.5,25,0.01,28,1.6785714285714286,0.35714285714285715,-0.06933911159263273,0.1636781609195402,1.75,0.14285714285714285,2.1490533981705084e-05
002,0.5,30,0.008333333333333333,28,1.7142857142857142,0.2857142857142857,0.027872860635696717,0.14933333333333332,1.75,0.14285714285714285,1.618010901438538e-05
002,0.5,40,0.00625,28,1.2857142857142858,0.32142857142857145,0.3329639889196677,0.1688888888888889,1.75,0.14285714285714285,0.004538854584097862
002,0.5,50,0.005,28,1.3214285714285714,0.39285714285714285,0.26119402985074625,0.19782135076252721,1.75,0.14285714285714285,0.0013494007289409637
002,0.5,60,0.004166666666666667,28,1.3214285714285714,0.32142857142857145,0.27304550758459745,0.1688888888888889,1.75,0.14285714285714285,9.933472028933465e-06
002,1.0,1,0.5,28,1.6071428571428572,0.42857142857142855,-0.0010917030567685337,0.20571428571428568,1.75,0.14285714285714285,1.688783595454879e-05
002,1.0,2,0.25,28,1.6785714285714286,0.39285714285714285,-0.06674082313681873,0.16489028213166143,1.75,0.14285714285714285,0.003894336987286806
002,1.0,3,0.16666666666666666,28,1.3571428571428572,0.25,0.14035087719298256,0.13999999999999999,1.75,0.14285714285714285,0.005267858039587736
002,1.0,4,0.125,28,1.3571428571428572,0.25,0.14035087719298256,0.13999999999999999,1.75,0.14285714285714285,6.292305624810979e-05
002,1.0,5,0.1,28,1.25,0.25,0.2548725637181408,0.13999999999999999,1.75,0.14285714285714285,0.0001298862771363929
002,1.0,6,0.08333333333333333,28,1.5,0.14285714285714285,0.003236245954692629,0.09411764705882353,1.75,0.14285714285714285,0.004338092636317015
002,1.0,8,0.0625,28,1.4642857142857142,0.32142857142857145,0.013947001394700065,0.1681917211328976,1.75,0.14285714285714285,0.016577616333961487
002,1.0,10,0.05,28,1.5,0.2857142857142857,-0.011331444759206777,0.15565610859728507,1.75,0.14285714285714285,0.019305845722556114
002,1.0,12,0.041666666666666664,28,1.5714285714285714,0.2857142857142857,-0.06060606060606055,0.15042735042735042,1.75,0.14285714285714285,5.0045862735714763e-05
002,1.0,14,0.03571428571428571,28,1.3928571428571428,0.39285714285714285,0.08454425363276086,0.19415204678362571,1.75,0.14285714285714285,0.0007870307308621705
002,1.0,16,0.03125,28,1.2142857142857142,0.42857142857142855,0.21798365122615793,0.2148148148148148,1.75,0.14285714285714285,0.001037517562508583
002,1.0,20,0.025,28,1.6428571428571428,0.35714285714285715,-0.15445026178010468,0.16091081593927894,1.75,0.14285714285714285,0.00014416225894819945
002,1.0,25,0.02,28,1.6428571428571428,0.35714285714285715,-0.044432254525507364,0.1676190476190476,1.75,0.14285714285714285,0.011827805079519749
002,1.0,30,0.016666666666666666,28,1.4642857142857142,0.35714285714285715,0.18788501026694038,0.1837037037037037,1.75,0.14285714285714285,0.03216494992375374
002,1.0,40,0.0125,28,1.1428571428571428,0.4642857142857143,0.3436249285305888,0.20903225806451614,1.75,0.14285714285714285,0.0001510597940068692
002,1.0,50,0.01,28,1.25,0.39285714285714285,0.3344262295081968,0.19411764705882353,1.75,0.14285714285714285,0.0002357671328354627
002,1.0,60,0.008333333333333333,28,1.25,0.35714285714285715,0.3267670915411355,0.1837037037037037,1.75,0.14285714285714285,0.004604639019817114
002,2.0,1,1.0,28,1.6785714285714286,0.39285714285714285,-0.022058823529411686,0.13333333333333333,1.75,0.14285714285714285,0.00027932433295063674
002,2.0,2,0.5,28,1.6071428571428572,0.39285714285714285,-0.027303754266211788,0.16883116883116883,1.75,0.14285714285714285,0.00027307929121889174
002,2.0,3,0.3333333333333333,28,1.4285714285714286,0.25,0.08695652173913038,0.13999999999999999,1.75,0.14285714285714285,0.00012158650497440249
002,2.0,4,0.25,28,1.4642857142857142,0.21428571428571427,0.054628224582701,0.13333333333333333,1.75,0.14285714285714285,0.0001859474286902696
002,2.0,5,0.2,28,1.3214285714285714,0.21428571428571427,0.18456883509833588,0.12631578947368421,1.75,0.14285714285714285,0.006813111715018749
002,2.0,6,0.16666666666666666,28,1.4642857142857142,0.14285714285714285,0.04186795491143325,0.09411764705882353,1.75,0.14285714285714285,0.007014583330601454
002,2.0,8,0.125,28,1.5,0.2857142857142857,-0.011331444759206777,0.15565610859728507,1.75,0.14285714285714285,0.010356602258980274
002,2.0,10,0.1,28,1.4642857142857142,0.2857142857142857,0.02302158273381283,0.15811764705882353,1.75,0.14285714285714285,1.796017022570595e-05
002,2.0,12,0.08333333333333333,28,1.4642857142857142,0.2857142857142857,0.02302158273381283,0.15811764705882353,1.75,0.14285714285714285,0.0002120908029610291
002,2.0,14,0.07142857142857142,28,1.4642857142857142,0.32142857142857145,0.03809523809523807,0.16926315789473684,1.75,0.14285714285714285,0.0020890661980956793
002,2.0,16,0.0625,28,1.2857142857142858,0.39285714285714285,0.1707988980716254,0.20341880341880342,1.75,0.14285714285714285,0.0001496258337283507
002,2.0,20,0.05,28,1.5,0.32142857142857145,-0.027700831024930705,0.15775862068965515,1.75,0.14285714285714285,0.00016821316967252642
002,2.0,25,0.04,28,1.5357142857142858,0.32142857142857145,0.029620853080568832,0.16084656084656085,1.75,0.14285714285714285,0.001434395438991487
002,2.0,30,0.03333333333333333,28,1.3214285714285714,0.42857142857142855,0.1547479484173505,0.18617511520737326,1.75,0.14285714285714285,7.15591522748582e-05
002,2.0,40,0.025,28,1.1071428571428572,0.5,0.2973977695167287,0.2025974025974026,1.75,0.14285714285714285,3.8263475289568305e-05
002,2.0,50,0.02,28,1.1785714285714286,0.42857142857142855,0.3337250293772034,0.2523041474654378,1.75,0.14285714285714285,5.1289869588799775e-05
002,2.0,60,0.016666666666666666,28,1.1071428571428572,0.42857142857142855,0.3667905824039652,0.20571428571428568,1.75,0.14285714285714285,0.00015322766557801515
002,3.0,1,1.5,28,1.6428571428571428,0.39285714285714285,-0.02178649237472774,0.18333333333333332,1.75,0.14285714285714285,0.00023350544506683946
002,3.0,2,0.75,28,1.6071428571428572,0.39285714285714285,-0.027303754266211788,0.16883116883116883,1.75,0.14285714285714285,0.008274477906525135
002,3.0,3,0.5,28,1.5,0.21428571428571427,0.026627218934911268,0.12631578947368421,1.75,0.14285714285714285,0.001472403877414763
002,3.0,4,0.375,28,1.4285714285714286,0.21428571428571427,0.08231707317073167,0.13333333333333333,1.75,0.14285714285714285,0.0002914399956353009
002,3.0,5,0.3,28,1.3928571428571428,0.17857142857142858,0.11544461778471138,0.11111111111111112,1.75,0.14285714285714285,0.0001502231025369838
002,3.0,6,0.25,28,1.4642857142857142,0.14285714285714285,0.04186795491143325,0.09411764705882353,1.75,0.14285714285714285,0.0001260718854609877
002,3.0,8,0.1875,28,1.4642857142857142,0.2857142857142857,0.02302158273381283,0.15811764705882353,1.75,0.14285714285714285,8.673387128510512e-06
002,3.0,10,0.15,28,1.4285714285714286,0.2857142857142857,0.05730659025787965,0.15811764705882353,1.75,0.14285714285714285,2.6935813366435468e-05
002,3.0,12,0.125,28,1.4285714285714286,0.2857142857142857,0.05730659025787965,0.15811764705882353,1.75,0.14285714285714285,0.0003726914874278009
002,3.0,14,0.10714285714285714,28,1.3928571428571428,0.32142857142857145,0.08951048951048945,0.17511111111111113,1.75,0.14285714285714285,0.00204848381690681
002,3.0,16,0.09375,28,1.3214285714285714,0.35714285714285715,0.14825174825174825,0.19111111111111112,1.75,0.14285714285714285,0.006954546086490154
002,3.0,20,0.075,28,1.5,0.32142857142857145,-0.019230769230769162,0.16554621848739495,1.75,0.14285714285714285,0.000558301224373281
002,3.0,25,0.06,28,1.6785714285714286,0.2857142857142857,-0.15325670498084287,0.1298850574712644,1.75,0.14285714285714285,0.00013785572082269937
002,3.0,30,0.05,28,1.3571428571428572,0.42857142857142855,0.031331592689295196,0.2956989247311828,1.75,0.14285714285714285,5.08902630826924e-05
002,3.0,40,0.0375,28,1.1071428571428572,0.5357142857142857,0.27556109725685785,0.2015873015873016,1.75,0.14285714285714285,0.0066075921058654785
002,3.0,50,0.03,28,1.0714285714285714,0.5,0.33333333333333337,0.21904761904761902,1.75,0.14285714285714285,0.013165228068828583
002,3.0,60,0.025,28,1.1071428571428572,0.4642857142857143,0.3260590500641849,0.2147465437788018,1.75,0.14285714285714285,0.01817227154970169
002,5.0,1,2.5,28,1.5357142857142858,0.35714285714285715,0.04958677685950408,0.17482517482517484,1.75,0.14285714285714285,0.0005587557679973543
002,5.0,2,1.25,28,1.5714285714285714,0.35714285714285715,-0.016666666666666607,0.1585185185185185,1.75,0.14285714285714285,0.001397845451720059
002,5.0,3,0.8333333333333334,28,1.5,0.17857142857142858,0.01869158878504662,0.11764705882352941,1.75,0.14285714285714285,0.001107891439460218
002,5.0,4,0.625,28,1.4642857142857142,0.21428571428571427,0.037094281298299725,0.1386996904024768,1.75,0.14285714285714285,0.0005562545848079026
002,5.0,5,0.5,28,1.3571428571428572,0.17857142857142858,0.14743589743589736,0.11764705882352941,1.75,0.14285714285714285,0.0015290235169231892
002,5.0,6,0.4166666666666667,28,1.4285714285714286,0.17857142857142858,0.07836990595611282,0.11111111111111112,1.75,0.14285714285714285,0.0021345787681639194
002,5.0,8,0.3125,28,1.4285714285714286,0.2857142857142857,0.05730659025787965,0.15811764705882353,1.75,0.14285714285714285,0.008208693005144596
002,5.0,10,0.25,28,1.4285714285714286,0.2857142857142857,0.05730659025787965,0.15811764705882353,1.75,0.14285714285714285,0.001161065069027245
002,5.0,12,0.20833333333333334,28,1.4285714285714286,0.2857142857142857,0.05730659025787965,0.15811764705882353,1.75,0.14285714285714285,0.001987979281693697
002,5.0,14,0.17857142857142858,28,1.3571428571428572,0.32142857142857145,0.12499999999999989,0.17777777777777776,1.75,0.14285714285714285,2.8669584935414605e-05
002,5.0,16,0.15625,28,1.3214285714285714,0.35714285714285715,0.14825174825174825,0.19111111111111112,1.75,0.14285714285714285,0.00045348555431701243
002,5.0,20,0.125,28,1.3928571428571428,0.32142857142857145,0.08180535966149516,0.17104072398190046,1.75,0.14285714285714285,0.0002235388965345919
002,5.0,25,0.1,28,1.5714285714285714,0.32142857142857145,-0.1428571428571428,0.1303030303030303,1.75,0.14285714285714285,0.012080779299139977
002,5.0,30,0.08333333333333333,28,1.3571428571428572,0.4642857142857143,0.013812154696132728,0.16306306306306306,1.75,0.14285714285714285,0.03414706140756607
002,5.0,40,0.0625,28,1.1785714285714286,0.4642857142857143,0.17588652482269507,0.17047619047619048,1.75,0.14285714285714285,0.0002709062537178397
002,5.0,50,0.05,28,1.1071428571428572,0.42857142857142855,0.2910128388017118,0.18653846153846154,1.75,0.14285714285714285,0.00490835215896368
002,5.0,60,0.041666666666666664,28,1.0,0.5714285714285714,0.34375,0.3047619047619048,1.75,0.14285714285714285,0.00024623816716484725
003,0.01,1,0.005,37,1.4054054054054055,0.32432432432432434,0.235361653272101,0.29279896574014225,1.2162162162162162,0.35135135135135137,1.0733957722663945e-08
003,0.01,2,0.0025,37,1.162162162162162,0.3783783783783784,0.5215304626049859,0.24807987711213517,1.2162162162162162,0.35135135135135137,1.513889813509195e-08
003,0.01,3,0.0016666666666666668,37,1.1081081081081081,0.43243243243243246,0.5392580941145628,0.30485643388869194,1.2162162162162162,0.35135135135135137,1.3180676994295482e-08
003,0.01,4,0.00125,37,0.9459459459459459,0.43243243243243246,0.6765357267746823,0.2381231671554252,1.2162162162162162,0.35135135135135137,1.5712744882989682e-08
003,0.01,5,0.001,37,0.972972972972973,0.40540540540540543,0.6801920768307324,0.22857142857142856,1.2162162162162162,0.35135135135135137,3.89641847675648e-08
003,0.01,6,0.0008333333333333334,37,0.8918918918918919,0.40540540540540543,0.7237115926061941,0.23316912972085388,1.2162162162162162,0.35135135135135137,6.598730806217645e-08
003,0.01,8,0.000625,37,0.7297297297297297,0.4864864864864865,0.7949050595589102,0.2712643678160919,1.2162162162162162,0.35135135135135137,2.1296195029663068e-07
003,0.01,10,0.0005,37,0.5945945945945946,0.5675675675675675,0.8426647767540751,0.3535238095238095,1.2162162162162162,0.35135135135135137,7.129606274247635e-06
003,0.01,12,0.0004166666666666667,37,0.6216216216216216,0.5405405405405406,0.840200770398039,0.3176823176823177,1.2162162162162162,0.35135135135135137,8.375786819669884e-06
003,0.01,14,0.00035714285714285714,37,0.6216216216216216,0.5405405405405406,0.840200770398039,0.3176823176823177,1.2162162162162162,0.35135135135135137,1.6983280147542246e-05
003,0.01,16,0.0003125,37,0.6756756756756757,0.5135135135135135,0.807966203983102,0.30769230769230765,1.2162162162162162,0.35135135135135137,1.7884356566355564e-05
003,0.01,20,0.00025,37,0.7297297297297297,0.4864864864864865,0.7734599525178059,0.29846153846153844,1.2162162162162162,0.35135135135135137,3.7615060136886314e-05
003,0.01,25,0.0002,37,0.5675675675675675,0.5405405405405406,0.8615570307785154,0.3230769230769231,1.2162162162162162,0.35135135135135137,6.205165846040472e-05
003,0.01,30,0.00016666666666666666,37,0.5945945945945946,0.5405405405405406,0.8476628723661904,0.32564102564102565,1.2162162162162162,0.35135135135135137,9.667445556260645e-05
003,0.01,40,0.000125,37,0.7297297297297297,0.43243243243243246,0.7858732749666122,0.3548717948717949,1.2162162162162162,0.35135135135135137,0.00011960161646129563
003,0.01,50,0.0001,37,0.7567567567567568,0.43243243243243246,0.7567244471010162,0.3434920634920634,1.2162162162162162,0.35135135135135137,0.0001504002430010587
003,0.01,60,8.333333333333333e-05,37,0.7297297297297297,0.4864864864864865,0.7692947207981156,0.364935064935065,1.2162162162162162,0.35135135135135137,0.00016958636115305126
003,0.01,75,6.666666666666667e-05,37,0.9459459459459459,0.3783783783783784,0.611624627917907,0.3587301587301587,1.2162162162162162,0.35135135135135137,0.00019623014668468386
003,0.05,1,0.025,37,1.3513513513513513,0.35135135135135137,0.24534436890334022,0.3120448179271709,1.2162162162162162,0.35135135135135137,1.2016102779455196e-08
003,0.05,2,0.0125,37,1.135135135135135,0.3783783783783784,0.5429590996431513,0.2641379310344828,1.2162162162162162,0.35135135135135137,1.1953046850976534e-05
003,0.05,3,0.008333333333333333,37,1.1081081081081081,0.40540540540540543,0.5564006703622534,0.271889400921659,1.2162162162162162,0.35135135135135137,1.3557975186984095e-08
003,0.05,4,0.00625,37,0.8918918918918919,0.4594594594594595,0.692352734512238,0.25507246376811593,1.2162162162162162,0.35135135135135137,3.8080395370343467e-07
003,0.05,5,0.005,37,0.918918918918919,0.40540540540540543,0.7027750730282376,0.23316912972085388,1.2162162162162162,0.35135135135135137,5.616128078145266e-07
003,0.05,6,0.004166666666666667,37,0.8648648648648649,0.40540540540540543,0.7381649585163494,0.23316912972085388,1.2162162162162162,0.35135135135135137,1.0912444992072778e-07
003,0.05,8,0.003125,37,0.7297297297297297,0.4864864864864865,0.7949050595589102,0.2712643678160919,1.2162162162162162,0.35135135135135137,2.6990861101694463e-07
003,0.05,10,0.0025,37,0.6216216216216216,0.5405405405405406,0.8377769877947624,0.32322077922077924,1.2162162162162162,0.35135135135135137,2.6427779076243496e-08
003,0.05,12,0.0020833333333333333,37,0.6216216216216216,0.5405405405405406,0.840200770398039,0.3176823176823177,1.2162162162162162,0.35135135135135137,2.9203963691770696e-08
003,0.05,14,0.0017857142857142859,37,0.6216216216216216,0.5405405405405406,0.840200770398039,0.3176823176823177,1.2162162162162162,0.35135135135135137,3.1495648755708316e-08
003,0.05,16,0.0015625,37,0.6756756756756757,0.5135135135135135,0.807966203983102,0.30769230769230765,1.2162162162162162,0.35135135135135137,3.380417723519713e-08
003,0.05,20,0.00125,37,0.7297297297297297,0.4864864864864865,0.7734599525178059,0.29846153846153844,1.2162162162162162,0.35135135135135137,5.1091188169039015e-08
003,0.05,25,0.001,37,0.5945945945945946,0.5405405405405406,0.8507002136244957,0.3199430199430199,1.2162162162162162,0.35135135135135137,2.7339459052200255e-07
003,0.05,30,0.0008333333333333334,37,0.6216216216216216,0.5405405405405406,0.8370044052863437,0.322973322973323,1.2162162162162162,0.35135135135135137,4.352324367573601e-07
003,0.05,40,0.000625,37,0.7297297297297297,0.43243243243243246,0.7858732749666122,0.3548717948717949,1.2162162162162162,0.35135135135135137,2.0858944935753243e-06
003,0.05,50,0.0005,37,0.6756756756756757,0.4594594594594595,0.8041143548631069,0.38417582417582413,1.2162162162162162,0.35135135135135137,7.295795057871146e-06
003,0.05,60,0.0004166666666666667,37,0.6756756756756757,0.5135135135135135,0.7860064889265058,0.4,1.2162162162162162,0.35135135135135137,1.526876621937845e-05
003,0.05,75,0.0003333333333333334,37,0.9459459459459459,0.35135135135135137,0.6096412919980523,0.3260834360147862,1.2162162162162162,0.35135135135135137,6.577110070793424e-06
003,0.1,1,0.05,37,1.3513513513513513,0.35135135135135137,0.24534436890334022,0.3120448179271709,1.2162162162162162,0.35135135135135137,1.9020571784267304e-08
003,0.1,2,0.025,37,1.135135135135135,0.3783783783783784,0.5356943669827106,0.2560224089635854,1.2162162162162162,0.35135135135135137,2.6209734642179683e-05
003,0.1,3,0.016666666666666666,37,1.054054054054054,0.40540540540540543,0.6011976047904191,0.28078817733990147,1.2162162162162162,0.35135135135135137,1.5343094617037423e-07
003,0.1,4,0.0125,37,0.8648648648648649,0.4594594594594595,0.7186980280351628,0.25967016491754125,1.2162162162162162,0.35135135135135137,3.959518835472409e-06
003,0.1,5,0.01,37,0.918918918918919,0.40540540540540543,0.7027750730282376,0.23316912972085388,1.2162162162162162,0.35135135135135137,5.561595912695338e-07
003,0.1,6,0.008333333333333333,37,0.8648648648648649,0.40540540540540543,0.7381649585163494,0.23316912972085388,1.2162162162162162,0.35135135135135137,4.4871075743913025e-08
003,0.1,8,0.00625,37,0.7027027027027027,0.4864864864864865,0.8140703517587939,0.2761904761904762,1.2162162162162162,0.35135135135135137,1.500520738773048e-07
003,0.1,10,0.005,37,0.6486486486486487,0.5135135135135135,0.8313744303190214,0.3095238095238095,1.2162162162162162,0.35135135135135137,2.5206448484027533e-08
003,0.1,12,0.004166666666666667,37,0.6216216216216216,0.5405405405405406,0.840200770398039,0.3176823176823177,1.2162162162162162,0.35135135135135137,2.432735790591778e-08
003,0.1,14,0.0035714285714285718,37,0.6216216216216216,0.5405405405405406,0.840200770398039,0.3176823176823177,1.2162162162162162,0.35135135135135137,2.9067756202039163e-08
003,0.1,16,0.003125,37,0.6756756756756757,0.5135135135135135,0.807966203983102,0.30769230769230765,1.2162162162162162,0.35135135135135137,3.0546292606459247e-08
003,0.1,20,0.0025,37,0.7297297297297297,0.4864864864864865,0.7734599525178059,0.29846153846153844,1.2162162162162162,0.35135135135135137,3.919377178362993e-08
003,0.1,25,0.002,37,0.5945945945945946,0.5405405405405406,0.8507002136244957,0.3199430199430199,1.2162162162162162,0.35135135135135137,4.0686568780756716e-08
003,0.1,30,0.0016666666666666668,37,0.6216216216216216,0.5405405405405406,0.8370044052863437,0.322973322973323,1.2162162162162162,0.35135135135135137,4.8985679512725255e-08
003,0.1,40,0.00125,37,0.7027027027027027,0.4594594594594595,0.7875491084919914,0.3896769896769897,1.2162162162162162,0.35135135135135137,4.8552465159446e-08
003,0.1,50,0.001,37,0.6756756756756757,0.4594594594594595,0.8041143548631069,0.38417582417582413,1.2162162162162162,0.35135135135135137,9.897838282313387e-08
003,0.1,60,0.0008333333333333334,37,0.6756756756756757,0.5135135135135135,0.7860064889265058,0.4,1.2162162162162162,0.35135135135135137,4.1508889125907444e-07
003,0.1,75,0.0006666666666666668,37,0.8918918918918919,0.40540540540540543,0.622876557191393,0.37590187590187585,1.2162162162162162,0.35135135135135137,1.31242657630537e-07
003,0.2,1,0.1,37,1.3513513513513513,0.35135135135135137,0.24534436890334022,0.3120448179271709,1.2162162162162162,0.35135135135135137,3.8775934285695257e-07
003,0.2,2,0.05,37,1.1081081081081081,0.35135135135135137,0.5476506112829578,0.25022222222222223,1.2162162162162162,0.35135135135135137,9.206378308590502e-06
003,0.2,3,0.03333333333333333,37,1.027027027027027,0.40540540540540543,0.6135511515800749,0.28078817733990147,1.2162162162162162,0.35135135135135137,6.177803157925155e-08
003,0.2,4,0.025,37,0.8648648648648649,0.43243243243243246,0.7284735812133073,0.25507246376811593,1.2162162162162162,0.35135135135135137,1.6780744772404432e-05
003,0.2,5,0.02,37,0.918918918918919,0.40540540540540543,0.7103718199608611,0.23768115942028983,1.2162162162162162,0.35135135135135137,5.7257270924537806e-08
003,0.2,6,0.016666666666666666,37,0.8108108108108109,0.43243243243243246,0.7646771037181996,0.251948051948052,1.2162162162162162,0.35135135135135137,1.0244087889077491e-06
003,0.2,8,0.0125,37,0.7027027027027027,0.4864864864864865,0.8140703517587939,0.2761904761904762,1.2162162162162162,0.35135135135135137,1.2941280829181778e-06
003,0.2,10,0.01,37,0.6486486486486487,0.5135135135135135,0.8287454323995128,0.3153209109730849,1.2162162162162162,0.35135135135135137,5.260172741827773e-08
003,0.2,12,0.008333333333333333,37,0.6486486486486487,0.5135135135135135,0.8339239310181904,0.30419047619047623,1.2162162162162162,0.35135135135135137,2.2173288982685335e-08
003,0.2,14,0.0071428571428571435,37,0.6216216216216216,0.5405405405405406,0.840200770398039,0.3176823176823177,1.2162162162162162,0.35135135135135137,2.818813094052075e-08
003,0.2,16,0.00625,37,0.6756756756756757,0.5135135135135135,0.807966203983102,0.30769230769230765,1.2162162162162162,0.35135135135135137,3.058991993043492e-08
003,0.2,20,0.005,37,0.7297297297297297,0.4864864864864865,0.7740246790477378,0.30036630036630035,1.2162162162162162,0.35135135135135137,3.4711071350557177e-08
003,0.2,25,0.004,37,0.5945945945945946,0.5405405405405406,0.8507002136244957,0.3199430199430199,1.2162162162162162,0.35135135135135137,3.703419793055218e-08
003,0.2,30,0.0033333333333333335,37,0.6216216216216216,0.5405405405405406,0.8370044052863437,0.322973322973323,1.2162162162162162,0.35135135135135137,4.7038628991913356e-08
003,0.2,40,0.0025,37,0.7027027027027027,0.4594594594594595,0.7875491084919914,0.3896769896769897,1.2162162162162162,0.35135135135135137,4.9441684524254015e-08
003,0.2,50,0.002,37,0.6756756756756757,0.4594594594594595,0.8041143548631069,0.38417582417582413,1.2162162162162162,0.35135135135135137,4.839921885491094e-08
003,0.2,60,0.0016666666666666668,37,0.6756756756756757,0.5135135135135135,0.7860064889265058,0.4,1.2162162162162162,0.35135135135135137,4.895562710771628e-08
003,0.2,75,0.0013333333333333335,37,0.8918918918918919,0.40540540540540543,0.6348112172959424,0.3753968253968254,1.2162162162162162,0.35135135135135137,5.5918050634318206e-08
003,0.5,1,0.25,37,1.2972972972972974,0.3783783783783784,0.2855020796197266,0.34668940039784035,1.2162162162162162,0.35135135135135137,0.0002586888731457293
003,0.5,2,0.125,37,1.162162162162162,0.2972972972972973,0.5274229902329075,0.2141025641025641,1.2162162162162162,0.35135135135135137,7.028342224657536e-05
003,0.5,3,0.08333333333333333,37,0.972972972972973,0.40540540540540543,0.6508465167915627,0.29714285714285715,1.2162162162162162,0.35135135135135137,3.990532786701806e-05
003,0.5,4,0.0625,37,0.9459459459459459,0.43243243243243246,0.6818457066731258,0.25,1.2162162162162162,0.35135135135135137,6.497527465398889e-06
003,0.5,5,0.05,37,0.972972972972973,0.40540540540540543,0.6733692986758215,0.23768115942028983,1.2162162162162162,0.35135135135135137,3.7318219256121665e-05
003,0.5,6,0.041666666666666664,37,0.8378378378378378,0.40540540540540543,0.7565487274984481,0.24242424242424238,1.2162162162162162,0.35135135135135137,5.754469384555705e-05
003,0.5,8,0.03125,37,0.7027027027027027,0.4864864864864865,0.8140703517587939,0.2761904761904762,1.2162162162162162,0.35135135135135137,3.9112172089517117e-05
003,0.5,10,0.025,37,0.6756756756756757,0.5135135135135135,0.8162770982196924,0.3153209109730849,1.2162162162162162,0.35135135135135137,7.2579796324134804e-06
003,0.5,12,0.020833333333333332,37,0.6216216216216216,0.5405405405405406,0.8363419007770472,0.33772893772893775,1.2162162162162162,0.35135135135135137,1.885569690784905e-05
003,0.5,14,0.017857142857142856,37,0.6216216216216216,0.5405405405405406,0.840200770398039,0.3176823176823177,1.2162162162162162,0.35135135135135137,5.01082604387193e-06
003,0.5,16,0.015625,37,0.6486486486486487,0.5135135135135135,0.8277804997550221,0.3132307692307692,1.2162162162162162,0.35135135135135137,9.704843978397548e-05
003,0.5,20,0.0125,37,0.7027027027027027,0.4864864864864865,0.8005879470847623,0.29723076923076924,1.2162162162162162,0.35135135135135137,2.3054134601352416e-07
003,0.5,25,0.01,37,0.5945945945945946,0.5405405405405406,0.8507002136244957,0.3199430199430199,1.2162162162162162,0.35135135135135137,6.319960732525942e-08
003,0.5,30,0.008333333333333333,37,0.6216216216216216,0.5405405405405406,0.8370044052863437,0.322973322973323,1.2162162162162162,0.35135135135135137,4.7127187485784816e-08
003,0.5,40,0.00625,37,0.6486486486486487,0.4864864864864865,0.8061633281972265,0.4189810189810189,1.2162162162162162,0.35135135135135137,4.0795718803110503e-08
003,0.5,50,0.005,37,0.6486486486486487,0.4594594594594595,0.8181259600614439,0.3897142857142857,1.2162162162162162,0.35135135135135137,4.1967943786858086e-08
003,0.5,60,0.004166666666666667,37,0.5945945945945946,0.5405405405405406,0.8315310187820149,0.48911088911088907,1.2162162162162162,0.35135135135135137,4.6877033810233115e-08
003,0.5,75,0.0033333333333333335,37,0.6756756756756757,0.4864864864864865,0.7780119993513864,0.48019480519480523,1.2162162162162162,0.35135135135135137,1.5982095646904781e-07
003,1.0,1,0.5,37,1.2972972972972974,0.3783783783783784,0.2855020796197266,0.34668940039784035,1.2162162162162162,0.35135135135135137,0.0007079876377247274
003,1.0,2,0.25,37,1.162162162162162,0.2972972972972973,0.5206523395823808,0.21932758317197676,1.2162162162162162,0.35135135135135137,0.0006688266294077039
003,1.0,3,0.16666666666666666,37,0.972972972972973,0.3783783783783784,0.6394382344511321,0.2693533834586466,1.2162162162162162,0.35135135135135137,7.102624408616975e-07
003,1.0,4,0.125,37,0.9459459459459459,0.40540540540540543,0.6818940074425767,0.27476943346508564,1.2162162162162162,0.35135135135135137,9.745445822773036e-06
003,1.0,5,0.1,37,0.972972972972973,0.35135135135135137,0.69429382907307,0.2210144927536232,1.2162162162162162,0.35135135135135137,6.961579401831841e-06
003,1.0,6,0.08333333333333333,37,0.8378378378378378,0.43243243243243246,0.7461010605115408,0.2602006688963211,1.2162162162162162,0.35135135135135137,0.0014498771633952856
003,1.0,8,0.0625,37,0.7027027027027027,0.4864864864864865,0.8140703517587939,0.2761904761904762,1.2162162162162162,0.35135135135135137,7.461232598870993e-05
003,1.0,10,0.05,37,0.6756756756756757,0.5135135135135135,0.8162770982196924,0.3153209109730849,1.2162162162162162,0.35135135135135137,0.0010852270061150193
003,1.0,12,0.041666666666666664,37,0.6486486486486487,0.5135135135135135,0.8313744303190214,0.3095238095238095,1.2162162162162162,0.35135135135135137,0.0005444952403195202
003,1.0,14,0.03571428571428571,37,0.5945945945945946,0.5675675675675675,0.8426647767540751,0.3535238095238095,1.2162162162162162,0.35135135135135137,2.7172465706826188e-05
003,1.0,16,0.03125,37,0.6486486486486487,0.5135135135135135,0.8282013685239492,0.31579487179487176,1.2162162162162162,0.35135135135135137,0.0002101330173900351
003,1.0,20,0.025,37,0.6486486486486487,0.4864864864864865,0.8372434017595308,0.2997948717948718,1.2162162162162162,0.35135135135135137,1.4504025784844998e-05
003,1.0,25,0.02,37,0.5945945945945946,0.5405405405405406,0.8507002136244957,0.3199430199430199,1.2162162162162162,0.35135135135135137,1.1634177354835629e-07
003,1.0,30,0.016666666666666666,37,0.5945945945945946,0.5405405405405406,0.8483972041455772,0.3254814814814814,1.2162162162162162,0.35135135135135137,8.381558558312463e-08
003,1.0,40,0.0125,37,0.6486486486486487,0.4864864864864865,0.8061633281972265,0.4189810189810189,1.2162162162162162,0.35135135135135137,6.338476055134379e-08
003,1.0,50,0.01,37,0.6216216216216216,0.4864864864864865,0.8204726874315229,0.42451948051948046,1.2162162162162162,0.35135135135135137,5.669966185450903e-08
003,1.0,60,0.008333333333333333,37,0.5945945945945946,0.5405405405405406,0.8315310187820149,0.48911088911088907,1.2162162162162162,0.35135135135135137,4.7954337389910506e-08
003,1.0,75,0.006666666666666667,37,0.6486486486486487,0.5135135135135135,0.7874920229738354,0.49784302653867873,1.2162162162162162,0.35135135135135137,2.864274756575469e-05
003,2.0,1,1.0,37,1.2972972972972974,0.3783783783783784,0.2855020796197266,0.34668940039784035,1.2162162162162162,0.35135135135135137,0.000633307674434036
003,2.0,2,0.5,37,1.162162162162162,0.2972972972972973,0.4903265748336171,0.24634920634920637,1.2162162162162162,0.35135135135135137,0.00013677962124347687
003,2.0,3,0.3333333333333333,37,0.972972972972973,0.35135135135135137,0.6522760646108663,0.25802005012531326,1.2162162162162162,0.35135135135135137,0.0005918269162066281
003,2.0,4,0.25,37,0.9459459459459459,0.40540540540540543,0.6733668341708543,0.30719367588932806,1.2162162162162162,0.35135135135135137,0.003440223168581724
003,2.0,5,0.2,37,0.918918918918919,0.32432432432432434,0.7330304649919829,0.21343873517786563,1.2162162162162162,0.35135135135135137,0.0001136181817855686
003,2.0,6,0.16666666666666666,37,0.918918918918919,0.35135135135135137,0.7195504443282802,0.22608695652173916,1.2162162162162162,0.35135135135135137,1.795431126083713e-05
003,2.0,8,0.125,37,0.7027027027027027,0.4864864864864865,0.8140703517587939,0.2761904761904762,1.2162162162162162,0.35135135135135137,0.0006306824507191777
003,2.0,10,0.1,37,0.6756756756756757,0.5135135135135135,0.8162770982196924,0.3153209109730849,1.2162162162162162,0.35135135135135137,0.0001045512399286963
003,2.0,12,0.08333333333333333,37,0.6756756756756757,0.5135135135135135,0.8190816935002981,0.3095238095238095,1.2162162162162162,0.35135135135135137,0.0011687156511470675
003,2.0,14,0.07142857142857142,37,0.6486486486486487,0.5135135135135135,0.8313744303190214,0.3095238095238095,1.2162162162162162,0.35135135135135137,0.0008114689844660461
003,2.0,16,0.0625,37,0.6486486486486487,0.5135135135135135,0.8282013685239492,0.31579487179487176,1.2162162162162162,0.35135135135135137,2.0585910533554852e-05
003,2.0,20,0.05,37,0.6486486486486487,0.4864864864864865,0.8376401755241346,0.30282517482517485,1.2162162162162162,0.35135135135135137,8.480251949549711e-07
003,2.0,25,0.04,37,0.5945945945945946,0.5405405405405406,0.8507002136244957,0.3199430199430199,1.2162162162162162,0.35135135135135137,0.0027389817405492067
003,2.0,30,0.03333333333333333,37,0.5945945945945946,0.5405405405405406,0.8483972041455772,0.3254814814814814,1.2162162162162162,0.35135135135135137,2.273245081596542e-05
003,2.0,40,0.025,37,0.6486486486486487,0.4594594594594595,0.8160348042262274,0.3912527472527473,1.2162162162162162,0.35135135135135137,1.3602624449049472e-07
003,2.0,50,0.02,37,0.6216216216216216,0.4864864864864865,0.8210329224528008,0.41542857142857137,1.2162162162162162,0.35135135135135137,9.091880201594904e-06
003,2.0,60,0.016666666666666666,37,0.5675675675675675,0.5405405405405406,0.8467361805456364,0.4788717948717949,1.2162162162162162,0.35135135135135137,2.3152811081672553e-06
003,2.0,75,0.013333333333333334,37,0.7027027027027027,0.4594594594594595,0.7749679897567221,0.43581418581418585,1.2162162162162162,0.35135135135135137,4.3510877389962843e-07
003,3.0,1,1.5,37,1.2702702702702702,0.3783783783783784,0.3102162565249814,0.3525717533390168,1.2162162162162162,0.35135135135135137,0.012069445103406906
003,3.0,2,0.75,37,1.2162162162162162,0.2702702702702703,0.46576618537494185,0.19809523809523807,1.2162162162162162,0.35135135135135137,0.00045777796185575426
003,3.0,3,0.5,37,1.027027027027027,0.2972972972972973,0.6101642392314843,0.22857142857142856,1.2162162162162162,0.35135135135135137,0.00016340568254236132
003,3.0,4,0.375,37,1.1081081081081081,0.35135135135135137,0.5693550595645624,0.24364389233954453,1.2162162162162162,0.35135135135135137,0.00024237165052909404
003,3.0,5,0.3,37,1.0810810810810811,0.32432432432432434,0.6102106969205835,0.21343873517786563,1.2162162162162162,0.35135135135135137,0.0002417507057543844
003,3.0,6,0.25,37,0.8918918918918919,0.3783783783783784,0.7135678391959799,0.2649350649350649,1.2162162162162162,0.35135135135135137,0.007830415852367878
003,3.0,8,0.1875,37,0.7027027027027027,0.4594594594594595,0.826761951700345,0.27179487179487183,1.2162162162162162,0.35135135135135137,1.4955664937588153e-06
003,3.0,10,0.15,37,0.6756756756756757,0.4864864864864865,0.829195258889582,0.3109253065774805,1.2162162162162162,0.35135135135135137,3.094365092692897e-05
003,3.0,12,0.125,37,0.6486486486486487,0.5135135135135135,0.8388189738625363,0.31481481481481477,1.2162162162162162,0.35135135135135137,3.810855560004711e-05
003,3.0,14,0.10714285714285714,37,0.6486486486486487,0.5135135135135135,0.8388189738625363,0.31481481481481477,1.2162162162162162,0.35135135135135137,0.0032994698267430067
003,3.0,16,0.09375,37,0.6216216216216216,0.5135135135135135,0.8503126149319603,0.3188251748251748,1.2162162162162162,0.35135135135135137,0.0006285081035457551
003,3.0,20,0.075,37,0.6486486486486487,0.4864864864864865,0.8376401755241346,0.30282517482517485,1.2162162162162162,0.35135135135135137,1.4264977835409809e-05
003,3.0,25,0.06,37,0.5945945945945946,0.5405405405405406,0.8507002136244957,0.3199430199430199,1.2162162162162162,0.35135135135135137,0.00010204247519141063
003,3.0,30,0.05,37,0.5675675675675675,0.5675675675675675,0.8533333333333334,0.3536866096866097,1.2162162162162162,0.35135135135135137,6.570186542376177e-06
003,3.0,40,0.0375,37,0.6216216216216216,0.4864864864864865,0.8225282376605292,0.43274458874458877,1.2162162162162162,0.35135135135135137,0.001300700823776424
003,3.0,50,0.03,37,0.5135135135135135,0.5675675675675675,0.862453531598513,0.518090909090909,1.2162162162162162,0.35135135135135137,7.964183896547183e-05
003,3.0,60,0.025,37,0.5675675675675675,0.5405405405405406,0.8514467672712169,0.4734490071332177,1.2162162162162162,0.35135135135135137,0.0017418868374079466
003,3.0,75,0.02,37,0.5945945945945946,0.5405405405405406,0.8143036386449185,0.4953553113553114,1.2162162162162162,0.35135135135135137,5.795469041913748e-05
003,5.0,1,2.5,37,1.2432432432432432,0.3783783783783784,0.33145734597156395,0.3436828644501279,1.2162162162162162,0.35135135135135137,0.0014289566315710545
003,5.0,2,1.25,37,1.2432432432432432,0.2702702702702703,0.4427361154690932,0.19463203463203463,1.2162162162162162,0.35135135135135137,7.394982731057098e-06
003,5.0,3,0.8333333333333334,37,1.162162162162162,0.2972972972972973,0.4987060435378292,0.22142857142857145,1.2162162162162162,0.35135135135135137,0.0004891101852990687
003,5.0,4,0.625,37,1.135135135135135,0.35135135135135137,0.5402485143165856,0.2404761904761905,1.2162162162162162,0.35135135135135137,1.5124878700589761e-05
003,5.0,5,0.5,37,1.1081081081081081,0.32432432432432434,0.5681724564053274,0.22458592132505176,1.2162162162162162,0.35135135135135137,0.0010325253242626786
003,5.0,6,0.4166666666666667,37,1.027027027027027,0.35135135135135137,0.6187691450849346,0.2460402342755284,1.2162162162162162,0.35135135135135137,0.0002335933968424797
003,5.0,8,0.3125,37,0.8108108108108109,0.40540540540540543,0.7672955974842768,0.27424749163879597,1.2162162162162162,0.35135135135135137,0.0014556926907971501
003,5.0,10,0.25,37,0.6756756756756757,0.4864864864864865,0.829195258889582,0.3109253065774805,1.2162162162162162,0.35135135135135137,0.00031925641815178096
003,5.0,12,0.20833333333333334,37,0.6756756756756757,0.4864864864864865,0.8318801424536412,0.3051282051282051,1.2162162162162162,0.35135135135135137,0.00138591427821666
003,5.0,14,0.17857142857142858,37,0.6486486486486487,0.5135135135135135,0.8388189738625363,0.31481481481481477,1.2162162162162162,0.35135135135135137,0.0005222022300586104
003,5.0,16,0.15625,37,0.6486486486486487,0.4864864864864865,0.8434544549527128,0.30815850815850815,1.2162162162162162,0.35135135135135137,0.0001596795191289857
003,5.0,20,0.125,37,0.6756756756756757,0.43243243243243246,0.8446762498409872,0.28307246376811596,1.2162162162162162,0.35135135135135137,0.0005639356095343828
003,5.0,25,0.1,37,0.6216216216216216,0.5135135135135135,0.8440698374473209,0.3102564102564102,1.2162162162162162,0.35135135135135137,0.00025955072487704456
003,5.0,30,0.08333333333333333,37,0.5675675675675675,0.5405405405405406,0.8708007224563517,0.32564102564102565,1.2162162162162162,0.35135135135135137,0.0003057981957681477
003,5.0,40,0.0625,37,0.6216216216216216,0.4864864864864865,0.82453724950283,0.41648351648351645,1.2162162162162162,0.35135135135135137,1.9125476683257148e-05
003,5.0,50,0.05,37,0.4594594594594595,0.5945945945945946,0.8967441860465116,0.48989010989010995,1.2162162162162162,0.35135135135135137,0.0029711031820625067
003,5.0,60,0.041666666666666664,37,0.4594594594594595,0.5945945945945946,0.8930194134655101,0.5347188484030589,1.2162162162162162,0.35135135135135137,1.7403004676452838e-05
003,5.0,75,0.03333333333333333,37,0.5675675675675675,0.5405405405405406,0.8309970074027406,0.5039067599067599,1.2162162162162162,0.35135135135135137,0.0005796719342470169
004,0.01,1,0.005,34,0.9411764705882353,0.35294117647058826,-0.035363457760314354,0.23859649122807017,1.0,0.35294117647058826,0.070808045566082
004,0.01,2,0.0025,34,0.8529411764705882,0.38235294117647056,0.020942408376963373,0.2552631578947368,1.0,0.35294117647058826,2.308933289896231e-06
004,0.01,3,0.0016666666666666668,34,0.8823529411764706,0.38235294117647056,0.08016032064128253,0.20320855614973263,1.0,0.35294117647058826,0.0003098188026342541
004,0.01,4,0.00125,34,0.9705882352941176,0.3235294117647059,0.04949587534372124,0.2522577996715928,1.0,0.35294117647058826,1.5022794286778662e-05
004,0.01,5,0.001,34,0.9411764705882353,0.3235294117647059,0.13204225352112664,0.21344712259254991,1.0,0.35294117647058826,0.0004994968185201287
004,0.01,6,0.0008333333333333334,34,0.7941176470588235,0.47058823529411764,0.11056268509378075,0.36293103448275865,1.0,0.35294117647058826,1.3923936421633698e-05
004,0.01,8,0.000625,34,0.38235294117647056,0.6176470588235294,0.5185185185185186,0.6617283950617284,1.0,0.35294117647058826,0.0004163691191934049
004,0.01,10,0.0005,34,0.5588235294117647,0.4411764705882353,0.18639798488664983,0.4964262508122157,1.0,0.35294117647058826,6.234377360669896e-05
004,0.01,12,0.0004166666666666667,34,0.5294117647058824,0.47058823529411764,-0.04081632653061229,0.4631578947368421,1.0,0.35294117647058826,0.0014469827292487025
004,0.01,14,0.00035714285714285714,34,0.47058823529411764,0.5588235294117647,0.5671852899575672,0.41639433551198257,1.0,0.35294117647058826,0.0005773396114818752
004,0.01,16,0.0003125,34,0.47058823529411764,0.5588235294117647,0.4778156996587031,0.44880952380952377,1.0,0.35294117647058826,0.002322432352229953
004,0.01,20,0.00025,34,0.47058823529411764,0.5882352941176471,0.36329588014981273,0.5666666666666667,1.0,0.35294117647058826,0.0077478522434830666
004,0.01,25,0.0002,34,0.47058823529411764,0.5882352941176471,0.3359375,0.582972582972583,1.0,0.35294117647058826,4.978991455573123e-06
004,0.01,30,0.00016666666666666666,34,0.47058823529411764,0.5882352941176471,0.3359375,0.582972582972583,1.0,0.35294117647058826,1.4516575902234763e-05
004,0.01,40,0.000125,34,0.4411764705882353,0.5882352941176471,0.4065708418891171,0.6045855379188713,1.0,0.35294117647058826,2.88821647700388e-05
004,0.01,50,0.0001,34,0.35294117647058826,0.6470588235294118,0.5466666666666666,0.6888888888888888,1.0,0.35294117647058826,6.633739394601434e-05
004,0.01,60,8.333333333333333e-05,34,0.35294117647058826,0.6470588235294118,0.5526315789473684,0.6857142857142856,1.0,0.35294117647058826,4.759319926961325e-05
004,0.01,75,6.666666666666667e-05,34,0.47058823529411764,0.5588235294117647,0.388,0.561884236453202,1.0,0.35294117647058826,0.00010316848056390882
004,0.05,1,0.025,34,0.9117647058823529,0.4117647058823529,0.05797101449275366,0.27111111111111114,1.0,0.35294117647058826,2.906108056777157e-05
004,0.05,2,0.0125,34,0.7647058823529411,0.47058823529411764,0.03598691384950925,0.29825783972125436,1.0,0.35294117647058826,0.0006412531365640461
004,0.05,3,0.008333333333333333,34,0.8529411764705882,0.4117647058823529,0.07017543859649122,0.21764705882352944,1.0,0.35294117647058826,0.0001435134472558275
004,0.05,4,0.00625,34,0.9705882352941176,0.3235294117647059,0.04949587534372124,0.2522577996715928,1.0,0.35294117647058826,0.00041731828241609037
004,0.05,5,0.005,34,0.8529411764705882,0.38235294117647056,0.13282001924927822,0.3231318681318681,1.0,0.35294117647058826,0.0017190114594995975
004,0.05,6,0.004166666666666667,34,0.7941176470588235,0.47058823529411764,0.14434947768281092,0.3724867724867725,1.0,0.35294117647058826,0.001752627082169056
004,0.05,8,0.003125,34,0.4117647058823529,0.5882352941176471,0.5342465753424657,0.6544011544011544,1.0,0.35294117647058826,0.004908074624836445
004,0.05,10,0.0025,34,0.47058823529411764,0.5294117647058824,0.30434782608695654,0.5682539682539681,1.0,0.35294117647058826,0.0002950333582703024
004,0.05,12,0.0020833333333333333,34,0.47058823529411764,0.5294117647058824,0.30434782608695654,0.5682539682539681,1.0,0.35294117647058826,0.004206453915685415
004,0.05,14,0.0017857142857142859,34,0.5294117647058824,0.47058823529411764,0.5941644562334217,0.34595959595959597,1.0,0.35294117647058826,1.7006510688588605e-06
004,0.05,16,0.0015625,34,0.4117647058823529,0.5882352941176471,0.6059602649006623,0.6212418300653595,1.0,0.35294117647058826,3.09269962599501e-05
004,0.05,20,0.00125,34,0.5,0.5882352941176471,0.3079646017699115,0.5550446998722861,1.0,0.35294117647058826,7.13189137968584e-06
004,0.05,25,0.001,34,0.5294117647058824,0.5588235294117647,0.24444444444444446,0.5446428571428571,1.0,0.35294117647058826,0.00029383591026999056
004,0.05,30,0.0008333333333333334,34,0.5294117647058824,0.5588235294117647,0.24444444444444446,0.5446428571428571,1.0,0.35294117647058826,4.833449338548235e-07
004,0.05,40,0.000625,34,0.4411764705882353,0.5882352941176471,0.4065708418891171,0.6045855379188713,1.0,0.35294117647058826,3.86145195818699e-08
004,0.05,50,0.0005,34,0.35294117647058826,0.6470588235294118,0.5466666666666666,0.6888888888888888,1.0,0.35294117647058826,1.1188279103180321e-07
004,0.05,60,0.0004166666666666667,34,0.35294117647058826,0.6470588235294118,0.5526315789473684,0.6857142857142856,1.0,0.35294117647058826,2.040536060121667e-07
004,0.05,75,0.0003333333333333334,34,0.47058823529411764,0.5588235294117647,0.388,0.561884236453202,1.0,0.35294117647058826,6.037871571606956e-07
004,0.1,1,0.05,34,1.0,0.35294117647058826,0.013333333333333308,0.2333333333333333,1.0,0.35294117647058826,0.003828326240181923
004,0.1,2,0.025,34,0.8529411764705882,0.4411764705882353,0.03324584426946631,0.27,1.0,0.35294117647058826,0.00015102486941032112
004,0.1,3,0.016666666666666666,34,0.8529411764705882,0.4117647058823529,0.07017543859649122,0.21764705882352944,1.0,0.35294117647058826,0.005056279711425304
004,0.1,4,0.0125,34,1.0,0.29411764705882354,0.038321167883211604,0.237012987012987,1.0,0.35294117647058826,0.0004064682871103287
004,0.1,5,0.01,34,0.9117647058823529,0.38235294117647056,0.0831122900088418,0.2611721611721612,1.0,0.35294117647058826,0.001933754188939929
004,0.1,6,0.008333333333333333,34,0.7941176470588235,0.47058823529411764,0.14434947768281092,0.3724867724867725,1.0,0.35294117647058826,0.0007817097939550877
004,0.1,8,0.00625,34,0.47058823529411764,0.5294117647058824,0.4624505928853755,0.5395801331285203,1.0,0.35294117647058826,0.00047950161388143897
004,0.1,10,0.005,34,0.47058823529411764,0.5294117647058824,0.29715762273901813,0.5707070707070706,1.0,0.35294117647058826,6.259945075726137e-05
004,0.1,12,0.004166666666666667,34,0.47058823529411764,0.5294117647058824,0.29715762273901813,0.5707070707070706,1.0,0.35294117647058826,1.4196278243616689e-05
004,0.1,14,0.0035714285714285718,34,0.5588235294117647,0.47058823529411764,0.5440613026819924,0.33847167325428196,1.0,0.35294117647058826,7.033241126919165e-05
004,0.1,16,0.003125,34,0.4117647058823529,0.5882352941176471,0.6059602649006623,0.6212418300653595,1.0,0.35294117647058826,0.00026058137882500887
004,0.1,20,0.0025,34,0.5,0.5882352941176471,0.3079646017699115,0.5550446998722861,1.0,0.35294117647058826,2.0823317754548043e-06
004,0.1,25,0.002,34,0.5294117647058824,0.5588235294117647,0.24444444444444446,0.5446428571428571,1.0,0.35294117647058826,3.072422623517923e-05
004,0.1,30,0.0016666666666666668,34,0.5294117647058824,0.5588235294117647,0.24444444444444446,0.5446428571428571,1.0,0.35294117647058826,1.7927517603766319e-07
004,0.1,40,0.00125,34,0.4411764705882353,0.5882352941176471,0.4065708418891171,0.6045855379188713,1.0,0.35294117647058826,1.9031413955872267e-07
004,0.1,50,0.001,34,0.35294117647058826,0.6470588235294118,0.5466666666666666,0.6888888888888888,1.0,0.35294117647058826,8.722143007844352e-08
004,0.1,60,0.0008333333333333334,34,0.38235294117647056,0.6176470588235294,0.5121412803532008,0.6662609871534821,1.0,0.35294117647058826,8.314108157492228e-08
004,0.1,75,0.0006666666666666668,34,0.38235294117647056,0.6176470588235294,0.4988662131519275,0.6686868686868687,1.0,0.35294117647058826,8.422916408790115e-08
004,0.2,1,0.1,34,1.0,0.38235294117647056,0.034379671150971514,0.2543859649122807,1.0,0.35294117647058826,0.0005912830238230526
004,0.2,2,0.05,34,0.8823529411764706,0.4411764705882353,0.038269550748752046,0.2643734643734644,1.0,0.35294117647058826,0.00021315326739568263
004,0.2,3,0.03333333333333333,34,0.9117647058823529,0.35294117647058826,0.04494382022471921,0.2,1.0,0.35294117647058826,0.0003260711091570556
004,0.2,4,0.025,34,0.9117647058823529,0.35294117647058826,0.0832544938505203,0.27123655913978495,1.0,0.35294117647058826,0.0004568526637740433
004,0.2,5,0.02,34,0.8529411764705882,0.4117647058823529,0.11668185961713762,0.28433048433048436,1.0,0.35294117647058826,0.004147059749811888
004,0.2,6,0.016666666666666666,34,0.7647058823529411,0.47058823529411764,0.169921875,0.37884615384615383,1.0,0.35294117647058826,0.0014929263852536678
004,0.2,8,0.0125,34,0.5588235294117647,0.47058823529411764,0.327683615819209,0.4781238413051539,1.0,0.35294117647058826,0.001038967166095972
004,0.2,10,0.01,34,0.5294117647058824,0.47058823529411764,0.3433476394849786,0.5219421101774042,1.0,0.35294117647058826,0.0002359204227104783
004,0.2,12,0.008333333333333333,34,0.5588235294117647,0.47058823529411764,0.2816901408450705,0.494949494949495,1.0,0.35294117647058826,0.0037886016070842743
004,0.2,14,0.0071428571428571435,34,0.5294117647058824,0.5,0.5277777777777778,0.37483530961791833,1.0,0.35294117647058826,2.843443871825002e-05
004,0.2,16,0.00625,34,0.4117647058823529,0.5882352941176471,0.6059602649006623,0.6212418300653595,1.0,0.35294117647058826,4.3579864723142236e-05
004,0.2,20,0.005,34,0.5,0.5882352941176471,0.3079646017699115,0.5550446998722861,1.0,0.35294117647058826,0.006550897844135761
004,0.2,25,0.004,34,0.5294117647058824,0.5588235294117647,0.24444444444444446,0.5446428571428571,1.0,0.35294117647058826,0.0014206342166289687
004,0.2,30,0.0033333333333333335,34,0.5294117647058824,0.5588235294117647,0.24444444444444446,0.5446428571428571,1.0,0.35294117647058826,0.000601138744968921
004,0.2,40,0.0025,34,0.4117647058823529,0.6176470588235294,0.4035087719298245,0.6666666666666666,1.0,0.35294117647058826,2.884827949856117e-07
004,0.2,50,0.002,34,0.3235294117647059,0.6764705882352942,0.5536992840095465,0.7706093189964157,1.0,0.35294117647058826,1.378704155285959e-07
004,0.2,60,0.0016666666666666668,34,0.38235294117647056,0.6470588235294118,0.4370860927152318,0.6892494929006086,1.0,0.35294117647058826,5.201727049097826e-08
004,0.2,75,0.0013333333333333335,34,0.35294117647058826,0.6470588235294118,0.5405405405405406,0.6900537634408602,1.0,0.35294117647058826,5.805724612173435e-08
004,0.5,1,0.25,34,1.0,0.38235294117647056,0.034379671150971514,0.2543859649122807,1.0,0.35294117647058826,0.02162112295627594
004,0.5,2,0.125,34,0.8823529411764706,0.4411764705882353,0.038269550748752046,0.2643734643734644,1.0,0.35294117647058826,0.0008215014240704477
004,0.5,3,0.08333333333333333,34,0.9411764705882353,0.35294117647058826,0.052044609665427566,0.25,1.0,0.35294117647058826,0.010275657288730145
004,0.5,4,0.0625,34,0.9411764705882353,0.35294117647058826,0.06725663716814156,0.23340797133900582,1.0,0.35294117647058826,0.004309171345084906
004,0.5,5,0.05,34,0.7941176470588235,0.47058823529411764,0.13983440662373503,0.31333333333333335,1.0,0.35294117647058826,0.00017361075151711702
004,0.5,6,0.041666666666666664,34,0.8529411764705882,0.4411764705882353,0.12401746724890816,0.2865934065934066,1.0,0.35294117647058826,0.0005542644066736102
004,0.5,8,0.03125,34,0.5882352941176471,0.47058823529411764,0.3278418451400329,0.48552188552188547,1.0,0.35294117647058826,0.004298172425478697
004,0.5,10,0.025,34,0.7352941176470589,0.35294117647058826,0.09294320137693624,0.3547474747474748,1.0,0.35294117647058826,0.007884006947278976
004,0.5,12,0.020833333333333332,34,0.7352941176470589,0.35294117647058826,0.09294320137693624,0.3547474747474748,1.0,0.35294117647058826,0.00013416445290204138
004,0.5,14,0.017857142857142856,34,0.5588235294117647,0.5,0.4453900709219859,0.49996660655847186,1.0,0.35294117647058826,0.00035280376323498785
004,0.5,16,0.015625,34,0.4117647058823529,0.5882352941176471,0.6059602649006623,0.6212418300653595,1.0,0.35294117647058826,7.019911663519451e-06
004,0.5,20,0.0125,34,0.5,0.5882352941176471,0.3079646017699115,0.5550446998722861,1.0,0.35294117647058826,0.003083722433075309
004,0.5,25,0.01,34,0.47058823529411764,0.6176470588235294,0.26086956521739124,0.6062467997951869,1.0,0.35294117647058826,2.1896881662542e-05
004,0.5,30,0.008333333333333333,34,0.5294117647058824,0.5588235294117647,0.24444444444444446,0.5446428571428571,1.0,0.35294117647058826,8.095421799225733e-05
004,0.5,40,0.00625,34,0.47058823529411764,0.5882352941176471,0.19239904988123513,0.5627450980392157,1.0,0.35294117647058826,1.0105954828532049e-07
004,0.5,50,0.005,34,0.3235294117647059,0.6764705882352942,0.47323943661971835,0.7777777777777777,1.0,0.35294117647058826,6.546220987502238e-08
004,0.5,60,0.004166666666666667,34,0.38235294117647056,0.6470588235294118,0.4370860927152318,0.6892494929006086,1.0,0.35294117647058826,5.5111186725298467e-08
004,0.5,75,0.0033333333333333335,34,0.38235294117647056,0.6176470588235294,0.4988662131519275,0.6686868686868687,1.0,0.35294117647058826,7.302461568770013e-08
004,1.0,1,0.5,34,1.0,0.38235294117647056,0.034379671150971514,0.2543859649122807,1.0,0.35294117647058826,0.0007885770755819976
004,1.0,2,0.25,34,0.9117647058823529,0.4117647058823529,0.028169014084507005,0.25656565656565655,1.0,0.35294117647058826,0.00013120070798322558
004,1.0,3,0.16666666666666666,34,0.9117647058823529,0.35294117647058826,0.07449856733524363,0.2545454545454545,1.0,0.35294117647058826,0.012250548228621483
004,1.0,4,0.125,34,0.9705882352941176,0.3235294117647059,0.048000000000000154,0.21333333333333332,1.0,0.35294117647058826,0.001993728568777442
004,1.0,5,0.1,34,0.8235294117647058,0.4411764705882353,0.1469534050179211,0.291965811965812,1.0,0.35294117647058826,0.0007652207859791815
004,1.0,6,0.08333333333333333,34,0.8529411764705882,0.4117647058823529,0.1278127812781279,0.2754578754578755,1.0,0.35294117647058826,0.004148255567997694
004,1.0,8,0.0625,34,0.6764705882352942,0.4411764705882353,0.25669957686882927,0.3633333333333333,1.0,0.35294117647058826,0.005013053771108389
004,1.0,10,0.05,34,0.7647058823529411,0.35294117647058826,0.16594516594516595,0.2931378299120234,1.0,0.35294117647058826,0.00021851954807061702
004,1.0,12,0.041666666666666664,34,0.7352941176470589,0.4117647058823529,0.13001383125864452,0.35037878787878785,1.0,0.35294117647058826,0.0005981858703307807
004,1.0,14,0.03571428571428571,34,0.5882352941176471,0.5294117647058824,0.3425414364640884,0.5283524904214559,1.0,0.35294117647058826,0.010771404951810837
004,1.0,16,0.03125,34,0.47058823529411764,0.5882352941176471,0.47040498442367606,0.6017094017094017,1.0,0.35294117647058826,0.0014502896228805184
004,1.0,20,0.025,34,0.47058823529411764,0.5882352941176471,0.4227504244482173,0.5904761904761905,1.0,0.35294117647058826,5.318222520145355e-06
004,1.0,25,0.02,34,0.4411764705882353,0.6470588235294118,0.290258449304175,0.6270353302611367,1.0,0.35294117647058826,2.1774159904452972e-05
004,1.0,30,0.016666666666666666,34,0.5,0.5882352941176471,0.23182711198428296,0.5848727422003284,1.0,0.35294117647058826,2.3220336515805684e-06
004,1.0,40,0.0125,34,0.4411764705882353,0.5882352941176471,0.10526315789473684,0.39809863339275103,1.0,0.35294117647058826,1.767659085771811e-07
004,1.0,50,0.01,34,0.3235294117647059,0.6764705882352942,0.3573883161512027,0.6761904761904762,1.0,0.35294117647058826,8.194257361537893e-08
004,1.0,60,0.008333333333333333,34,0.38235294117647056,0.6470588235294118,0.21052631578947367,0.43790849673202614,1.0,0.35294117647058826,8.511741356187486e-08
004,1.0,75,0.006666666666666667,34,0.35294117647058826,0.6470588235294118,0.29166666666666663,0.6458333333333333,1.0,0.35294117647058826,5.164604033325304e-08
004,2.0,1,1.0,34,1.0,0.38235294117647056,0.041543026706231334,0.26476190476190475,1.0,0.35294117647058826,0.0015115183778107166
004,2.0,2,0.5,34,0.9411764705882353,0.38235294117647056,0.026186579378068675,0.2624242424242424,1.0,0.35294117647058826,5.270236670185113e-06
004,2.0,3,0.3333333333333333,34,0.9705882352941176,0.3235294117647059,0.039461883408071774,0.2017857142857143,1.0,0.35294117647058826,0.0004081577353645116
004,2.0,4,0.25,34,0.9117647058823529,0.35294117647058826,0.08900999091734785,0.23944055944055945,1.0,0.35294117647058826,0.0008180829463526607
004,2.0,5,0.2,34,0.8235294117647058,0.4411764705882353,0.12014787430683915,0.29655172413793107,1.0,0.35294117647058826,0.009327358566224575
004,2.0,6,0.16666666666666666,34,0.8529411764705882,0.4117647058823529,0.1278127812781279,0.2754578754578755,1.0,0.35294117647058826,0.0002502189017832279
004,2.0,8,0.125,34,0.7058823529411765,0.4411764705882353,0.20725388601036265,0.3784848484848485,1.0,0.35294117647058826,0.004573792219161987
004,2.0,10,0.1,34,0.7647058823529411,0.4117647058823529,0.1342592592592593,0.28577712609970674,1.0,0.35294117647058826,0.0013994937762618065
004,2.0,12,0.08333333333333333,34,0.7647058823529411,0.4117647058823529,0.1342592592592593,0.28577712609970674,1.0,0.35294117647058826,0.00043652579188346863
004,2.0,14,0.07142857142857142,34,0.6470588235294118,0.5294117647058824,0.27142857142857146,0.4180911680911681,1.0,0.35294117647058826,8.625365444459021e-05
004,2.0,16,0.0625,34,0.47058823529411764,0.6176470588235294,0.43843843843843844,0.6171529619805481,1.0,0.35294117647058826,6.457182462327182e-05
004,2.0,20,0.05,34,0.5,0.5882352941176471,0.36006546644844506,0.5791909240185102,1.0,0.35294117647058826,0.0002873546618502587
004,2.0,25,0.04,34,0.4117647058823529,0.6470588235294118,0.25183374083129584,0.5978835978835978,1.0,0.35294117647058826,4.439552503754385e-05
004,2.0,30,0.03333333333333333,34,0.5294117647058824,0.5588235294117647,0.19367588932806312,0.5625192012288787,1.0,0.35294117647058826,0.00042156156268902123
004,2.0,40,0.025,34,0.4411764705882353,0.5882352941176471,0.09968847352024923,0.3970238095238095,1.0,0.35294117647058826,1.0197781193710398e-05
004,2.0,50,0.02,34,0.4117647058823529,0.5882352941176471,0.17361111111111116,0.5868055555555556,1.0,0.35294117647058826,2.7304426112095825e-05
004,2.0,60,0.016666666666666666,34,0.4117647058823529,0.5882352941176471,0.17361111111111116,0.5868055555555556,1.0,0.35294117647058826,1.1482210538815707e-05
004,2.0,75,0.013333333333333334,34,0.3235294117647059,0.6764705882352942,0.34843205574912894,0.6739319965126417,1.0,0.35294117647058826,3.012039542227285e-07
004,3.0,1,1.5,34,1.0294117647058822,0.35294117647058826,0.0325203252032521,0.2524555903866249,1.0,0.35294117647058826,0.0006775374058634043
004,3.0,2,0.75,34,0.9411764705882353,0.38235294117647056,0.026186579378068675,0.2624242424242424,1.0,0.35294117647058826,0.0018843617290258408
004,3.0,3,0.5,34,0.9705882352941176,0.3235294117647059,0.039461883408071774,0.2017857142857143,1.0,0.35294117647058826,0.001491881674155593
004,3.0,4,0.375,34,0.9117647058823529,0.35294117647058826,0.08900999091734785,0.23944055944055945,1.0,0.35294117647058826,0.003380352631211281
004,3.0,5,0.3,34,0.8235294117647058,0.4411764705882353,0.12014787430683915,0.29655172413793107,1.0,0.35294117647058826,0.005905660334974527
004,3.0,6,0.25,34,0.8235294117647058,0.4411764705882353,0.12014787430683915,0.29655172413793107,1.0,0.35294117647058826,0.011796221137046814
004,3.0,8,0.1875,34,0.7647058823529411,0.4411764705882353,0.11936936936936937,0.28873305282842454,1.0,0.35294117647058826,0.003111619036644697
004,3.0,10,0.15,34,0.7941176470588235,0.4117647058823529,0.1014023732470335,0.3003225806451613,1.0,0.35294117647058826,0.0015332737239077687
004,3.0,12,0.125,34,0.8235294117647058,0.4117647058823529,0.103515625,0.3003225806451613,1.0,0.35294117647058826,0.004735507536679506
004,3.0,14,0.10714285714285714,34,0.6764705882352942,0.5294117647058824,0.2281284606866002,0.43091168091168086,1.0,0.35294117647058826,0.0006915802368894219
004,3.0,16,0.09375,34,0.5588235294117647,0.5588235294117647,0.3616133518776078,0.5549206349206349,1.0,0.35294117647058826,0.0017329745460301638
004,3.0,20,0.075,34,0.5294117647058824,0.5588235294117647,0.3873873873873874,0.5685234305923962,1.0,0.35294117647058826,9.816447709454224e-05
004,3.0,25,0.06,34,0.4411764705882353,0.6176470588235294,0.2675736961451247,0.5523809523809523,1.0,0.35294117647058826,0.0040426068007946014
004,3.0,30,0.05,34,0.4411764705882353,0.6176470588235294,0.21411192214111918,0.5791461412151068,1.0,0.35294117647058826,0.0001276398979825899
004,3.0,40,0.0375,34,0.4411764705882353,0.5882352941176471,0.09968847352024923,0.3970238095238095,1.0,0.35294117647058826,5.0704496970865875e-05
004,3.0,50,0.03,34,0.4117647058823529,0.5882352941176471,0.17361111111111116,0.5868055555555556,1.0,0.35294117647058826,1.6173824235465872e-07
004,3.0,60,0.025,34,0.4117647058823529,0.5882352941176471,0.17361111111111116,0.5868055555555556,1.0,0.35294117647058826,9.92092682281509e-05
004,3.0,75,0.02,34,0.3235294117647059,0.6764705882352942,0.34843205574912894,0.6739319965126417,1.0,0.35294117647058826,7.085336619638838e-07
004,5.0,1,2.5,34,1.0294117647058822,0.35294117647058826,0.0325203252032521,0.2524555903866249,1.0,0.35294117647058826,0.014597571454942226
004,5.0,2,1.25,34,0.9705882352941176,0.35294117647058826,0.016299918500407462,0.2520021645021645,1.0,0.35294117647058826,0.001132517121732235
004,5.0,3,0.8333333333333334,34,0.9705882352941176,0.3235294117647059,0.048000000000000154,0.21333333333333332,1.0,0.35294117647058826,0.004711909219622612
004,5.0,4,0.625,34,0.9117647058823529,0.35294117647058826,0.08900999091734785,0.23944055944055945,1.0,0.35294117647058826,0.0070664905942976475
004,5.0,5,0.5,34,0.8529411764705882,0.4117647058823529,0.10855565777368903,0.28304761904761905,1.0,0.35294117647058826,0.001130144577473402
004,5.0,6,0.4166666666666667,34,0.8529411764705882,0.4117647058823529,0.10855565777368903,0.28304761904761905,1.0,0.35294117647058826,0.0006984296487644315
004,5.0,8,0.3125,34,0.7941176470588235,0.47058823529411764,0.10354745925215725,0.3125,1.0,0.35294117647058826,0.00022718569380231202
004,5.0,10,0.25,34,0.8235294117647058,0.4411764705882353,0.09160305343511455,0.30085426494963663,1.0,0.35294117647058826,0.0009524677880108356
004,5.0,12,0.20833333333333334,34,0.8235294117647058,0.4411764705882353,0.09160305343511455,0.30085426494963663,1.0,0.35294117647058826,0.0018030754290521145
004,5.0,14,0.17857142857142858,34,0.7647058823529411,0.47058823529411764,0.1499999999999999,0.3145299145299145,1.0,0.35294117647058826,0.017847824841737747
004,5.0,16,0.15625,34,0.7058823529411765,0.47058823529411764,0.23095238095238102,0.3803418803418803,1.0,0.35294117647058826,0.0026509210001677275
004,5.0,20,0.125,34,0.5588235294117647,0.5294117647058824,0.38848920863309355,0.534384236453202,1.0,0.35294117647058826,0.00045598670840263367
004,5.0,25,0.1,34,0.47058823529411764,0.6176470588235294,0.2093023255813954,0.5368814192343604,1.0,0.35294117647058826,0.0007711444050073624
004,5.0,30,0.08333333333333333,34,0.47058823529411764,0.5882352941176471,0.23250564334085777,0.5329276538201487,1.0,0.35294117647058826,4.254336090525612e-06
004,5.0,40,0.0625,34,0.4411764705882353,0.5882352941176471,0.09404388714733547,0.393993993993994,1.0,0.35294117647058826,1.589830753800925e-05
004,5.0,50,0.05,34,0.4411764705882353,0.5882352941176471,0.09968847352024923,0.3970238095238095,1.0,0.35294117647058826,0.006694756913930178
004,5.0,60,0.041666666666666664,34,0.4117647058823529,0.5882352941176471,0.17361111111111116,0.5868055555555556,1.0,0.35294117647058826,1.9203103818199452e-07
004,5.0,75,0.03333333333333333,34,0.38235294117647056,0.6176470588235294,0.22456140350877196,0.6091954022988506,1.0,0.35294117647058826,7.312220077437814e-06
005,0.01,1,0.005,36,1.7222222222222223,0.1388888888888889,0.04581151832460728,0.14606060606060606,2.0277777777777777,0.1388888888888889,3.524756664319284e-08
005,0.01,2,0.0025,36,1.8055555555555556,0.16666666666666666,0.06009334889148199,0.16709401709401708,2.0277777777777777,0.1388888888888889,3.032225137644673e-08
005,0.01,3,0.0016666666666666668,36,1.5277777777777777,0.19444444444444445,0.019319938176198037,0.17333333333333334,2.0277777777777777,0.1388888888888889,2.306546242891727e-08
005,0.01,4,0.00125,36,1.3333333333333333,0.16666666666666666,0.07272727272727275,0.14095238095238094,2.0277777777777777,0.1388888888888889,2.3353173617124412e-08
005,0.01,5,0.001,36,1.4166666666666667,0.19444444444444445,-0.002808988764045006,0.15486215538847117,2.0277777777777777,0.1388888888888889,1.1723808711394668e-05
005,0.01,6,0.0008333333333333334,36,1.3611111111111112,0.16666666666666666,0.0531062124248497,0.13898193760262725,2.0277777777777777,0.1388888888888889,0.0009886344196274877
005,0.01,8,0.000625,36,1.4444444444444444,0.19444444444444445,0.0101522842639592,0.1469785575048733,2.0277777777777777,0.1388888888888889,0.004536462016403675
005,0.01,10,0.0005,36,1.3055555555555556,0.19444444444444445,0.07572614107883824,0.13956521739130434,2.0277777777777777,0.1388888888888889,0.00018828130851034075
005,0.01,12,0.0004166666666666667,36,1.6388888888888888,0.2222222222222222,0.11040462427745668,0.20392156862745098,2.0277777777777777,0.1388888888888889,0.0006212876760400832
005,0.01,14,0.00035714285714285714,36,1.1944444444444444,0.2222222222222222,0.28296703296703296,0.2119298245614035,2.0277777777777777,0.1388888888888889,3.709620068548247e-05
005,0.01,16,0.0003125,36,1.1944444444444444,0.2777777777777778,0.23932384341637014,0.2698412698412698,2.0277777777777777,0.1388888888888889,3.603466757340357e-05
005,0.01,20,0.00025,36,0.7777777777777778,0.4444444444444444,0.3868613138686132,0.23148425787106447,2.0277777777777777,0.1388888888888889,6.469176150858402e-05
005,0.01,25,0.0002,36,1.3333333333333333,0.25,0.125,0.17744360902255638,2.0277777777777777,0.1388888888888889,0.0001645894517423585
005,0.01,30,0.00016666666666666666,36,1.3611111111111112,0.25,-0.012081784386617,0.16623376623376623,2.0277777777777777,0.1388888888888889,0.00018279491632711142
005,0.01,40,0.000125,36,1.3611111111111112,0.3333333333333333,0.0295527156549521,0.27801120448179273,2.0277777777777777,0.1388888888888889,0.00018791743787005544
005,0.01,50,0.0001,36,1.0555555555555556,0.4722222222222222,0.2970903522205207,0.3521717171717172,2.0277777777777777,0.1388888888888889,0.00019247049931436777
005,0.01,60,8.333333333333333e-05,36,1.25,0.4444444444444444,0.11595273264401784,0.30064935064935067,2.0277777777777777,0.1388888888888889,0.00017368971020914614
005,0.01,75,6.666666666666667e-05,36,0.9166666666666666,0.6388888888888888,0.4114285714285715,0.41179487179487184,2.0277777777777777,0.1388888888888889,0.00020048455917276442
005,0.05,1,0.025,36,1.7777777777777777,0.16666666666666666,0.029739776951672736,0.175,2.0277777777777777,0.1388888888888889,1.9873739802278578e-05
005,0.05,2,0.0125,36,1.8888888888888888,0.1111111111111111,0.03682393555811281,0.12153846153846153,2.0277777777777777,0.1388888888888889,5.968819095869549e-06
005,0.05,3,0.008333333333333333,36,1.6388888888888888,0.19444444444444445,-0.023913043478260843,0.17939393939393938,2.0277777777777777,0.1388888888888889,1.4390484359694256e-08
005,0.05,4,0.00625,36,1.4166666666666667,0.16666666666666666,0.04375000000000007,0.1382051282051282,2.0277777777777777,0.1388888888888889,1.7976903521343957e-08
005,0.05,5,0.005,36,1.4166666666666667,0.19444444444444445,0.027678571428571552,0.15925775978407558,2.0277777777777777,0.1388888888888889,0.0004737993876915425
005,0.05,6,0.004166666666666667,36,1.4166666666666667,0.1388888888888889,0.045966228893058236,0.11868131868131868,2.0277777777777777,0.1388888888888889,0.009677447378635406
005,0.05,8,0.003125,36,1.4722222222222223,0.19444444444444445,0.021739130434782594,0.15426573426573426,2.0277777777777777,0.1388888888888889,0.0005744122317992151
005,0.05,10,0.0025,36,1.3055555555555556,0.19444444444444445,0.07572614107883824,0.13956521739130434,2.0277777777777777,0.1388888888888889,1.2746269931085408e-05
005,0.05,12,0.0020833333333333333,36,1.5833333333333333,0.25,0.11626506024096395,0.23114845938375347,2.0277777777777777,0.1388888888888889,2.792812119878363e-05
005,0.05,14,0.0017857142857142859,36,1.1388888888888888,0.25,0.3212290502793297,0.2577200577200577,2.0277777777777777,0.1388888888888889,4.586483100865735e-06
005,0.05,16,0.0015625,36,1.1944444444444444,0.25,0.19364161849710992,0.20757020757020755,2.0277777777777777,0.1388888888888889,2.671863512659911e-05
005,0.05,20,0.00125,36,0.75,0.4444444444444444,0.456896551724138,0.23788819875776399,2.0277777777777777,0.1388888888888889,0.0011440955568104982
005,0.05,25,0.001,36,1.2222222222222223,0.2777777777777778,0.1833030852994556,0.18727272727272726,2.0277777777777777,0.1388888888888889,1.1158656434417935e-06
005,0.05,30,0.0008333333333333334,36,1.2777777777777777,0.2777777777777778,0.041825095057034245,0.17888198757763976,2.0277777777777777,0.1388888888888889,2.3172956389316823e-06
005,0.05,40,0.000625,36,1.3611111111111112,0.3333333333333333,0.0295527156549521,0.27801120448179273,2.0277777777777777,0.1388888888888889,4.663257186621195e-06
005,0.05,50,0.0005,36,1.0,0.5,0.28640776699029136,0.37856209150326803,2.0277777777777777,0.1388888888888889,8.296509804495145e-06
005,0.05,60,0.0004166666666666667,36,1.1944444444444444,0.4722222222222222,0.09579439252336464,0.3271428571428571,2.0277777777777777,0.1388888888888889,9.153664905170444e-06
005,0.05,75,0.0003333333333333334,36,0.8888888888888888,0.6666666666666666,0.4137931034482759,0.4214814814814815,2.0277777777777777,0.1388888888888889,1.4427992027776781e-05
005,0.1,1,0.05,36,1.8333333333333333,0.16666666666666666,0.005938242280285055,0.17230769230769233,2.0277777777777777,0.1388888888888889,3.1008917176222894e-06
005,0.1,2,0.025,36,1.8888888888888888,0.1111111111111111,0.03682393555811281,0.12153846153846153,2.0277777777777777,0.1388888888888889,3.9029237086651847e-07
005,0.1,3,0.016666666666666666,36,1.6388888888888888,0.19444444444444445,-0.023913043478260843,0.17939393939393938,2.0277777777777777,0.1388888888888889,1.3818039406032767e-05
005,0.1,4,0.0125,36,1.5,0.16666666666666666,-0.0068846815834766595,0.13592592592592592,2.0277777777777777,0.1388888888888889,1.6901884336562034e-08
005,0.1,5,0.01,36,1.4722222222222223,0.19444444444444445,-0.00588235294117645,0.15616374269005845,2.0277777777777777,0.1388888888888889,6.994361683609895e-06
005,0.1,6,0.008333333333333333,36,1.4722222222222223,0.1388888888888889,0.009683098591549366,0.11400000000000002,2.0277777777777777,0.1388888888888889,1.3341127669264097e-05
005,0.1,8,0.00625,36,1.5833333333333333,0.19444444444444445,-0.03592375366568934,0.156231884057971,2.0277777777777777,0.1388888888888889,0.001511028385721147
005,0.1,10,0.005,36,1.3333333333333333,0.16666666666666666,0.05660377358490565,0.11527950310559006,2.0277777777777777,0.1388888888888889,4.822468326892704e-07
005,0.1,12,0.004166666666666667,36,1.6111111111111112,0.2222222222222222,0.10545454545454547,0.20317460317460317,2.0277777777777777,0.1388888888888889,2.9877051019866485e-06
005,0.1,14,0.0035714285714285718,36,1.1666666666666667,0.25,0.3012939001848428,0.2553485162180814,2.0277777777777777,0.1388888888888889,4.738629741041223e-06
005,0.1,16,0.003125,36,1.1944444444444444,0.25,0.19364161849710992,0.20757020757020755,2.0277777777777777,0.1388888888888889,0.00042201869655400515
005,0.1,20,0.0025,36,0.75,0.4444444444444444,0.456896551724138,0.23788819875776399,2.0277777777777777,0.1388888888888889,0.0002850992023013532
005,0.1,25,0.002,36,1.2222222222222223,0.2777777777777778,0.1833030852994556,0.18727272727272726,2.0277777777777777,0.1388888888888889,1.5035847411581926e-07
005,0.1,30,0.0016666666666666668,36,1.1944444444444444,0.3055555555555556,0.09824902723735407,0.19047619047619047,2.0277777777777777,0.1388888888888889,2.018532541114837e-06
005,0.1,40,0.00125,36,1.3611111111111112,0.3333333333333333,0.0295527156549521,0.27801120448179273,2.0277777777777777,0.1388888888888889,7.153699499440336e-08
005,0.1,50,0.001,36,1.0,0.5,0.28640776699029136,0.37856209150326803,2.0277777777777777,0.1388888888888889,1.8438646520735347e-07
005,0.1,60,0.0008333333333333334,36,1.1944444444444444,0.4722222222222222,0.09579439252336464,0.3271428571428571,2.0277777777777777,0.1388888888888889,1.6799404534140194e-07
005,0.1,75,0.0006666666666666668,36,0.8888888888888888,0.6666666666666666,0.4137931034482759,0.4214814814814815,2.0277777777777777,0.1388888888888889,4.262217032646731e-07
005,0.2,1,0.1,36,1.8888888888888888,0.16666666666666666,-0.016470588235294237,0.16289592760180996,2.0277777777777777,0.1388888888888889,6.543070048792288e-05
005,0.2,2,0.05,36,1.9166666666666667,0.1111111111111111,0.015463917525773141,0.11897435897435897,2.0277777777777777,0.1388888888888889,8.01417263573967e-06
005,0.2,3,0.03333333333333333,36,1.6388888888888888,0.19444444444444445,-0.023913043478260843,0.17939393939393938,2.0277777777777777,0.1388888888888889,3.026558624696918e-05
005,0.2,4,0.025,36,1.5833333333333333,0.16666666666666666,-0.05166931637519867,0.1351111111111111,2.0277777777777777,0.1388888888888889,4.85223843327276e-08
005,0.2,5,0.02,36,1.5,0.2222222222222222,0.0062208398133747345,0.19728451563691837,2.0277777777777777,0.1388888888888889,0.005215822719037533
005,0.2,6,0.016666666666666666,36,1.5277777777777777,0.1388888888888889,-0.023076923076922995,0.11400000000000002,2.0277777777777777,0.1388888888888889,4.014035948785022e-05
005,0.2,8,0.0125,36,1.5833333333333333,0.19444444444444445,-0.03592375366568934,0.156231884057971,2.0277777777777777,0.1388888888888889,0.004053473472595215
005,0.2,10,0.01,36,1.3611111111111112,0.16666666666666666,0.0363825363825363,0.11333333333333333,2.0277777777777777,0.1388888888888889,0.0028567914851009846
005,0.2,12,0.008333333333333333,36,1.6388888888888888,0.2222222222222222,0.09556103575832309,0.2080769230769231,2.0277777777777777,0.1388888888888889,0.0026368149556219578
005,0.2,14,0.0071428571428571435,36,1.1666666666666667,0.25,0.3012939001848428,0.2553485162180814,2.0277777777777777,0.1388888888888889,0.0007397559238597751
005,0.2,16,0.00625,36,1.1666666666666667,0.25,0.21739130434782594,0.2052910052910053,2.0277777777777777,0.1388888888888889,0.000143596000270918
005,0.2,20,0.005,36,0.75,0.4444444444444444,0.456896551724138,0.23788819875776399,2.0277777777777777,0.1388888888888889,1.2136858458688948e-05
005,0.2,25,0.004,36,1.1944444444444444,0.2777777777777778,0.23351648351648358,0.1933333333333333,2.0277777777777777,0.1388888888888889,1.085734950834194e-07
005,0.2,30,0.0033333333333333335,36,1.1666666666666667,0.3333333333333333,0.054621848739495715,0.19617391304347825,2.0277777777777777,0.1388888888888889,7.430816913256422e-05
005,0.2,40,0.0025,36,1.3611111111111112,0.3611111111111111,-0.05398671096345531,0.28546462063086103,2.0277777777777777,0.1388888888888889,1.7658003059750627e-07
005,0.2,50,0.002,36,0.8055555555555556,0.5555555555555556,0.4256993006993006,0.40522875816993464,2.0277777777777777,0.1388888888888889,8.683032604039909e-08
005,0.2,60,0.0016666666666666668,36,0.9444444444444444,0.5277777777777778,0.22994652406417104,0.34833333333333333,2.0277777777777777,0.1388888888888889,8.634787462824534e-08
005,0.2,75,0.0013333333333333335,36,0.8888888888888888,0.6666666666666666,0.4137931034482759,0.4214814814814815,2.0277777777777777,0.1388888888888889,7.907689081321223e-08
005,0.5,1,0.25,36,1.9444444444444444,0.16666666666666666,-0.037671232876712146,0.15238095238095237,2.0277777777777777,0.1388888888888889,0.00020008756837341934
005,0.5,2,0.125,36,1.9444444444444444,0.1111111111111111,0.03215077605321515,0.11071428571428572,2.0277777777777777,0.1388888888888889,0.0002944923471659422
005,0.5,3,0.08333333333333333,36,1.6944444444444444,0.16666666666666666,-0.025874125874125964,0.15619047619047619,2.0277777777777777,0.1388888888888889,1.9158325812895782e-05
005,0.5,4,0.0625,36,1.6111111111111112,0.16666666666666666,-0.03793626707132014,0.14666666666666667,2.0277777777777777,0.1388888888888889,6.138225580798462e-05
005,0.5,5,0.05,36,1.5833333333333333,0.19444444444444445,-0.037404580152671674,0.17061784897025173,2.0277777777777777,0.1388888888888889,2.818109805957647e-06
005,0.5,6,0.041666666666666664,36,1.5833333333333333,0.16666666666666666,-0.023664122137404542,0.14956521739130435,2.0277777777777777,0.1388888888888889,3.3717951737344265e-05
005,0.5,8,0.03125,36,1.6111111111111112,0.19444444444444445,-0.048920863309352525,0.1593939393939394,2.0277777777777777,0.1388888888888889,0.013018911704421043
005,0.5,10,0.025,36,1.3888888888888888,0.16666666666666666,0.06538461538461537,0.17333333333333334,2.0277777777777777,0.1388888888888889,1.4662059584225062e-06
005,0.5,12,0.020833333333333332,36,1.7777777777777777,0.16666666666666666,0.02644230769230771,0.14945054945054945,2.0277777777777777,0.1388888888888889,3.481599560473114e-05
005,0.5,14,0.017857142857142856,36,1.2222222222222223,0.19444444444444445,0.27118644067796616,0.21645962732919255,2.0277777777777777,0.1388888888888889,3.6622898846871976e-07
005,0.5,16,0.015625,36,1.1666666666666667,0.16666666666666666,0.29774127310061593,0.16282051282051282,2.0277777777777777,0.1388888888888889,0.0013451888225972652
005,0.5,20,0.0125,36,0.8055555555555556,0.4166666666666667,0.411111111111111,0.22777777777777777,2.0277777777777777,0.1388888888888889,5.335085461410927e-06
005,0.5,25,0.01,36,1.1111111111111112,0.3055555555555556,0.2921348314606742,0.20545454545454547,2.0277777777777777,0.1388888888888889,4.978535343980184e-07
005,0.5,30,0.008333333333333333,36,1.1666666666666667,0.3333333333333333,0.054621848739495715,0.19617391304347825,2.0277777777777777,0.1388888888888889,0.0006960338214412332
005,0.5,40,0.00625,36,1.1111111111111112,0.3888888888888889,0.10000000000000009,0.28467226890756303,2.0277777777777777,0.1388888888888889,1.376498914851254e-07
005,0.5,50,0.005,36,0.9166666666666666,0.5,0.2723048327137546,0.33646125116713355,2.0277777777777777,0.1388888888888889,1.0331539357366637e-07
005,0.5,60,0.004166666666666667,36,0.9166666666666666,0.5277777777777778,0.23631386861313863,0.343921568627451,2.0277777777777777,0.1388888888888889,7.721776995595064e-08
005,0.5,75,0.0033333333333333335,36,0.8333333333333334,0.6388888888888888,0.4390243902439024,0.4194139194139194,2.0277777777777777,0.1388888888888889,1.1620256401556617e-07
005,1.0,1,0.5,36,1.9444444444444444,0.16666666666666666,-0.017917133258678497,0.15238095238095237,2.0277777777777777,0.1388888888888889,0.0013169184094294906
005,1.0,2,0.25,36,1.9722222222222223,0.1111111111111111,0.02110389610389596,0.10500000000000001,2.0277777777777777,0.1388888888888889,0.00012524794146884233
005,1.0,3,0.16666666666666666,36,1.7222222222222223,0.16666666666666666,-0.014765100671141118,0.1422924901185771,2.0277777777777777,0.1388888888888889,4.7162207920337096e-05
005,1.0,4,0.125,36,1.6666666666666667,0.16666666666666666,-0.05177514792899407,0.14666666666666667,2.0277777777777777,0.1388888888888889,3.8554386264877394e-05
005,1.0,5,0.1,36,1.6388888888888888,0.19444444444444445,-0.050000000000000044,0.16650717703349283,2.0277777777777777,0.1388888888888889,0.018571510910987854
005,1.0,6,0.08333333333333333,36,1.6111111111111112,0.16666666666666666,-0.03692762186115206,0.1422924901185771,2.0277777777777777,0.1388888888888889,2.996702642121818e-05
005,1.0,8,0.0625,36,1.6111111111111112,0.19444444444444445,-0.048920863309352525,0.1593939393939394,2.0277777777777777,0.1388888888888889,1.56167025124887e-05
005,1.0,10,0.05,36,1.4722222222222223,0.1388888888888889,0.010166358595194103,0.13066666666666665,2.0277777777777777,0.1388888888888889,0.0008498217794112861
005,1.0,12,0.041666666666666664,36,1.7777777777777777,0.16666666666666666,0.02644230769230771,0.14945054945054945,2.0277777777777777,0.1388888888888889,9.900621080305427e-05
005,1.0,14,0.03571428571428571,36,1.25,0.19444444444444445,0.2472426470588236,0.21883116883116882,2.0277777777777777,0.1388888888888889,0.00014193623792380095
005,1.0,16,0.03125,36,1.25,0.16666666666666666,0.22933070866141725,0.16111111111111112,2.0277777777777777,0.1388888888888889,0.005617169663310051
005,1.0,20,0.025,36,0.8333333333333334,0.4166666666666667,0.3838630806845965,0.22577777777777777,2.0277777777777777,0.1388888888888889,6.548712553922087e-05
005,1.0,25,0.02,36,1.0277777777777777,0.3055555555555556,0.3660714285714286,0.2025974025974026,2.0277777777777777,0.1388888888888889,0.0001717366394586861
005,1.0,30,0.016666666666666666,36,0.9444444444444444,0.3888888888888889,0.23448275862068968,0.2151368760064412,2.0277777777777777,0.1388888888888889,9.227915870724246e-05
005,1.0,40,0.0125,36,1.0555555555555556,0.3888888888888889,0.173828125,0.2928095238095238,2.0277777777777777,0.1388888888888889,9.459001375944354e-06
005,1.0,50,0.01,36,0.9166666666666666,0.5,0.2723048327137546,0.33646125116713355,2.0277777777777777,0.1388888888888889,1.148033419440253e-07
005,1.0,60,0.008333333333333333,36,0.8888888888888888,0.5277777777777778,0.28729281767955805,0.34695740365111566,2.0277777777777777,0.1388888888888889,1.3699043677206646e-07
005,1.0,75,0.006666666666666667,36,0.8055555555555556,0.6388888888888888,0.4543554006968642,0.47307692307692306,2.0277777777777777,0.1388888888888889,2.3867372078711924e-07
005,2.0,1,1.0,36,1.9722222222222223,0.16666666666666666,-0.028145695364238277,0.15630252100840336,2.0277777777777777,0.1388888888888889,0.0011160370195284486
005,2.0,2,0.5,36,1.9722222222222223,0.1111111111111111,0.011475409836065653,0.11238095238095239,2.0277777777777777,0.1388888888888889,0.001901904703117907
005,2.0,3,0.3333333333333333,36,1.7777777777777777,0.16666666666666666,-0.03802281368821281,0.13110367892976588,2.0277777777777777,0.1388888888888889,0.00020424788817763329
005,2.0,4,0.25,36,1.6944444444444444,0.16666666666666666,-0.014170040485829816,0.13066666666666665,2.0277777777777777,0.1388888888888889,0.00016764295287430286
005,2.0,5,0.2,36,1.6666666666666667,0.16666666666666666,-0.024691358024691468,0.1393939393939394,2.0277777777777777,0.1388888888888889,0.00011626185005297884
005,2.0,6,0.16666666666666666,36,1.6666666666666667,0.16666666666666666,-0.06258890469416789,0.13333333333333333,2.0277777777777777,0.1388888888888889,0.0009547884110361338
005,2.0,8,0.125,36,1.6944444444444444,0.16666666666666666,-0.07379310344827594,0.1282051282051282,2.0277777777777777,0.1388888888888889,2.333848169655539e-05
005,2.0,10,0.1,36,1.5277777777777777,0.1388888888888889,-0.024193548387096753,0.13066666666666665,2.0277777777777777,0.1388888888888889,7.465452199539868e-06
005,2.0,12,0.08333333333333333,36,1.8055555555555556,0.16666666666666666,0.014792899408283988,0.1523076923076923,2.0277777777777777,0.1388888888888889,0.0024134363047778606
005,2.0,14,0.07142857142857142,36,1.2777777777777777,0.16666666666666666,0.23191094619666042,0.19549783549783548,2.0277777777777777,0.1388888888888889,1.7002548702294007e-05
005,2.0,16,0.0625,36,1.3333333333333333,0.1388888888888889,0.1692307692307693,0.13777777777777778,2.0277777777777777,0.1388888888888889,1.226511926688545e-06
005,2.0,20,0.05,36,0.9166666666666666,0.3333333333333333,0.3261421319796953,0.198,2.0277777777777777,0.1388888888888889,5.136369054525858e-06
005,2.0,25,0.04,36,1.0277777777777777,0.3333333333333333,0.33770161290322576,0.21106719367588936,2.0277777777777777,0.1388888888888889,2.9200115022831596e-05
005,2.0,30,0.03333333333333333,36,0.8611111111111112,0.4166666666666667,0.3152173913043478,0.2194285714285714,2.0277777777777777,0.1388888888888889,0.0001770161761669442
005,2.0,40,0.025,36,0.9722222222222222,0.3333333333333333,0.3282208588957055,0.2603425559947299,2.0277777777777777,0.1388888888888889,1.8501490558264777e-05
005,2.0,50,0.02,36,0.8055555555555556,0.5,0.3431372549019607,0.36253968253968255,2.0277777777777777,0.1388888888888889,0.00019403705664444715
005,2.0,60,0.016666666666666666,36,0.8888888888888888,0.5277777777777778,0.28729281767955805,0.34695740365111566,2.0277777777777777,0.1388888888888889,1.0161222263604941e-07
005,2.0,75,0.013333333333333334,36,0.7222222222222222,0.6111111111111112,0.5163147792706334,0.4468300395256917,2.0277777777777777,0.1388888888888889,0.0010730449575930834
005,3.0,1,1.5,36,2.0277777777777777,0.1388888888888889,-0.02843347639484972,0.13904761904761903,2.0277777777777777,0.1388888888888889,0.0014374422607943416
005,3.0,2,0.75,36,1.9722222222222223,0.1111111111111111,0.011475409836065653,0.11238095238095239,2.0277777777777777,0.1388888888888889,0.0022603683173656464
005,3.0,3,0.5,36,1.7777777777777777,0.16666666666666666,-0.03802281368821281,0.13110367892976588,2.0277777777777777,0.1388888888888889,0.0018366496078670025
005,3.0,4,0.375,36,1.7222222222222223,0.16666666666666666,-0.01458885941644561,0.13333333333333333,2.0277777777777777,0.1388888888888889,0.00044747471110895276
005,3.0,5,0.3,36,1.6944444444444444,0.16666666666666666,-0.0020000000000000018,0.136231884057971,2.0277777777777777,0.1388888888888889,0.00018826565064955503
005,3.0,6,0.25,36,1.6666666666666667,0.16666666666666666,-0.0013568521031208647,0.13333333333333333,2.0277777777777777,0.1388888888888889,6.721381942043081e-05
005,3.0,8,0.1875,36,1.7222222222222223,0.16666666666666666,-0.08641975308641969,0.12553846153846154,2.0277777777777777,0.1388888888888889,0.0004050192655995488
005,3.0,10,0.15,36,1.5277777777777777,0.1388888888888889,0.03410981697171367,0.11868131868131868,2.0277777777777777,0.1388888888888889,0.001214484334923327
005,3.0,12,0.125,36,1.8333333333333333,0.16666666666666666,0.0034965034965035446,0.15546558704453442,2.0277777777777777,0.1388888888888889,0.0016307779587805271
005,3.0,14,0.10714285714285714,36,1.3888888888888888,0.16666666666666666,0.14720812182741128,0.1838095238095238,2.0277777777777777,0.1388888888888889,1.9625158529379405e-05
005,3.0,16,0.09375,36,1.4444444444444444,0.1111111111111111,0.11007462686567171,0.10952380952380951,2.0277777777777777,0.1388888888888889,3.87721011065878e-05
005,3.0,20,0.075,36,0.9444444444444444,0.3333333333333333,0.334975369458128,0.2045217391304348,2.0277777777777777,0.1388888888888889,7.06765513314167e-06
005,3.0,25,0.06,36,1.1388888888888888,0.25,0.28036437246963564,0.17714285714285713,2.0277777777777777,0.1388888888888889,0.0002310447598574683
005,3.0,30,0.05,36,0.8611111111111112,0.3888888888888889,0.3650990099009901,0.2172307692307692,2.0277777777777777,0.1388888888888889,2.090858470182866e-05
005,3.0,40,0.0375,36,1.1666666666666667,0.3055555555555556,0.17570093457943925,0.24848484848484845,2.0277777777777777,0.1388888888888889,4.186987644061446e-05
005,3.0,50,0.03,36,0.75,0.4722222222222222,0.4988636363636363,0.34566801619433196,2.0277777777777777,0.1388888888888889,6.629205017816275e-05
005,3.0,60,0.025,36,0.9166666666666666,0.5,0.2723048327137546,0.33646125116713355,2.0277777777777777,0.1388888888888889,4.870057182415621e-06
005,3.0,75,0.02,36,0.6111111111111112,0.6111111111111112,0.6334323292320747,0.466,2.0277777777777777,0.1388888888888889,0.006529848091304302
005,5.0,1,2.5,36,2.0277777777777777,0.1388888888888889,-0.02843347639484972,0.13904761904761903,2.0277777777777777,0.1388888888888889,0.00160151906311512
005,5.0,2,1.25,36,2.0555555555555554,0.1111111111111111,-0.018867924528301883,0.10666666666666666,2.0277777777777777,0.1388888888888889,0.008418493904173374
005,5.0,3,0.8333333333333334,36,1.8333333333333333,0.19444444444444445,-0.027348394768133222,0.15844155844155844,2.0277777777777777,0.1388888888888889,0.012362879700958729
005,5.0,4,0.625,36,1.7777777777777777,0.16666666666666666,-0.03802281368821281,0.13110367892976588,2.0277777777777777,0.1388888888888889,0.0017390885623171926
005,5.0,5,0.5,36,1.8055555555555556,0.16666666666666666,-0.04981084489281207,0.1282051282051282,2.0277777777777777,0.1388888888888889,0.005083839874714613
005,5.0,6,0.4166666666666667,36,1.7222222222222223,0.16666666666666666,-0.01458885941644561,0.13333333333333333,2.0277777777777777,0.1388888888888889,0.0011369960848242044
005,5.0,8,0.3125,36,1.6944444444444444,0.16666666666666666,-0.026000000000000023,0.12307692307692308,2.0277777777777777,0.1388888888888889,0.0001434802106814459
005,5.0,10,0.25,36,1.6666666666666667,0.16666666666666666,-0.0013908205841446364,0.13672727272727273,2.0277777777777777,0.1388888888888889,0.0006318479427136481
005,5.0,12,0.20833333333333334,36,1.8333333333333333,0.16666666666666666,0.0034965034965035446,0.15546558704453442,2.0277777777777777,0.1388888888888889,0.0002192131069023162
005,5.0,14,0.17857142857142858,36,1.4444444444444444,0.1388888888888889,0.137987012987013,0.16,2.0277777777777777,0.1388888888888889,0.0014305226504802704
005,5.0,16,0.15625,36,1.5555555555555556,0.1111111111111111,0.08006814310051114,0.10952380952380951,2.0277777777777777,0.1388888888888889,0.006099822465330362
005,5.0,20,0.125,36,1.0555555555555556,0.19444444444444445,0.32835820895522383,0.13504273504273506,2.0277777777777777,0.1388888888888889,5.943300129729323e-05
005,5.0,25,0.1,36,1.2222222222222223,0.16666666666666666,0.2296450939457202,0.12773109243697478,2.0277777777777777,0.1388888888888889,1.5468544006580487e-05
005,5.0,30,0.08333333333333333,36,0.8888888888888888,0.3333333333333333,0.3984575835475578,0.2045217391304348,2.0277777777777777,0.1388888888888889,0.003981539513915777
005,5.0,40,0.0625,36,1.1388888888888888,0.3055555555555556,0.2513711151736746,0.2545454545454545,2.0277777777777777,0.1388888888888889,0.0003763873246498406
005,5.0,50,0.05,36,0.6666666666666666,0.4444444444444444,0.6124401913875598,0.265668016194332,2.0277777777777777,0.1388888888888889,4.574328340822831e-05
005,5.0,60,0.041666666666666664,36,0.8055555555555556,0.5,0.3173076923076923,0.3456975772765246,2.0277777777777777,0.1388888888888889,8.901565888663754e-05
005,5.0,75,0.03333333333333333,36,0.5,0.6388888888888888,0.7377049180327868,0.5202857142857142,2.0277777777777777,0.1388888888888889,6.112253686296754e-06
006,0.01,1,0.005,35,0.42857142857142855,0.7142857142857143,0.49673202614379086,0.40166666666666667,1.8571428571428572,0.2571428571428571,1.7072165903186942e-08
006,0.01,2,0.0025,35,0.3142857142857143,0.8285714285714286,0.6889547185780787,0.5573192239858906,1.8571428571428572,0.2571428571428571,3.2046017395259696e-08
006,0.01,3,0.0016666666666666668,35,0.6285714285714286,0.6285714285714286,0.5488721804511278,0.4880952380952381,1.8571428571428572,0.2571428571428571,6.837836735940073e-06
006,0.01,4,0.00125,35,0.6,0.6571428571428571,0.5590994371482176,0.3988795518207283,1.8571428571428572,0.2571428571428571,3.6908888432662934e-05
006,0.01,5,0.001,35,1.4857142857142858,0.37142857142857144,0.11061285500747386,0.3653225806451613,1.8571428571428572,0.2571428571428571,1.9065579181187786e-05
006,0.01,6,0.0008333333333333334,35,1.4285714285714286,0.37142857142857144,0.1660461653015637,0.20460829493087557,1.8571428571428572,0.2571428571428571,1.64054763445165e-05
006,0.01,8,0.000625,35,1.5142857142857142,0.4,0.13024850042844904,0.28289473684210525,1.8571428571428572,0.2571428571428571,1.1901102880074177e-05
006,0.01,10,0.0005,35,1.9142857142857144,0.2571428571428571,0.0006107802717972843,0.2134502923976608,1.8571428571428572,0.2571428571428571,1.459599570807768e-05
006,0.01,12,0.0004166666666666667,35,2.085714285714286,0.2,-0.01667824878387769,0.18552036199095023,1.8571428571428572,0.2571428571428571,4.1739065636647865e-05
006,0.01,14,0.00035714285714285714,35,1.9142857142857144,0.2857142857142857,-0.06635827085659596,0.3052503052503052,1.8571428571428572,0.2571428571428571,4.8176250857068226e-05
006,0.01,16,0.0003125,35,1.9142857142857144,0.2857142857142857,-0.06635827085659596,0.3052503052503052,1.8571428571428572,0.2571428571428571,4.2319021304138005e-05
006,0.01,20,0.00025,35,1.7428571428571429,0.3142857142857143,-0.026058631921824116,0.25555555555555554,1.8571428571428572,0.2571428571428571,4.970023292116821e-05
006,0.01,25,0.0002,35,1.3142857142857143,0.4,0.06542056074766334,0.3038194444444444,1.8571428571428572,0.2571428571428571,5.391512604546733e-05
006,0.01,30,0.00016666666666666666,35,1.1142857142857143,0.5428571428571428,0.11570247933884292,0.46136363636363636,1.8571428571428572,0.2571428571428571,5.828954454045743e-05
006,0.01,40,0.000125,35,0.8571428571428571,0.5428571428571428,0.2386436340371082,0.33805668016194335,1.8571428571428572,0.2571428571428571,5.855780545971356e-05
006,0.01,50,0.0001,35,0.8,0.5428571428571428,0.13543441226575792,0.36656746031746035,1.8571428571428572,0.2571428571428571,7.445403025485575e-05
006,0.01,60,8.333333333333333e-05,35,0.6285714285714286,0.5714285714285714,0.23475258918296893,0.36596736596736595,1.8571428571428572,0.2571428571428571,0.00010029217082774267
006,0.01,75,6.666666666666667e-05,35,0.42857142857142855,0.6571428571428571,0.556427278213639,0.5696969696969697,1.8571428571428572,0.2571428571428571,0.00010127402492798865
006,0.05,1,0.025,35,0.45714285714285713,0.7142857142857143,0.43999999999999995,0.5020833333333333,1.8571428571428572,0.2571428571428571,1.2463280185670556e-08
006,0.05,2,0.0125,35,0.3142857142857143,0.8285714285714286,0.6889547185780787,0.5573192239858906,1.8571428571428572,0.2571428571428571,6.876856559756561e-07
006,0.05,3,0.008333333333333333,35,0.6,0.6285714285714286,0.5902531990198747,0.3319327731092437,1.8571428571428572,0.2571428571428571,4.095670291803799e-08
006,0.05,4,0.00625,35,0.5714285714285714,0.6571428571428571,0.6031746031746033,0.3988795518207283,1.8571428571428572,0.2571428571428571,4.905177419800566e-08
006,0.05,5,0.005,35,1.5142857142857142,0.37142857142857144,0.10092913098925116,0.37032258064516127,1.8571428571428572,0.2571428571428571,4.191172564560475e-08
006,0.05,6,0.004166666666666667,35,1.4857142857142858,0.37142857142857144,0.1445003594536306,0.20460829493087557,1.8571428571428572,0.2571428571428571,3.9942381846458375e-08
006,0.05,8,0.003125,35,1.457142857142857,0.4,0.12704109097434058,0.2333333333333333,1.8571428571428572,0.2571428571428571,4.270577491638505e-08
006,0.05,10,0.0025,35,1.9142857142857144,0.2571428571428571,0.0006107802717972843,0.2134502923976608,1.8571428571428572,0.2571428571428571,4.264598629788452e-08
006,0.05,12,0.0020833333333333333,35,2.057142857142857,0.2,-0.03183962264150941,0.16999999999999998,1.8571428571428572,0.2571428571428571,4.8194667812140324e-08
006,0.05,14,0.0017857142857142859,35,1.9142857142857144,0.2857142857142857,-0.06635827085659596,0.3052503052503052,1.8571428571428572,0.2571428571428571,1.2657218917411228e-07
006,0.05,16,0.0015625,35,1.9142857142857144,0.2857142857142857,-0.06635827085659596,0.3052503052503052,1.8571428571428572,0.2571428571428571,9.645765430832398e-08
006,0.05,20,0.00125,35,1.7428571428571429,0.3142857142857143,-0.026058631921824116,0.25555555555555554,1.8571428571428572,0.2571428571428571,1.249348144938267e-07
006,0.05,25,0.001,35,1.2857142857142858,0.42857142857142855,0.08602150537634401,0.3199013157894737,1.8571428571428572,0.2571428571428571,1.4410386484087212e-07
006,0.05,30,0.0008333333333333334,35,1.1428571428571428,0.5142857142857142,0.10891089108910879,0.3573529411764706,1.8571428571428572,0.2571428571428571,3.979040457124938e-07
006,0.05,40,0.000625,35,0.7714285714285715,0.5714285714285714,0.29401709401709386,0.34671052631578947,1.8571428571428572,0.2571428571428571,2.0790589871921838e-07
006,0.05,50,0.0005,35,0.7428571428571429,0.5714285714285714,0.20986622073578598,0.3392612859097127,1.8571428571428572,0.2571428571428571,8.988808986032382e-08
006,0.05,60,0.0004166666666666667,35,0.7142857142857143,0.5142857142857142,0.2394978271366489,0.3214285714285714,1.8571428571428572,0.2571428571428571,4.563963216241973e-07
006,0.05,75,0.0003333333333333334,35,0.42857142857142855,0.6571428571428571,0.5877734155916994,0.5169340463458111,1.8571428571428572,0.2571428571428571,6.980660032240849e-07
006,0.1,1,0.05,35,0.5428571428571428,0.6857142857142857,0.3733333333333333,0.47766122766122765,1.8571428571428572,0.2571428571428571,9.401437850442562e-09
006,0.1,2,0.025,35,0.2857142857142857,0.8285714285714286,0.7263249348392702,0.5677655677655677,1.8571428571428572,0.2571428571428571,2.6892654204857536e-05
006,0.1,3,0.016666666666666666,35,0.5428571428571428,0.6571428571428571,0.6203459396071533,0.3458646616541353,1.8571428571428572,0.2571428571428571,3.380610635872472e-08
006,0.1,4,0.0125,35,0.6,0.6285714285714286,0.6080305927342256,0.37976190476190474,1.8571428571428572,0.2571428571428571,6.826378040614145e-08
006,0.1,5,0.01,35,1.6,0.3142857142857143,0.12735849056603765,0.3653225806451613,1.8571428571428572,0.2571428571428571,2.9199672013646705e-08
006,0.1,6,0.008333333333333333,35,1.457142857142857,0.37142857142857144,0.10874976067394237,0.20727272727272728,1.8571428571428572,0.2571428571428571,2.3091580203526973e-07
006,0.1,8,0.00625,35,1.4285714285714286,0.4,0.11392405063291133,0.29166666666666663,1.8571428571428572,0.2571428571428571,8.068878543099345e-08
006,0.1,10,0.005,35,1.9142857142857144,0.2571428571428571,0.0006107802717972843,0.2134502923976608,1.8571428571428572,0.2571428571428571,6.538872554529007e-08
006,0.1,12,0.004166666666666667,35,2.0285714285714285,0.2,-0.04739480480024305,0.22666666666666666,1.8571428571428572,0.2571428571428571,4.102206574430056e-08
006,0.1,14,0.0035714285714285718,35,1.9142857142857144,0.2857142857142857,-0.06635827085659596,0.3052503052503052,1.8571428571428572,0.2571428571428571,6.188458456790613e-08
006,0.1,16,0.003125,35,1.9142857142857144,0.2857142857142857,-0.06635827085659596,0.3052503052503052,1.8571428571428572,0.2571428571428571,1.2169635965619818e-07
006,0.1,20,0.0025,35,1.8,0.3142857142857143,-0.03983402489626564,0.25555555555555554,1.8571428571428572,0.2571428571428571,4.0805311130043265e-08
006,0.1,25,0.002,35,1.2857142857142858,0.42857142857142855,0.08602150537634401,0.3199013157894737,1.8571428571428572,0.2571428571428571,4.8745857128551506e-08
006,0.1,30,0.0016666666666666668,35,1.1428571428571428,0.5142857142857142,0.10891089108910879,0.3573529411764706,1.8571428571428572,0.2571428571428571,9.058977923359635e-08
006,0.1,40,0.00125,35,0.7714285714285715,0.5714285714285714,0.29401709401709386,0.34671052631578947,1.8571428571428572,0.2571428571428571,1.2745505273414892e-07
006,0.1,50,0.001,35,0.7142857142857143,0.6,0.25651302605210413,0.3508771929824561,1.8571428571428572,0.2571428571428571,5.4801084559130686e-08
006,0.1,60,0.0008333333333333334,35,0.6857142857142857,0.5428571428571428,0.2898550724637682,0.3214285714285714,1.8571428571428572,0.2571428571428571,7.94478438592705e-08
006,0.1,75,0.0006666666666666668,35,0.45714285714285713,0.6571428571428571,0.5459459459459459,0.5016835016835017,1.8571428571428572,0.2571428571428571,3.5105884421682276e-07
006,0.2,1,0.1,35,0.6571428571428571,0.6571428571428571,0.27749576988155666,0.3848015761328455,1.8571428571428572,0.2571428571428571,1.0543874218171823e-08
006,0.2,2,0.05,35,0.2857142857142857,0.8285714285714286,0.7263249348392702,0.5677655677655677,1.8571428571428572,0.2571428571428571,3.3380660170223564e-05
006,0.2,3,0.03333333333333333,35,0.45714285714285713,0.7428571428571429,0.6056991385023194,0.39610389610389607,1.8571428571428572,0.2571428571428571,1.3405967820290243e-06
006,0.2,4,0.025,35,0.5714285714285714,0.6285714285714286,0.6428571428571429,0.3753501400560224,1.8571428571428572,0.2571428571428571,7.376132202807639e-07
006,0.2,5,0.02,35,1.5714285714285714,0.3142857142857143,0.09261576971214003,0.38431372549019605,1.8571428571428572,0.2571428571428571,1.889227121409931e-07
006,0.2,6,0.016666666666666666,35,1.4285714285714286,0.37142857142857144,0.0680049160180255,0.260119940029985,1.8571428571428572,0.2571428571428571,4.4871256932310644e-07
006,0.2,8,0.0125,35,1.4,0.42857142857142855,0.07371103705155846,0.31290322580645163,1.8571428571428572,0.2571428571428571,5.363222399523693e-08
006,0.2,10,0.01,35,1.8571428571428572,0.2857142857142857,-0.030239665433488883,0.3074074074074074,1.8571428571428572,0.2571428571428571,3.160362496146263e-07
006,0.2,12,0.008333333333333333,35,2.0,0.22857142857142856,-0.06323620582765033,0.24888888888888885,1.8571428571428572,0.2571428571428571,2.8138506991126633e-07
006,0.2,14,0.0071428571428571435,35,1.9428571428571428,0.2571428571428571,-0.07348242811501593,0.21047619047619046,1.8571428571428572,0.2571428571428571,2.0753174112542183e-07
006,0.2,16,0.00625,35,1.9428571428571428,0.2571428571428571,-0.07348242811501593,0.21047619047619046,1.8571428571428572,0.2571428571428571,9.452858051872681e-08
006,0.2,20,0.005,35,1.8,0.3142857142857143,-0.03983402489626564,0.25555555555555554,1.8571428571428572,0.2571428571428571,1.010642378673765e-07
006,0.2,25,0.004,35,1.3142857142857143,0.4,0.10447761194029848,0.3038194444444444,1.8571428571428572,0.2571428571428571,6.771676908101654e-08
006,0.2,30,0.0033333333333333335,35,1.2285714285714286,0.4857142857142857,0.07582938388625593,0.3462121212121212,1.8571428571428572,0.2571428571428571,1.6297066167680896e-06
006,0.2,40,0.0025,35,0.7142857142857143,0.5714285714285714,0.3439911797133407,0.34671052631578947,1.8571428571428572,0.2571428571428571,1.1150714840368892e-07
006,0.2,50,0.002,35,0.8285714285714286,0.5714285714285714,0.1871750433275562,0.34671052631578947,1.8571428571428572,0.2571428571428571,5.995710239403707e-08
006,0.2,60,0.0016666666666666668,35,0.7428571428571429,0.5142857142857142,0.23913043478260876,0.32281205164992827,1.8571428571428572,0.2571428571428571,1.6325874696576648e-07
006,0.2,75,0.0013333333333333335,35,0.45714285714285713,0.6571428571428571,0.5714285714285714,0.5047619047619047,1.8571428571428572,0.2571428571428571,7.412737801359981e-08
006,0.5,1,0.25,35,0.8857142857142857,0.5714285714285714,0.13315579227696395,0.43994828700711053,1.8571428571428572,0.2571428571428571,1.4209147991550708e-07
006,0.5,2,0.125,35,0.2857142857142857,0.8285714285714286,0.713375796178344,0.7301587301587302,1.8571428571428572,0.2571428571428571,0.0005919839022681117
006,0.5,3,0.08333333333333333,35,0.45714285714285713,0.7428571428571429,0.6056991385023194,0.39610389610389607,1.8571428571428572,0.2571428571428571,0.00014767343236599118
006,0.5,4,0.0625,35,0.4857142857142857,0.6571428571428571,0.6846846846846846,0.3458646616541353,1.8571428571428572,0.2571428571428571,3.002277298946865e-05
006,0.5,5,0.05,35,1.6,0.3142857142857143,0.03645833333333326,0.3464285714285714,1.8571428571428572,0.2571428571428571,6.055828407625086e-07
006,0.5,6,0.041666666666666664,35,1.4857142857142858,0.34285714285714286,0.04945277665180392,0.23809523809523808,1.8571428571428572,0.2571428571428571,3.698787622852251e-07
006,0.5,8,0.03125,35,1.4285714285714286,0.42857142857142855,0.06431615652847722,0.3033794162826421,1.8571428571428572,0.2571428571428571,1.9193845446352498e-07
006,0.5,10,0.025,35,1.8857142857142857,0.2857142857142857,-0.06060606060606055,0.2937062937062937,1.8571428571428572,0.2571428571428571,3.383041757842875e-07
006,0.5,12,0.020833333333333332,35,1.9714285714285715,0.2571428571428571,-0.07973421926910285,0.2690909090909091,1.8571428571428572,0.2571428571428571,7.609086338788984e-08
006,0.5,14,0.017857142857142856,35,1.9714285714285715,0.2571428571428571,-0.07973421926910285,0.2690909090909091,1.8571428571428572,0.2571428571428571,4.011868171005517e-08
006,0.5,16,0.015625,35,1.9428571428571428,0.2857142857142857,-0.0969305331179322,0.28753623188405797,1.8571428571428572,0.2571428571428571,2.552233979713492e-07
006,0.5,20,0.0125,35,1.7714285714285714,0.34285714285714286,-0.05700712589073653,0.2698412698412698,1.8571428571428572,0.2571428571428571,9.4737494293895e-08
006,0.5,25,0.01,35,1.3428571428571427,0.42857142857142855,0.06480117820324016,0.3199013157894737,1.8571428571428572,0.2571428571428571,2.7104925948151504e-07
006,0.5,30,0.008333333333333333,35,1.2,0.4857142857142857,0.08794788273615628,0.3354978354978355,1.8571428571428572,0.2571428571428571,0.0017231341917067766
006,0.5,40,0.00625,35,0.6857142857142857,0.6,0.3772241992882561,0.3571428571428571,1.8571428571428572,0.2571428571428571,8.559422894904856e-07
006,0.5,50,0.005,35,0.8571428571428571,0.5428571428571428,0.17361111111111105,0.33805668016194335,1.8571428571428572,0.2571428571428571,1.2691550921317685e-07
006,0.5,60,0.004166666666666667,35,0.6,0.6,0.4026258205689277,0.37302631578947365,1.8571428571428572,0.2571428571428571,9.191359851001835e-08
006,0.5,75,0.0033333333333333335,35,0.5142857142857142,0.6,0.5333333333333332,0.4833333333333334,1.8571428571428572,0.2571428571428571,5.371457589831152e-08
006,1.0,1,0.5,35,1.0285714285714285,0.5428571428571428,0.06993006993007,0.3541855203619909,1.8571428571428572,0.2571428571428571,0.00017280568135902286
006,1.0,2,0.25,35,0.2571428571428571,0.8,0.7735191637630663,0.6666666666666666,1.8571428571428572,0.2571428571428571,0.0012765399878844619
006,1.0,3,0.16666666666666666,35,0.42857142857142855,0.7428571428571429,0.633074061548867,0.40476190476190477,1.8571428571428572,0.2571428571428571,8.469010208500549e-05
006,1.0,4,0.125,35,0.45714285714285713,0.6857142857142857,0.6675712347354139,0.37398373983739835,1.8571428571428572,0.2571428571428571,0.0013262120774015784
006,1.0,5,0.1,35,1.6285714285714286,0.2857142857142857,0.028314028314028294,0.3055555555555556,1.8571428571428572,0.2571428571428571,5.2722214604727924e-05
006,1.0,6,0.08333333333333333,35,1.5142857142857142,0.3142857142857143,0.040609137055837574,0.2222222222222222,1.8571428571428572,0.2571428571428571,0.021574504673480988
006,1.0,8,0.0625,35,1.4857142857142858,0.4,0.046177138531415696,0.30000000000000004,1.8571428571428572,0.2571428571428571,0.007836141623556614
006,1.0,10,0.05,35,1.8571428571428572,0.2857142857142857,-0.05397400032910982,0.22893772893772893,1.8571428571428572,0.2571428571428571,0.0003677644126582891
006,1.0,12,0.041666666666666664,35,2.0,0.22857142857142856,-0.06323620582765033,0.24888888888888885,1.8571428571428572,0.2571428571428571,1.439494212718273e-07
006,1.0,14,0.03571428571428571,35,1.9714285714285715,0.2571428571428571,-0.07973421926910285,0.2690909090909091,1.8571428571428572,0.2571428571428571,0.00078856066102162
006,1.0,16,0.03125,35,1.9428571428571428,0.2857142857142857,-0.0969305331179322,0.28753623188405797,1.8571428571428572,0.2571428571428571,0.00028326056781224906
006,1.0,20,0.025,35,1.7428571428571429,0.37142857142857144,-0.07496095783446122,0.2828282828282828,1.8571428571428572,0.2571428571428571,2.82425560271804e-07
006,1.0,25,0.02,35,1.2857142857142858,0.42857142857142855,0.08602150537634401,0.3199013157894737,1.8571428571428572,0.2571428571428571,4.691887170338305e-06
006,1.0,30,0.016666666666666666,35,1.2285714285714286,0.42857142857142855,0.07960199004975121,0.3217741935483871,1.8571428571428572,0.2571428571428571,9.55937593971612e-06
006,1.0,40,0.0125,35,0.6,0.6,0.46153846153846156,0.41216216216216217,1.8571428571428572,0.2571428571428571,0.009862998500466347
006,1.0,50,0.01,35,0.7428571428571429,0.5714285714285714,0.33333333333333337,0.35789473684210527,1.8571428571428572,0.2571428571428571,0.0010924972593784332
006,1.0,60,0.008333333333333333,35,0.5428571428571428,0.6,0.5016077170418007,0.3721804511278195,1.8571428571428572,0.2571428571428571,1.6576443329086032e-07
006,1.0,75,0.006666666666666667,35,0.4857142857142857,0.6285714285714286,0.5733788395904437,0.494949494949495,1.8571428571428572,0.2571428571428571,1.4324015751299157e-07
006,2.0,1,1.0,35,1.2,0.45714285714285713,0.0134228187919464,0.2992294632362544,1.8571428571428572,0.2571428571428571,0.0005362934316508472
006,2.0,2,0.5,35,0.3142857142857143,0.7428571428571429,0.736842105263158,0.6264550264550265,1.8571428571428572,0.2571428571428571,0.00023478764342144132
006,2.0,3,0.3333333333333333,35,0.42857142857142855,0.7142857142857143,0.6469929025028016,0.3956521739130435,1.8571428571428572,0.2571428571428571,0.005460979882627726
006,2.0,4,0.25,35,0.4857142857142857,0.6285714285714286,0.6706169397002439,0.36730769230769234,1.8571428571428572,0.2571428571428571,0.007868253625929356
006,2.0,5,0.2,35,1.5714285714285714,0.3142857142857143,-0.008462623413258097,0.29570791527313267,1.8571428571428572,0.2571428571428571,0.0011242558248341084
006,2.0,6,0.16666666666666666,35,1.4,0.34285714285714286,0.022165781574693955,0.22364672364672364,1.8571428571428572,0.2571428571428571,0.0001441516651539132
006,2.0,8,0.125,35,1.3714285714285714,0.45714285714285713,0.0,0.32533733133433285,1.8571428571428572,0.2571428571428571,0.00022452653502114117
006,2.0,10,0.1,35,1.8285714285714285,0.2571428571428571,-0.04833219877467676,0.21047619047619046,1.8571428571428572,0.2571428571428571,0.0003275888448115438
006,2.0,12,0.08333333333333333,35,2.0,0.22857142857142856,-0.06323620582765033,0.24888888888888885,1.8571428571428572,0.2571428571428571,0.00013599985686596483
006,2.0,14,0.07142857142857142,35,1.9142857142857144,0.3142857142857143,-0.11487044066677687,0.30444444444444446,1.8571428571428572,0.2571428571428571,3.992660640506074e-05
006,2.0,16,0.0625,35,1.9142857142857144,0.3142857142857143,-0.11487044066677687,0.30444444444444446,1.8571428571428572,0.2571428571428571,1.4412157725018915e-06
006,2.0,20,0.05,35,1.8,0.34285714285714286,-0.08942390369733477,0.25585284280936454,1.8571428571428572,0.2571428571428571,0.000543095578905195
006,2.0,25,0.04,35,1.2857142857142858,0.4,0.05891980360065463,0.2976190476190476,1.8571428571428572,0.2571428571428571,2.452799162711017e-05
006,2.0,30,0.03333333333333333,35,1.1142857142857143,0.42857142857142855,0.13162705667276053,0.3217741935483871,1.8571428571428572,0.2571428571428571,4.118212018511258e-05
006,2.0,40,0.025,35,0.5428571428571428,0.6,0.5333333333333333,0.4340659340659341,1.8571428571428572,0.2571428571428571,6.044991096132435e-06
006,2.0,50,0.02,35,0.5428571428571428,0.6285714285714286,0.5231607629427794,0.38533834586466165,1.8571428571428572,0.2571428571428571,1.16728342618444e-05
006,2.0,60,0.016666666666666666,35,0.45714285714285713,0.6285714285714286,0.6232876712328766,0.5007974481658692,1.8571428571428572,0.2571428571428571,1.1423700925661251e-05
006,2.0,75,0.013333333333333334,35,0.5428571428571428,0.6285714285714286,0.4837758112094396,0.38533834586466165,1.8571428571428572,0.2571428571428571,1.0729718979973768e-07
006,3.0,1,1.5,35,1.2857142857142858,0.42857142857142855,-0.01248699271592102,0.29269841269841274,1.8571428571428572,0.2571428571428571,0.0011914257192984223
006,3.0,2,0.75,35,0.3142857142857143,0.7428571428571429,0.736842105263158,0.6264550264550265,1.8571428571428572,0.2571428571428571,0.009359770454466343
006,3.0,3,0.5,35,0.37142857142857144,0.7142857142857143,0.6956521739130435,0.4195804195804196,1.8571428571428572,0.2571428571428571,0.0006903562461957335
006,3.0,4,0.375,35,0.42857142857142855,0.6857142857142857,0.6643651706942846,0.3968531468531469,1.8571428571428572,0.2571428571428571,0.0023450711742043495
006,3.0,5,0.3,35,1.542857142857143,0.2857142857142857,0.0,0.25142857142857145,1.8571428571428572,0.2571428571428571,0.0006397662800736725
006,3.0,6,0.25,35,1.3714285714285714,0.3142857142857143,0.03389830508474578,0.20518518518518516,1.8571428571428572,0.2571428571428571,4.53004649898503e-05
006,3.0,8,0.1875,35,1.3714285714285714,0.42857142857142855,0.0,0.3005952380952381,1.8571428571428572,0.2571428571428571,4.410112160257995e-05
006,3.0,10,0.15,35,1.8,0.2571428571428571,-0.041272570937231245,0.22,1.8571428571428572,0.2571428571428571,0.00018946209456771612
006,3.0,12,0.125,35,1.9714285714285715,0.2571428571428571,-0.07973421926910285,0.2690909090909091,1.8571428571428572,0.2571428571428571,0.00013713075895793736
006,3.0,14,0.10714285714285714,35,1.9142857142857144,0.3142857142857143,-0.11487044066677687,0.30444444444444446,1.8571428571428572,0.2571428571428571,0.0002871655742637813
006,3.0,16,0.09375,35,1.9142857142857144,0.3142857142857143,-0.11487044066677687,0.30444444444444446,1.8571428571428572,0.2571428571428571,0.004311894532293081
006,3.0,20,0.075,35,1.7428571428571429,0.34285714285714286,-0.07682731637915707,0.25585284280936454,1.8571428571428572,0.2571428571428571,3.7992518628016114e-05
006,3.0,25,0.06,35,1.2,0.37142857142857144,0.06367041198501855,0.28084415584415584,1.8571428571428572,0.2571428571428571,0.00012665745452977717
006,3.0,30,0.05,35,1.0,0.42857142857142855,0.19958419958419948,0.30131964809384165,1.8571428571428572,0.2571428571428571,0.00021577351435553282
006,3.0,40,0.0375,35,0.5428571428571428,0.6,0.5333333333333333,0.4340659340659341,1.8571428571428572,0.2571428571428571,4.552884092845488e-06
006,3.0,50,0.03,35,0.45714285714285713,0.6285714285714286,0.6363636363636364,0.3960526315789474,1.8571428571428572,0.2571428571428571,0.0007300273864530027
006,3.0,60,0.025,35,0.45714285714285713,0.6571428571428571,0.6129032258064515,0.5058479532163743,1.8571428571428572,0.2571428571428571,0.00011209890362806618
006,3.0,75,0.02,35,0.5428571428571428,0.6571428571428571,0.4686648501362398,0.4091478696741855,1.8571428571428572,0.2571428571428571,9.930146660508399e-08
006,5.0,1,2.5,35,1.3142857142857143,0.42857142857142855,-0.030253475061324586,0.31500000000000006,1.8571428571428572,0.2571428571428571,0.004071011673659086
006,5.0,2,1.25,35,0.4,0.6571428571428571,0.6808510638297872,0.5755040755040755,1.8571428571428572,0.2571428571428571,0.00770017271861434
006,5.0,3,0.8333333333333334,35,0.4,0.6857142857142857,0.6451612903225806,0.4592254592254592,1.8571428571428572,0.2571428571428571,0.0017575380625203252
006,5.0,4,0.625,35,0.45714285714285713,0.6285714285714286,0.6263345195729537,0.39627329192546584,1.8571428571428572,0.2571428571428571,6.692703755106777e-05
006,5.0,5,0.5,35,1.3714285714285714,0.37142857142857144,-0.006711409395973256,0.2932692307692308,1.8571428571428572,0.2571428571428571,7.7680560934823e-05
006,5.0,6,0.4166666666666667,35,1.3428571428571427,0.3142857142857143,0.011401917595232014,0.1896551724137931,1.8571428571428572,0.2571428571428571,0.0006468592910096049
006,5.0,8,0.3125,35,1.3142857142857143,0.4,0.013605442176870652,0.31805555555555554,1.8571428571428572,0.2571428571428571,0.00011526275920914486
006,5.0,10,0.25,35,1.8,0.2571428571428571,-0.04141291108404399,0.295,1.8571428571428572,0.2571428571428571,0.0002842930844053626
006,5.0,12,0.20833333333333334,35,1.9142857142857144,0.2857142857142857,-0.09071626692772083,0.22454545454545455,1.8571428571428572,0.2571428571428571,0.0009128390811383724
006,5.0,14,0.17857142857142858,35,1.8285714285714285,0.34285714285714286,-0.12048192771084332,0.38309523809523804,1.8571428571428572,0.2571428571428571,0.0004415537405293435
006,5.0,16,0.15625,35,1.8285714285714285,0.34285714285714286,-0.12048192771084332,0.38309523809523804,1.8571428571428572,0.2571428571428571,0.0006753903580829501
006,5.0,20,0.125,35,1.6857142857142857,0.37142857142857144,-0.0903225806451613,0.37655677655677655,1.8571428571428572,0.2571428571428571,0.00017489089805167168
006,5.0,25,0.1,35,1.1142857142857143,0.4,0.09900990099009899,0.3212898212898213,1.8571428571428572,0.2571428571428571,3.412679870962165e-05
006,5.0,30,0.08333333333333333,35,0.9714285714285714,0.37142857142857144,0.23076923076923084,0.2832512315270936,1.8571428571428572,0.2571428571428571,0.0008571484941057861
006,5.0,40,0.0625,35,0.5428571428571428,0.6285714285714286,0.5177453027139873,0.44805194805194803,1.8571428571428572,0.2571428571428571,0.0006580828921869397
006,5.0,50,0.05,35,0.42857142857142855,0.6571428571428571,0.6511627906976745,0.5179252479023646,1.8571428571428572,0.2571428571428571,0.00459189573302865
006,5.0,60,0.041666666666666664,35,0.37142857142857144,0.7428571428571429,0.6645367412140575,0.537940379403794,1.8571428571428572,0.2571428571428571,2.0638879504986107e-05
006,5.0,75,0.03333333333333333,35,0.5142857142857142,0.6857142857142857,0.48369565217391297,0.41758241758241754,1.8571428571428572,0.2571428571428571,1.8371929400018416e-05
007,0.01,1,0.005,41,1.2682926829268293,0.36585365853658536,0.33398966281073095,0.21447963800904976,2.1951219512195124,0.14634146341463414,3.0520318716753536e-08
007,0.01,2,0.0025,41,0.8536585365853658,0.6341463414634146,0.509683564398349,0.4120098039215686,2.1951219512195124,0.14634146341463414,3.5453517455152905e-08
007,0.01,3,0.0016666666666666668,41,0.9024390243902439,0.6097560975609756,0.4833602584814216,0.3729946524064171,2.1951219512195124,0.14634146341463414,2.8295371379272183e-08
007,0.01,4,0.00125,41,0.926829268292683,0.6097560975609756,0.4647977744489621,0.4901960784313726,2.1951219512195124,0.14634146341463414,5.215108700440396e-08
007,0.01,5,0.001,41,0.9512195121951219,0.6097560975609756,0.4426177679418274,0.49732620320855614,2.1951219512195124,0.14634146341463414,1.8582932170829736e-07
007,0.01,6,0.0008333333333333334,41,1.024390243902439,0.5365853658536586,0.4184397163120567,0.3411764705882353,2.1951219512195124,0.14634146341463414,1.1065985745517537e-06
007,0.01,8,0.000625,41,1.024390243902439,0.5609756097560976,0.41215493259148295,0.3536931818181818,2.1951219512195124,0.14634146341463414,2.7160153877048288e-06
007,0.01,10,0.0005,41,1.170731707317073,0.4146341463414634,0.38407611417125687,0.23424317617866003,2.1951219512195124,0.14634146341463414,5.938607955613406e-06
007,0.01,12,0.0004166666666666667,41,1.1951219512195121,0.4146341463414634,0.36658015078482253,0.2885304659498208,2.1951219512195124,0.14634146341463414,1.1247158909100108e-05
007,0.01,14,0.00035714285714285714,41,1.0975609756097562,0.4634146341463415,0.41073761729421543,0.32027649769585254,2.1951219512195124,0.14634146341463414,1.941315713338554e-05
007,0.01,16,0.0003125,41,1.048780487804878,0.4634146341463415,0.46993849629722606,0.34739454094292804,2.1951219512195124,0.14634146341463414,1.6224868886638433e-05
007,0.01,20,0.00025,41,2.1463414634146343,0.2682926829268293,-0.11512145056448864,0.1998873873873874,2.1951219512195124,0.14634146341463414,1.7775748347048648e-05
007,0.01,25,0.0002,41,2.2195121951219514,0.1951219512195122,-0.12362332451122682,0.14786967418546365,2.1951219512195124,0.14634146341463414,2.2000775061314926e-05
007,0.01,30,0.00016666666666666666,41,1.6097560975609757,0.4146341463414634,0.10289769367238333,0.3315991576861142,2.1951219512195124,0.14634146341463414,4.348057336756028e-05
007,0.01,40,0.000125,41,1.2439024390243902,0.4878048780487805,0.35140782011740124,0.4035426731078905,2.1951219512195124,0.14634146341463414,5.559228520723991e-05
007,0.01,50,0.0001,41,1.3658536585365855,0.3902439024390244,0.38464223385689356,0.29507080610021785,2.1951219512195124,0.14634146341463414,0.00010419518366688862
007,0.01,60,8.333333333333333e-05,41,1.0731707317073171,0.5121951219512195,0.5012165450121655,0.49444444444444446,2.1951219512195124,0.14634146341463414,0.0001436429884051904
007,0.01,75,6.666666666666667e-05,41,0.975609756097561,0.6097560975609756,0.46844613918017153,0.5765802824626354,2.1951219512195124,0.14634146341463414,0.00024480573483742774
007,0.01,90,5.555555555555556e-05,41,0.9512195121951219,0.6341463414634146,0.46506233690924903,0.5970536362693225,2.1951219512195124,0.14634146341463414,0.0001993171899812296
007,0.05,1,0.025,41,1.3902439024390243,0.3170731707317073,0.23732522796352584,0.19083333333333333,2.1951219512195124,0.14634146341463414,2.3430297702020653e-08
007,0.05,2,0.0125,41,0.9512195121951219,0.6341463414634146,0.4337595907928389,0.5521821631878557,2.1951219512195124,0.14634146341463414,2.3192272990968377e-08
007,0.05,3,0.008333333333333333,41,0.975609756097561,0.6097560975609756,0.4210963455149501,0.5049019607843137,2.1951219512195124,0.14634146341463414,2.3472015442393968e-08
007,0.05,4,0.00625,41,0.975609756097561,0.6097560975609756,0.4210963455149501,0.5049019607843137,2.1951219512195124,0.14634146341463414,2.8666413243172428e-08
007,0.05,5,0.005,41,0.975609756097561,0.6097560975609756,0.4210963455149501,0.5049019607843137,2.1951219512195124,0.14634146341463414,2.8701045096113376e-08
007,0.05,6,0.004166666666666667,41,1.0,0.5609756097560976,0.4266040354435785,0.3524667931688804,2.1951219512195124,0.14634146341463414,3.2576572550624405e-08
007,0.05,8,0.003125,41,1.0731707317073171,0.5365853658536586,0.383061049011178,0.3380681818181818,2.1951219512195124,0.14634146341463414,3.507107138034371e-08
007,0.05,10,0.0025,41,1.1951219512195121,0.4146341463414634,0.36327494098645796,0.22980769230769232,2.1951219512195124,0.14634146341463414,3.298470829804501e-08
007,0.05,12,0.0020833333333333333,41,1.170731707317073,0.4146341463414634,0.38407611417125687,0.23424317617866003,2.1951219512195124,0.14634146341463414,3.382686131203627e-08
007,0.05,14,0.0017857142857142859,41,1.0975609756097562,0.4634146341463415,0.41073761729421543,0.32027649769585254,2.1951219512195124,0.14634146341463414,3.988929364595606e-08
007,0.05,16,0.0015625,41,1.1219512195121952,0.43902439024390244,0.42795285061342314,0.33205128205128204,2.1951219512195124,0.14634146341463414,4.0896857456118596e-08
007,0.05,20,0.00125,41,2.1463414634146343,0.2682926829268293,-0.11512145056448864,0.1998873873873874,2.1951219512195124,0.14634146341463414,4.041199375137694e-08
007,0.05,25,0.001,41,2.2195121951219514,0.1951219512195122,-0.12362332451122682,0.14786967418546365,2.1951219512195124,0.14634146341463414,4.097103456501827e-08
007,0.05,30,0.0008333333333333334,41,1.6341463414634145,0.3902439024390244,0.0934060485870104,0.3192914653784219,2.1951219512195124,0.14634146341463414,9.16800928507655e-08
007,0.05,40,0.000625,41,1.2439024390243902,0.4878048780487805,0.35140782011740124,0.4035426731078905,2.1951219512195124,0.14634146341463414,7.585047256952748e-08
007,0.05,50,0.0005,41,1.3658536585365855,0.3902439024390244,0.3688920708788258,0.3067129629629629,2.1951219512195124,0.14634146341463414,3.1838573022469063e-07
007,0.05,60,0.0004166666666666667,41,1.0,0.5853658536585366,0.5057633084029916,0.578407224958949,2.1951219512195124,0.14634146341463414,2.6458710635779426e-06
007,0.05,75,0.0003333333333333334,41,0.9512195121951219,0.5853658536585366,0.5123227709582263,0.4221870882740448,2.1951219512195124,0.14634146341463414,1.2329406672506593e-05
007,0.05,90,0.0002777777777777778,41,0.975609756097561,0.6097560975609756,0.45354762838102713,0.5596638655462185,2.1951219512195124,0.14634146341463414,2.9273298423504457e-05
007,0.1,1,0.05,41,1.4634146341463414,0.3170731707317073,0.18078020932445282,0.234375,2.1951219512195124,0.14634146341463414,4.802861042207951e-08
007,0.1,2,0.025,41,0.975609756097561,0.6097560975609756,0.4234904880066169,0.40477833362083837,2.1951219512195124,0.14634146341463414,1.9400397732738384e-08
007,0.1,3,0.016666666666666666,41,0.975609756097561,0.6097560975609756,0.4210963455149501,0.5049019607843137,2.1951219512195124,0.14634146341463414,2.099878848582648e-08
007,0.1,4,0.0125,41,0.975609756097561,0.6097560975609756,0.4210963455149501,0.5049019607843137,2.1951219512195124,0.14634146341463414,1.8762030151719955e-08
007,0.1,5,0.01,41,0.975609756097561,0.6097560975609756,0.4210963455149501,0.5049019607843137,2.1951219512195124,0.14634146341463414,2.1884453360598854e-08
007,0.1,6,0.008333333333333333,41,1.048780487804878,0.5365853658536586,0.3941745508663761,0.2787878787878788,2.1951219512195124,0.14634146341463414,2.3124631098880855e-08
007,0.1,8,0.00625,41,1.0975609756097562,0.5121951219512195,0.3745537163258682,0.3269794721407625,2.1951219512195124,0.14634146341463414,3.030243789226006e-08
007,0.1,10,0.005,41,1.1951219512195121,0.4146341463414634,0.35628631474842387,0.28205128205128205,2.1951219512195124,0.14634146341463414,2.5987564100660165e-08
007,0.1,12,0.004166666666666667,41,1.170731707317073,0.4146341463414634,0.3769307424015944,0.2872596153846154,2.1951219512195124,0.14634146341463414,2.9159238579268276e-08
007,0.1,14,0.0035714285714285718,41,1.0731707317073171,0.4878048780487805,0.41981132075471694,0.33035714285714285,2.1951219512195124,0.14634146341463414,3.684955984795124e-08
007,0.1,16,0.003125,41,1.1219512195121952,0.43902439024390244,0.42795285061342314,0.33205128205128204,2.1951219512195124,0.14634146341463414,3.432249684465205e-08
007,0.1,20,0.0025,41,2.1707317073170733,0.24390243902439024,-0.10511195606252643,0.18306636155606407,2.1951219512195124,0.14634146341463414,3.212461052726212e-08
007,0.1,25,0.002,41,2.2195121951219514,0.1951219512195122,-0.12362332451122682,0.14786967418546365,2.1951219512195124,0.14634146341463414,2.987993852343607e-08
007,0.1,30,0.0016666666666666668,41,1.6829268292682926,0.34146341463414637,0.06639004149377592,0.2829096989966555,2.1951219512195124,0.14634146341463414,4.394663832840706e-08
007,0.1,40,0.00125,41,1.2682926829268293,0.4878048780487805,0.3213564796124343,0.4004629629629629,2.1951219512195124,0.14634146341463414,4.996768865339618e-08
007,0.1,50,0.001,41,1.3658536585365855,0.3902439024390244,0.35715587967183227,0.30973715651135003,2.1951219512195124,0.14634146341463414,5.303585126625876e-08
007,0.1,60,0.0008333333333333334,41,1.024390243902439,0.5609756097560976,0.4958117982534307,0.5508658008658008,2.1951219512195124,0.14634146341463414,8.477596225020534e-08
007,0.1,75,0.0006666666666666668,41,0.926829268292683,0.5853658536585366,0.5267738883632924,0.5547109894935982,2.1951219512195124,0.14634146341463414,5.925766117798048e-07
007,0.1,90,0.0005555555555555556,41,0.975609756097561,0.6097560975609756,0.45354762838102713,0.5596638655462185,2.1951219512195124,0.14634146341463414,3.2186569569603307e-06
007,0.2,1,0.1,41,1.5609756097560976,0.2926829268292683,0.1112158341187558,0.22011385199240985,2.1951219512195124,0.14634146341463414,2.313253025931772e-05
007,0.2,2,0.05,41,1.024390243902439,0.5853658536585366,0.39882697947214074,0.3158681214421252,2.1951219512195124,0.14634146341463414,4.566126790450653e-06
007,0.2,3,0.03333333333333333,41,1.1219512195121952,0.5121951219512195,0.35075921908893704,0.2709677419354839,2.1951219512195124,0.14634146341463414,1.5022788829810452e-05
007,0.2,4,0.025,41,0.975609756097561,0.6097560975609756,0.4210963455149501,0.5049019607843137,2.1951219512195124,0.14634146341463414,2.1756918044957274e-08
007,0.2,5,0.02,41,0.9512195121951219,0.6341463414634146,0.4337595907928389,0.5521821631878557,2.1951219512195124,0.14634146341463414,1.769786095451309e-08
007,0.2,6,0.016666666666666666,41,1.0975609756097562,0.5365853658536586,0.3678894205209996,0.37370055780933065,2.1951219512195124,0.14634146341463414,2.2286958056838557e-08
007,0.2,8,0.0125,41,1.1219512195121952,0.4878048780487805,0.363019693654267,0.2536290322580645,2.1951219512195124,0.14634146341463414,2.1635568003830485e-08
007,0.2,10,0.01,41,1.2195121951219512,0.3902439024390244,0.3462879920279024,0.2716346153846154,2.1951219512195124,0.14634146341463414,3.4360095213514796e-08
007,0.2,12,0.008333333333333333,41,1.1951219512195121,0.4146341463414634,0.35628631474842387,0.28205128205128205,2.1951219512195124,0.14634146341463414,2.532051901482646e-08
007,0.2,14,0.0071428571428571435,41,1.1219512195121952,0.4878048780487805,0.37678489175495156,0.33035714285714285,2.1951219512195124,0.14634146341463414,3.086874400537454e-08
007,0.2,16,0.00625,41,1.1219512195121952,0.43902439024390244,0.42795285061342314,0.33205128205128204,2.1951219512195124,0.14634146341463414,3.0878020140789886e-08
007,0.2,20,0.005,41,2.1707317073170733,0.24390243902439024,-0.10511195606252643,0.18306636155606407,2.1951219512195124,0.14634146341463414,3.3684504074926735e-08
007,0.2,25,0.004,41,2.2195121951219514,0.1951219512195122,-0.12362332451122682,0.14786967418546365,2.1951219512195124,0.14634146341463414,3.431114947716196e-08
007,0.2,30,0.0033333333333333335,41,1.6341463414634145,0.34146341463414637,0.09755089387206772,0.2852173913043478,2.1951219512195124,0.14634146341463414,3.574127660499471e-08
007,0.2,40,0.0025,41,1.2682926829268293,0.4878048780487805,0.3213564796124343,0.4004629629629629,2.1951219512195124,0.14634146341463414,1.5221402804854733e-07
007,0.2,50,0.002,41,1.3902439024390243,0.4146341463414634,0.3198259450639108,0.33166698107275355,2.1951219512195124,0.14634146341463414,4.0125183176087376e-08
007,0.2,60,0.0016666666666666668,41,1.024390243902439,0.5609756097560976,0.48647667453258303,0.4164562289562289,2.1951219512195124,0.14634146341463414,4.714669543659511e-08
007,0.2,75,0.0013333333333333335,41,0.926829268292683,0.5853658536585366,0.5267738883632924,0.5547109894935982,2.1951219512195124,0.14634146341463414,2.986456024700601e-07
007,0.2,90,0.0011111111111111111,41,0.975609756097561,0.6097560975609756,0.45354762838102713,0.5596638655462185,2.1951219512195124,0.14634146341463414,6.394487428451612e-08
007,0.5,1,0.25,41,1.5609756097560976,0.2926829268292683,0.10679611650485432,0.19058823529411764,2.1951219512195124,0.14634146341463414,0.000138255360070616
007,0.5,2,0.125,41,1.1951219512195121,0.5365853658536586,0.29837270341207345,0.3573687539531942,2.1951219512195124,0.14634146341463414,0.00012639837223105133
007,0.5,3,0.08333333333333333,41,1.2195121951219512,0.5121951219512195,0.28951817413355874,0.3469520872865275,2.1951219512195124,0.14634146341463414,4.742990495287813e-05
007,0.5,4,0.0625,41,1.1219512195121952,0.5365853658536586,0.3474108658743633,0.2944971537001898,2.1951219512195124,0.14634146341463414,4.933232489179318e-08
007,0.5,5,0.05,41,1.0975609756097562,0.5609756097560976,0.35876981211294223,0.37870611954459205,2.1951219512195124,0.14634146341463414,6.203532620929764e-08
007,0.5,6,0.041666666666666664,41,1.1951219512195121,0.5121951219512195,0.30145291104839567,0.28458781362007163,2.1951219512195124,0.14634146341463414,1.1983749459432147e-07
007,0.5,8,0.03125,41,1.170731707317073,0.4878048780487805,0.33289357959542665,0.26236559139784943,2.1951219512195124,0.14634146341463414,5.295897608448286e-06
007,0.5,10,0.025,41,1.2195121951219512,0.3902439024390244,0.3462879920279024,0.2716346153846154,2.1951219512195124,0.14634146341463414,7.657432377072837e-08
007,0.5,12,0.020833333333333332,41,1.1951219512195121,0.4146341463414634,0.35628631474842387,0.28205128205128205,2.1951219512195124,0.14634146341463414,3.7712453604399343e-07
007,0.5,14,0.017857142857142856,41,1.1951219512195121,0.43902439024390244,0.3358164833865437,0.24230769230769234,2.1951219512195124,0.14634146341463414,8.963074833445717e-06
007,0.5,16,0.015625,41,1.146341463414634,0.43902439024390244,0.4026110269262152,0.32405397022332505,2.1951219512195124,0.14634146341463414,2.8258270958758658e-06
007,0.5,20,0.0125,41,2.1707317073170733,0.24390243902439024,-0.10511195606252643,0.18306636155606407,2.1951219512195124,0.14634146341463414,3.8033068250342694e-08
007,0.5,25,0.01,41,2.2195121951219514,0.1951219512195122,-0.12362332451122682,0.14786967418546365,2.1951219512195124,0.14634146341463414,2.3747004362917323e-08
007,0.5,30,0.008333333333333333,41,1.6341463414634145,0.34146341463414637,0.09755089387206772,0.2852173913043478,2.1951219512195124,0.14634146341463414,0.0001701939181657508
007,0.5,40,0.00625,41,1.2682926829268293,0.4878048780487805,0.3213564796124343,0.4004629629629629,2.1951219512195124,0.14634146341463414,2.3737873107165797e-06
007,0.5,50,0.005,41,1.4146341463414633,0.43902439024390244,0.2707358172626848,0.3551965276103207,2.1951219512195124,0.14634146341463414,4.3175905517500723e-08
007,0.5,60,0.004166666666666667,41,1.024390243902439,0.5609756097560976,0.4727916511367871,0.41333333333333333,2.1951219512195124,0.14634146341463414,2.6502178229748097e-07
007,0.5,75,0.0033333333333333335,41,0.9024390243902439,0.6097560975609756,0.5369177634649491,0.5870707070707071,2.1951219512195124,0.14634146341463414,1.2141551053446165e-07
007,0.5,90,0.002777777777777778,41,0.8780487804878049,0.6341463414634146,0.5140260766495457,0.5749373433583961,2.1951219512195124,0.14634146341463414,1.0227378197669168e-06
007,1.0,1,0.5,41,1.6341463414634145,0.2926829268292683,0.055299539170506895,0.20317460317460317,2.1951219512195124,0.14634146341463414,0.0011891304748132825
007,1.0,2,0.25,41,1.2439024390243902,0.4878048780487805,0.2803957025848315,0.27539241132122105,2.1951219512195124,0.14634146341463414,0.00046724319690838456
007,1.0,3,0.16666666666666666,41,1.2439024390243902,0.4878048780487805,0.2803957025848315,0.27539241132122105,2.1951219512195124,0.14634146341463414,5.98046972299926e-05
007,1.0,4,0.125,41,1.2195121951219512,0.4634146341463415,0.305696063338465,0.2668473841149363,2.1951219512195124,0.14634146341463414,4.734244430437684e-05
007,1.0,5,0.1,41,1.2195121951219512,0.4878048780487805,0.29764453961456105,0.2796934865900383,2.1951219512195124,0.14634146341463414,1.0700364327931311e-05
007,1.0,6,0.08333333333333333,41,1.2439024390243902,0.4878048780487805,0.27021963151868433,0.278983666061706,2.1951219512195124,0.14634146341463414,2.09406680369284e-05
007,1.0,8,0.0625,41,1.2682926829268293,0.4634146341463415,0.26485201987470297,0.24913793103448273,2.1951219512195124,0.14634146341463414,7.320037980207417e-07
007,1.0,10,0.05,41,1.2682926829268293,0.36585365853658536,0.30887456618740694,0.20903225806451614,2.1951219512195124,0.14634146341463414,1.7805805896387028e-07
007,1.0,12,0.041666666666666664,41,1.2439024390243902,0.36585365853658536,0.33261829652996844,0.205,2.1951219512195124,0.14634146341463414,5.803599833598128e-06
007,1.0,14,0.03571428571428571,41,1.2195121951219512,0.4146341463414634,0.32918192918192923,0.2254545454545455,2.1951219512195124,0.14634146341463414,1.1751876627386082e-05
007,1.0,16,0.03125,41,1.3414634146341464,0.3170731707317073,0.3289768044271755,0.24816758287522905,2.1951219512195124,0.14634146341463414,8.233359238829507e-08
007,1.0,20,0.025,41,2.1951219512195124,0.21951219512195122,-0.09534145934212734,0.1649184149184149,2.1951219512195124,0.14634146341463414,4.966819844298698e-08
007,1.0,25,0.02,41,2.2195121951219514,0.1951219512195122,-0.12362332451122682,0.14786967418546365,2.1951219512195124,0.14634146341463414,9.98656730644143e-08
007,1.0,30,0.016666666666666666,41,1.7073170731707317,0.2926829268292683,0.10015961691939346,0.24577294685990336,2.1951219512195124,0.14634146341463414,1.4491051558707113e-07
007,1.0,40,0.0125,41,1.3414634146341464,0.43902439024390244,0.28188056949708085,0.35048928527189394,2.1951219512195124,0.14634146341463414,4.930390787194483e-06
007,1.0,50,0.01,41,1.4146341463414633,0.43902439024390244,0.2707358172626848,0.3551965276103207,2.1951219512195124,0.14634146341463414,9.762314903127844e-07
007,1.0,60,0.008333333333333333,41,1.0,0.5853658536585366,0.4642892229099126,0.43499511241446726,2.1951219512195124,0.14634146341463414,1.1207951047254028e-06
007,1.0,75,0.006666666666666667,41,0.8048780487804879,0.6341463414634146,0.5951283739302172,0.6037851662404092,2.1951219512195124,0.14634146341463414,0.003623932134360075
007,1.0,90,0.005555555555555556,41,0.8048780487804879,0.6585365853658537,0.567484965000493,0.46606753812636165,2.1951219512195124,0.14634146341463414,4.738182468599916e-08
007,2.0,1,1.0,41,1.6829268292682926,0.24390243902439024,0.02651560805110298,0.1788573999100315,2.1951219512195124,0.14634146341463414,0.0034783072769641876
007,2.0,2,0.5,41,1.3170731707317074,0.4634146341463415,0.23928342930262314,0.27484122492611457,2.1951219512195124,0.14634146341463414,0.00605018949136138
007,2.0,3,0.3333333333333333,41,1.3902439024390243,0.4146341463414634,0.19449017670947222,0.23952991452991457,2.1951219512195124,0.14634146341463414,0.000241496367380023
007,2.0,4,0.25,41,1.2926829268292683,0.43902439024390244,0.2553561718325177,0.25495818399044207,2.1951219512195124,0.14634146341463414,0.0001404240174451843
007,2.0,5,0.2,41,1.2926829268292683,0.43902439024390244,0.2553561718325177,0.25495818399044207,2.1951219512195124,0.14634146341463414,0.00018012127839028835
007,2.0,6,0.16666666666666666,41,1.3170731707317074,0.4146341463414634,0.24024416830172224,0.2512913583693983,2.1951219512195124,0.14634146341463414,0.00010032614227384329
007,2.0,8,0.125,41,1.3170731707317074,0.4634146341463415,0.2299666110183639,0.2722167487684729,2.1951219512195124,0.14634146341463414,2.440416756144259e-05
007,2.0,10,0.1,41,1.3170731707317074,0.36585365853658536,0.2664410058027079,0.20903225806451614,2.1951219512195124,0.14634146341463414,0.000271189259365201
007,2.0,12,0.08333333333333333,41,1.3414634146341464,0.36585365853658536,0.24720988839553582,0.205,2.1951219512195124,0.14634146341463414,4.9117130402009934e-05
007,2.0,14,0.07142857142857142,41,1.2682926829268293,0.3902439024390244,0.3021706956092748,0.271875,2.1951219512195124,0.14634146341463414,0.004356418736279011
007,2.0,16,0.0625,41,1.4390243902439024,0.3170731707317073,0.2515024379181312,0.2366944711006127,2.1951219512195124,0.14634146341463414,0.0024962639436125755
007,2.0,20,0.05,41,2.1707317073170733,0.1951219512195122,-0.0892442610265669,0.1492361927144536,2.1951219512195124,0.14634146341463414,6.63731261738576e-05
007,2.0,25,0.04,41,2.2195121951219514,0.1951219512195122,-0.12362332451122682,0.14786967418546365,2.1951219512195124,0.14634146341463414,7.458619074895978e-05
007,2.0,30,0.03333333333333333,41,1.7804878048780488,0.24390243902439024,0.08126680609501036,0.19738095238095238,2.1951219512195124,0.14634146341463414,0.00010245574230793864
007,2.0,40,0.025,41,1.4146341463414633,0.43902439024390244,0.2313522138013563,0.3415750915750916,2.1951219512195124,0.14634146341463414,9.753060294315219e-05
007,2.0,50,0.02,41,1.4390243902439024,0.43902439024390244,0.23544037486850922,0.347977207977208,2.1951219512195124,0.14634146341463414,1.227911212708932e-07
007,2.0,60,0.016666666666666666,41,0.9512195121951219,0.5853658536585366,0.4985582181565079,0.34669738863287247,2.1951219512195124,0.14634146341463414,0.0009130798280239105
007,2.0,75,0.013333333333333334,41,0.8292682926829268,0.6097560975609756,0.5966963622865626,0.5800653594771242,2.1951219512195124,0.14634146341463414,0.0002724055666476488
007,2.0,90,0.011111111111111112,41,0.8048780487804879,0.6341463414634146,0.5721101282178709,0.5745702999893242,2.1951219512195124,0.14634146341463414,0.0015201483620330691
007,3.0,1,1.5,41,1.7317073170731707,0.21951219512195122,-0.00815641117908128,0.16654970760233917,2.1951219512195124,0.14634146341463414,0.0005112639628350735
007,3.0,2,0.75,41,1.3902439024390243,0.4146341463414634,0.20331540234932477,0.25113752122241084,2.1951219512195124,0.14634146341463414,0.006581467110663652
007,3.0,3,0.5,41,1.4634146341463414,0.3902439024390244,0.15323117921385754,0.2234343434343434,2.1951219512195124,0.14634146341463414,0.0023911138996481895
007,3.0,4,0.375,41,1.3414634146341464,0.4146341463414634,0.23049061573921648,0.23952991452991457,2.1951219512195124,0.14634146341463414,0.001096936292015016
007,3.0,5,0.3,41,1.3414634146341464,0.4146341463414634,0.2270973431815676,0.24356217259443066,2.1951219512195124,0.14634146341463414,9.018160199047998e-05
007,3.0,6,0.25,41,1.3658536585365855,0.4146341463414634,0.20794443238550042,0.246693657219973,2.1951219512195124,0.14634146341463414,0.0009469767101109028
007,3.0,8,0.1875,41,1.2926829268292683,0.4634146341463415,0.25406958187041173,0.26867167919799495,2.1951219512195124,0.14634146341463414,0.00015180221816990525
007,3.0,10,0.15,41,1.3658536585365855,0.3902439024390244,0.22749476622470344,0.296078431372549,2.1951219512195124,0.14634146341463414,0.00034395887632854283
007,3.0,12,0.125,41,1.3902439024390243,0.36585365853658536,0.2095801301005321,0.26129032258064516,2.1951219512195124,0.14634146341463414,6.866497278679162e-05
007,3.0,14,0.10714285714285714,41,1.3414634146341464,0.36585365853658536,0.2521728485738769,0.2515151515151515,2.1951219512195124,0.14634146341463414,0.0027866980526596308
007,3.0,16,0.09375,41,1.4634146341463414,0.3170731707317073,0.2314215576880161,0.24021739130434783,2.1951219512195124,0.14634146341463414,0.0016408605733886361
007,3.0,20,0.075,41,2.1951219512195124,0.17073170731707318,-0.09853068280034583,0.13144963144963145,2.1951219512195124,0.14634146341463414,0.0002692015841603279
007,3.0,25,0.06,41,2.2195121951219514,0.1951219512195122,-0.12362332451122682,0.14786967418546365,2.1951219512195124,0.14634146341463414,6.651606963714585e-05
007,3.0,30,0.05,41,1.853658536585366,0.21951219512195122,0.061129439161653476,0.17168750789440446,2.1951219512195124,0.14634146341463414,0.00447341101244092
007,3.0,40,0.0375,41,1.4390243902439024,0.43902439024390244,0.213941598662865,0.3435327635327635,2.1951219512195124,0.14634146341463414,0.0078123025596141815
007,3.0,50,0.03,41,1.4390243902439024,0.4634146341463415,0.21191546332600175,0.367977207977208,2.1951219512195124,0.14634146341463414,1.0159922567254398e-05
007,3.0,60,0.025,41,0.926829268292683,0.6097560975609756,0.5076771653543307,0.44345238095238093,2.1951219512195124,0.14634146341463414,0.00036607764195650816
007,3.0,75,0.02,41,0.8536585365853658,0.5853658536585366,0.5982232805201941,0.5550895140664961,2.1951219512195124,0.14634146341463414,0.0006170202395878732
007,3.0,90,0.016666666666666666,41,0.8048780487804879,0.6341463414634146,0.5721101282178709,0.5745702999893242,2.1951219512195124,0.14634146341463414,0.003481677733361721
007,5.0,1,2.5,41,1.7560975609756098,0.24390243902439024,-0.030346135609293556,0.18149920255183413,2.1951219512195124,0.14634146341463414,0.00024567925720475614
007,5.0,2,1.25,41,1.4878048780487805,0.4146341463414634,0.138891820580475,0.23764705882352946,2.1951219512195124,0.14634146341463414,0.0013208788586780429
007,5.0,3,0.8333333333333334,41,1.5121951219512195,0.36585365853658536,0.12747014115092292,0.21014354066985647,2.1951219512195124,0.14634146341463414,0.00011253933189436793
007,5.0,4,0.625,41,1.4878048780487805,0.3902439024390244,0.13756260434056777,0.27929292929292926,2.1951219512195124,0.14634146341463414,0.0014082499546930194
007,5.0,5,0.5,41,1.4634146341463414,0.3902439024390244,0.15184859154929575,0.23008488964346352,2.1951219512195124,0.14634146341463414,0.0004508833517320454
007,5.0,6,0.4166666666666667,41,1.4390243902439024,0.3902439024390244,0.16581438363616574,0.22605263157894737,2.1951219512195124,0.14634146341463414,0.0005455368082039058
007,5.0,8,0.3125,41,1.3902439024390243,0.4146341463414634,0.19801114632280625,0.246693657219973,2.1951219512195124,0.14634146341463414,0.000648209301289171
007,5.0,10,0.25,41,1.3902439024390243,0.3902439024390244,0.20537232233934055,0.23555555555555552,2.1951219512195124,0.14634146341463414,0.0003571811830624938
007,5.0,12,0.20833333333333334,41,1.4146341463414633,0.3902439024390244,0.18950238582140422,0.2944444444444444,2.1951219512195124,0.14634146341463414,0.00038225704338401556
007,5.0,14,0.17857142857142858,41,1.4146341463414633,0.36585365853658536,0.19302821911311352,0.24705882352941178,2.1951219512195124,0.14634146341463414,0.00014460578677244484
007,5.0,16,0.15625,41,1.5121951219512195,0.2926829268292683,0.20397232760544526,0.22355072463768116,2.1951219512195124,0.14634146341463414,6.077034413465299e-05
007,5.0,20,0.125,41,2.1463414634146343,0.1951219512195122,-0.09591194968553474,0.12028985507246377,2.1951219512195124,0.14634146341463414,0.00018264856771565974
007,5.0,25,0.1,41,2.268292682926829,0.14634146341463414,-0.15892185175461626,0.11473429951690821,2.1951219512195124,0.14634146341463414,2.5838771762209944e-05
007,5.0,30,0.08333333333333333,41,1.975609756097561,0.1951219512195122,0.010703220354896348,0.14097968936678612,2.1951219512195124,0.14634146341463414,1.8479795471648686e-05
007,5.0,40,0.0625,41,1.5365853658536586,0.3902439024390244,0.155270229919379,0.30814814814814817,2.1951219512195124,0.14634146341463414,0.00025810449733398855
007,5.0,50,0.05,41,1.5121951219512195,0.3902439024390244,0.21390977443609016,0.2533133433283358,2.1951219512195124,0.14634146341463414,0.00029012057348154485
007,5.0,60,0.041666666666666664,41,0.9512195121951219,0.5853658536585366,0.4985582181565079,0.34669738863287247,2.1951219512195124,0.14634146341463414,0.0009525458444841206
007,5.0,75,0.03333333333333333,41,0.8536585365853658,0.5853658536585366,0.6084783578759483,0.5566967527751842,2.1951219512195124,0.14634146341463414,2.8972206564503722e-05
007,5.0,90,0.027777777777777776,41,0.8048780487804879,0.6341463414634146,0.5721101282178709,0.5745702999893242,2.1951219512195124,0.14634146341463414,1.0531068710406544e-06
008,0.01,1,0.005,38,0.6578947368421053,0.4473684210526316,0.12552301255230125,0.38372294372294374,1.105263157894737,0.21052631578947367,2.6974848310601374e-07
008,0.01,2,0.0025,38,0.8421052631578947,0.3684210526315789,0.09523809523809512,0.2884913536076327,1.105263157894737,0.21052631578947367,2.0916287724048743e-07
008,0.01,3,0.0016666666666666668,38,1.2105263157894737,0.18421052631578946,0.07908163265306123,0.17646025472112428,1.105263157894737,0.21052631578947367,0.0009832511423155665
008,0.01,4,0.00125,38,0.9473684210526315,0.34210526315789475,-0.07198443579766534,0.21557971014492752,1.105263157894737,0.21052631578947367,0.005329387728124857
008,0.01,5,0.001,38,0.6578947368421053,0.42105263157894735,0.05152979066022534,0.29526029526029524,1.105263157894737,0.21052631578947367,6.102856673351198e-07
008,0.01,6,0.0008333333333333334,38,0.631578947368421,0.47368421052631576,0.11627906976744196,0.42857142857142855,1.105263157894737,0.21052631578947367,6.698812171634927e-07
008,0.01,8,0.000625,38,0.6842105263157895,0.42105263157894735,0.10773480662983437,0.39729532163742687,1.105263157894737,0.21052631578947367,7.21132153103099e-07
008,0.01,10,0.0005,38,0.8157894736842105,0.2894736842105263,-0.09453471196454943,0.20627325890483786,1.105263157894737,0.21052631578947367,1.4316468650577008e-06
008,0.01,12,0.0004166666666666667,38,0.8157894736842105,0.3157894736842105,-0.18209408194233667,0.2241935483870968,1.105263157894737,0.21052631578947367,2.7859553028974915e-06
008,0.01,14,0.00035714285714285714,38,0.7631578947368421,0.34210526315789475,0.06640106241699872,0.32052545155993434,1.105263157894737,0.21052631578947367,3.657652086985763e-06
008,0.01,16,0.0003125,38,0.9473684210526315,0.3157894736842105,0.01663585951940849,0.27186147186147186,1.105263157894737,0.21052631578947367,3.841948000626871e-06
008,0.01,20,0.00025,38,1.2105263157894737,0.18421052631578946,-0.03142857142857136,0.17407407407407408,1.105263157894737,0.21052631578947367,1.2766490726789925e-05
008,0.01,25,0.0002,38,0.9736842105263158,0.2631578947368421,0.0421631530705775,0.22524818176992087,1.105263157894737,0.21052631578947367,6.476437556557357e-05
008,0.01,30,0.00016666666666666666,38,0.9210526315789473,0.3157894736842105,0.05975723622782436,0.2858499525166192,1.105263157894737,0.21052631578947367,6.221191142685711e-05
008,0.01,40,0.000125,38,0.9210526315789473,0.3157894736842105,-0.010030090270812364,0.2818803418803419,1.105263157894737,0.21052631578947367,0.00013699071132577956
008,0.01,50,0.0001,38,0.9473684210526315,0.3157894736842105,-0.019157088122605304,0.28205128205128205,1.105263157894737,0.21052631578947367,0.00023139140103012323
008,0.01,60,8.333333333333333e-05,38,0.7631578947368421,0.47368421052631576,0.05302226935312826,0.3884990253411306,1.105263157894737,0.21052631578947367,0.00023462243552785367
008,0.01,75,6.666666666666667e-05,38,0.7631578947368421,0.5,-0.02872928176795564,0.3874458874458875,1.105263157894737,0.21052631578947367,0.00023335240257438272
008,0.05,1,0.025,38,0.6842105263157895,0.42105263157894735,0.11019283746556452,0.3683448334611126,1.105263157894737,0.21052631578947367,3.595647513066069e-08
008,0.05,2,0.0125,38,0.868421052631579,0.34210526315789475,0.08456243854473944,0.2735042735042735,1.105263157894737,0.21052631578947367,2.8003864116499244e-08
008,0.05,3,0.008333333333333333,38,1.2105263157894737,0.15789473684210525,0.08104575163398697,0.1534090909090909,1.105263157894737,0.21052631578947367,0.003576143877580762
008,0.05,4,0.00625,38,1.105263157894737,0.23684210526315788,-0.11571675302245255,0.164021164021164,1.105263157894737,0.21052631578947367,2.2957818146096542e-05
008,0.05,5,0.005,38,0.7105263157894737,0.39473684210526316,0.017725258493353158,0.2817650186071239,1.105263157894737,0.21052631578947367,1.2395885278237984e-06
008,0.05,6,0.004166666666666667,38,0.631578947368421,0.47368421052631576,0.11627906976744196,0.42857142857142855,1.105263157894737,0.21052631578947367,5.189820058149053e-07
008,0.05,8,0.003125,38,0.6842105263157895,0.42105263157894735,0.10773480662983437,0.39729532163742687,1.105263157894737,0.21052631578947367,5.341790370039234e-07
008,0.05,10,0.0025,38,0.7894736842105263,0.3157894736842105,-0.08083832335329344,0.22382478632478633,1.105263157894737,0.21052631578947367,1.277080770023531e-07
008,0.05,12,0.0020833333333333333,38,0.7894736842105263,0.34210526315789475,-0.16923076923076907,0.24119241192411925,1.105263157894737,0.21052631578947367,3.741016314506851e-07
008,0.05,14,0.0017857142857142859,38,0.7894736842105263,0.3157894736842105,0.029569892473118364,0.2967479674796748,1.105263157894737,0.21052631578947367,6.271029207027823e-08
008,0.05,16,0.0015625,38,0.9736842105263158,0.2894736842105263,-0.009319664492078328,0.24119241192411925,1.105263157894737,0.21052631578947367,6.588632572857023e-07
008,0.05,20,0.00125,38,1.131578947368421,0.21052631578947367,-0.010794140323824086,0.1906191906191906,1.105263157894737,0.21052631578947367,8.753523417226461e-08
008,0.05,25,0.001,38,0.9473684210526315,0.2894736842105263,0.06727272727272726,0.2537593984962406,1.105263157894737,0.21052631578947367,1.361617734119136e-07
008,0.05,30,0.0008333333333333334,38,0.8947368421052632,0.34210526315789475,0.03515625000000011,0.3095238095238095,1.105263157894737,0.21052631578947367,1.4258829139635054e-07
008,0.05,40,0.000625,38,0.8947368421052632,0.3157894736842105,1.1102230246251565e-16,0.2828282828282829,1.105263157894737,0.21052631578947367,1.430170073035697e-06
008,0.05,50,0.0005,38,0.9473684210526315,0.3157894736842105,-0.019157088122605304,0.28205128205128205,1.105263157894737,0.21052631578947367,5.967981451249216e-06
008,0.05,60,0.0004166666666666667,38,0.7631578947368421,0.47368421052631576,0.05302226935312826,0.3884990253411306,1.105263157894737,0.21052631578947367,8.350785719812848e-06
008,0.05,75,0.0003333333333333334,38,0.7631578947368421,0.5,-0.02872928176795564,0.3874458874458875,1.105263157894737,0.21052631578947367,1.9343660824233666e-05
008,0.1,1,0.05,38,0.7105263157894737,0.39473684210526316,0.09523809523809523,0.3527336860670194,1.105263157894737,0.21052631578947367,2.9249100919059856e-08
008,0.1,2,0.025,38,0.868421052631579,0.34210526315789475,0.08456243854473944,0.2735042735042735,1.105263157894737,0.21052631578947367,1.932041371333071e-08
008,0.1,3,0.016666666666666666,38,1.1842105263157894,0.15789473684210525,0.0903573836817263,0.15221704623878538,1.105263157894737,0.21052631578947367,0.0001696543040452525
008,0.1,4,0.0125,38,1.0263157894736843,0.2894736842105263,0.021259198691741532,0.2427244582043344,1.105263157894737,0.21052631578947367,0.00022456720762420446
008,0.1,5,0.01,38,0.7105263157894737,0.39473684210526316,0.017725258493353158,0.2817650186071239,1.105263157894737,0.21052631578947367,3.6158066905045416e-06
008,0.1,6,0.008333333333333333,38,0.631578947368421,0.47368421052631576,0.11627906976744196,0.42857142857142855,1.105263157894737,0.21052631578947367,5.276831416267669e-06
008,0.1,8,0.00625,38,0.6842105263157895,0.42105263157894735,0.10773480662983437,0.39729532163742687,1.105263157894737,0.21052631578947367,3.118988445294235e-07
008,0.1,10,0.005,38,0.7631578947368421,0.34210526315789475,-0.03840472673559803,0.24401913875598083,1.105263157894737,0.21052631578947367,1.5609685988238198e-07
008,0.1,12,0.004166666666666667,38,0.7894736842105263,0.34210526315789475,-0.16923076923076907,0.24119241192411925,1.105263157894737,0.21052631578947367,0.0005817798664793372
008,0.1,14,0.0035714285714285718,38,0.7631578947368421,0.3157894736842105,0.045911047345767675,0.31015792916549856,1.105263157894737,0.21052631578947367,1.6447513644379796e-06
008,0.1,16,0.003125,38,0.9736842105263158,0.2631578947368421,-0.009661835748792313,0.22591973244147157,1.105263157894737,0.21052631578947367,5.188336444916786e-07
008,0.1,20,0.0025,38,1.1578947368421053,0.21052631578947367,-0.017857142857143016,0.19184447605500235,1.105263157894737,0.21052631578947367,9.823507696182787e-08
008,0.1,25,0.002,38,0.9210526315789473,0.3157894736842105,0.04368471035137689,0.2807557354925776,1.105263157894737,0.21052631578947367,1.8970246173921623e-07
008,0.1,30,0.0016666666666666668,38,0.9210526315789473,0.3157894736842105,0.007881773399014858,0.2871204537871204,1.105263157894737,0.21052631578947367,1.0528511040774902e-07
008,0.1,40,0.00125,38,0.8947368421052632,0.3157894736842105,1.1102230246251565e-16,0.2828282828282829,1.105263157894737,0.21052631578947367,8.165492459966117e-08
008,0.1,50,0.001,38,0.9210526315789473,0.3157894736842105,-0.010030090270812364,0.2818803418803419,1.105263157894737,0.21052631578947367,1.5876305781148403e-07
008,0.1,60,0.0008333333333333334,38,0.7105263157894737,0.5,0.07891770011273969,0.40385548852368075,1.105263157894737,0.21052631578947367,9.993674865427238e-08
008,0.1,75,0.0006666666666666668,38,0.7631578947368421,0.5,-0.02872928176795564,0.3874458874458875,1.105263157894737,0.21052631578947367,4.0716497551329667e-07
008,0.2,1,0.1,38,0.7105263157894737,0.39473684210526316,0.09523809523809523,0.3527336860670194,1.105263157894737,0.21052631578947367,9.528316149953753e-05
008,0.2,2,0.05,38,0.8421052631578947,0.34210526315789475,0.09896907216494866,0.27489177489177485,1.105263157894737,0.21052631578947367,2.899330731054306e-08
008,0.2,3,0.03333333333333333,38,1.131578947368421,0.15789473684210525,0.1108711303095753,0.15092105263157896,1.105263157894737,0.21052631578947367,3.6901270505040884e-05
008,0.2,4,0.025,38,0.9736842105263158,0.2894736842105263,0.04074402125775023,0.24126984126984127,1.105263157894737,0.21052631578947367,4.399212048156187e-05
008,0.2,5,0.02,38,0.7631578947368421,0.34210526315789475,0.04092769440654853,0.24733824733824736,1.105263157894737,0.21052631578947367,2.4972330720629543e-05
008,0.2,6,0.016666666666666666,38,0.631578947368421,0.4473684210526316,0.04040404040404044,0.30793650793650795,1.105263157894737,0.21052631578947367,3.5543887406674912e-06
008,0.2,8,0.0125,38,0.7105263157894737,0.39473684210526316,0.017725258493353158,0.2817650186071239,1.105263157894737,0.21052631578947367,2.0904563768908702e-07
008,0.2,10,0.01,38,0.7368421052631579,0.3157894736842105,-0.059233449477351874,0.21769733534439417,1.105263157894737,0.21052631578947367,3.729480795300333e-07
008,0.2,12,0.008333333333333333,38,0.7368421052631579,0.3684210526315789,-0.11764705882352944,0.25833333333333336,1.105263157894737,0.21052631578947367,0.00011474858911242336
008,0.2,14,0.0071428571428571435,38,0.7894736842105263,0.2894736842105263,0.031161473087818803,0.29444444444444445,1.105263157894737,0.21052631578947367,1.5790812994964654e-06
008,0.2,16,0.00625,38,0.9736842105263158,0.23684210526315788,-0.010030090270812364,0.21145299145299146,1.105263157894737,0.21052631578947367,5.043073088017991e-07
008,0.2,20,0.005,38,1.1578947368421053,0.21052631578947367,-0.017857142857143016,0.19184447605500235,1.105263157894737,0.21052631578947367,9.152202551376831e-08
008,0.2,25,0.004,38,0.9210526315789473,0.3157894736842105,0.04368471035137689,0.2807557354925776,1.105263157894737,0.21052631578947367,5.96657159235292e-08
008,0.2,30,0.0033333333333333335,38,0.8947368421052632,0.3157894736842105,0.018595041322314043,0.2877617877617878,1.105263157894737,0.21052631578947367,1.2925693226861767e-07
008,0.2,40,0.0025,38,0.8947368421052632,0.3157894736842105,1.1102230246251565e-16,0.2828282828282829,1.105263157894737,0.21052631578947367,5.3681571188235466e-08
008,0.2,50,0.002,38,0.9210526315789473,0.3157894736842105,-0.010030090270812364,0.2818803418803419,1.105263157894737,0.21052631578947367,9.1116220346521e-08
008,0.2,60,0.0016666666666666668,38,0.7105263157894737,0.5,0.07891770011273969,0.40385548852368075,1.105263157894737,0.21052631578947367,1.0219915935749668e-07
008,0.2,75,0.0013333333333333335,38,0.6578947368421053,0.5526315789473685,0.1014994232987313,0.47111560498820354,1.105263157894737,0.21052631578947367,5.953150434834242e-07
008,0.5,1,0.25,38,0.7368421052631579,0.3684210526315789,0.08064516129032273,0.3368176538908247,1.105263157894737,0.21052631578947367,3.2124542485689744e-05
008,0.5,2,0.125,38,0.8157894736842105,0.34210526315789475,0.149843912591051,0.21626984126984125,1.105263157894737,0.21052631578947367,6.402673170669004e-05
008,0.5,3,0.08333333333333333,38,1.1842105263157894,0.13157894736842105,0.13470173187940992,0.09628676470588235,1.105263157894737,0.21052631578947367,0.003495229175314307
008,0.5,4,0.0625,38,0.9473684210526315,0.2631578947368421,0.017892644135188873,0.2377417903733693,1.105263157894737,0.21052631578947367,0.002103384817019105
008,0.5,5,0.05,38,0.8421052631578947,0.2631578947368421,0.0,0.1895424836601307,1.105263157894737,0.21052631578947367,0.0004771284875459969
008,0.5,6,0.041666666666666664,38,0.6578947368421053,0.42105263157894735,-0.006837606837606813,0.2854851643945469,1.105263157894737,0.21052631578947367,0.0010305085452273488
008,0.5,8,0.03125,38,0.7105263157894737,0.34210526315789475,-0.010291595197255532,0.2370927318295739,1.105263157894737,0.21052631578947367,8.520669325662311e-06
008,0.5,10,0.025,38,0.7368421052631579,0.3157894736842105,-0.09352517985611519,0.21341463414634146,1.105263157894737,0.21052631578947367,2.8506852686405182e-05
008,0.5,12,0.020833333333333332,38,0.7894736842105263,0.3157894736842105,-0.1797385620915033,0.22083333333333333,1.105263157894737,0.21052631578947367,3.2466537959408015e-05
008,0.5,14,0.017857142857142856,38,0.7368421052631579,0.3157894736842105,0.06461538461538474,0.3300813008130082,1.105263157894737,0.21052631578947367,0.00021280680084601045
008,0.5,16,0.015625,38,0.9210526315789473,0.2894736842105263,-0.029755579171094615,0.25727272727272726,1.105263157894737,0.21052631578947367,1.3300538057592348e-06
008,0.5,20,0.0125,38,1.1578947368421053,0.21052631578947367,-0.017857142857143016,0.19184447605500235,1.105263157894737,0.21052631578947367,5.4381907830247656e-05
008,0.5,25,0.01,38,0.9210526315789473,0.2894736842105263,0.0453201970443351,0.26242909576242907,1.105263157894737,0.21052631578947367,5.905716534471139e-06
008,0.5,30,0.008333333333333333,38,0.8947368421052632,0.3157894736842105,-0.04166666666666674,0.2909774436090225,1.105263157894737,0.21052631578947367,3.0070651746427757e-07
008,0.5,40,0.00625,38,0.868421052631579,0.34210526315789475,-0.03100775193798455,0.30978157644824306,1.105263157894737,0.21052631578947367,4.097487931176147e-07
008,0.5,50,0.005,38,0.868421052631579,0.34210526315789475,0.029197080291970767,0.30686986827337703,1.105263157894737,0.21052631578947367,5.599200108008517e-07
008,0.5,60,0.004166666666666667,38,0.6842105263157895,0.47368421052631576,0.054973821989528715,0.40404040404040403,1.105263157894737,0.21052631578947367,1.6994852103380254e-07
008,0.5,75,0.0033333333333333335,38,0.5789473684210527,0.5789473684210527,0.15445026178010468,0.4898989898989899,1.105263157894737,0.21052631578947367,6.132281123427674e-05
008,1.0,1,0.5,38,0.7631578947368421,0.3684210526315789,0.06031363088057906,0.26451800232288036,1.105263157894737,0.21052631578947367,0.00018600947805680335
008,1.0,2,0.25,38,0.8947368421052632,0.34210526315789475,0.09375,0.17446514837819185,1.105263157894737,0.21052631578947367,0.0002446254948154092
008,1.0,3,0.16666666666666666,38,1.2105263157894737,0.13157894736842105,0.14149821640903681,0.07702941176470587,1.105263157894737,0.21052631578947367,2.2203339540283196e-05
008,1.0,4,0.125,38,0.9210526315789473,0.23684210526315788,0.04898828541001066,0.22887864823348694,1.105263157894737,0.21052631578947367,1.414163034496596e-05
008,1.0,5,0.1,38,0.8157894736842105,0.2894736842105263,-0.039270687237026536,0.20455749867514572,1.105263157894737,0.21052631578947367,0.0003566491068340838
008,1.0,6,0.08333333333333333,38,0.7105263157894737,0.3684210526315789,-0.07179487179487176,0.24699278267842825,1.105263157894737,0.21052631578947367,0.00036141969030722976
008,1.0,8,0.0625,38,0.7631578947368421,0.2894736842105263,-0.07547169811320753,0.20050125313283207,1.105263157894737,0.21052631578947367,0.0005685186479240656
008,1.0,10,0.05,38,0.7105263157894737,0.34210526315789475,-0.07678244972577697,0.22887864823348694,1.105263157894737,0.21052631578947367,6.483295237558195e-06
008,1.0,12,0.041666666666666664,38,0.7894736842105263,0.2894736842105263,-0.11764705882352944,0.19999999999999998,1.105263157894737,0.21052631578947367,0.005620077718049288
008,1.0,14,0.03571428571428571,38,0.7368421052631579,0.3157894736842105,0.06461538461538474,0.3300813008130082,1.105263157894737,0.21052631578947367,4.7436744353035465e-05
008,1.0,16,0.03125,38,0.868421052631579,0.2894736842105263,-0.009445100354191105,0.2648148148148148,1.105263157894737,0.21052631578947367,4.909721974399872e-05
008,1.0,20,0.025,38,1.1578947368421053,0.21052631578947367,-0.017857142857143016,0.19184447605500235,1.105263157894737,0.21052631578947367,0.0007769839721731842
008,1.0,25,0.02,38,0.8947368421052632,0.2894736842105263,0.057851239669421406,0.26395226395226395,1.105263157894737,0.21052631578947367,2.736581336648669e-05
008,1.0,30,0.016666666666666666,38,0.8157894736842105,0.3684210526315789,0.011560693641618491,0.3348121261006923,1.105263157894737,0.21052631578947367,0.00047705438919365406
008,1.0,40,0.0125,38,0.8421052631578947,0.3684210526315789,0.0,0.3323308270676692,1.105263157894737,0.21052631578947367,0.00041352101834490895
008,1.0,50,0.01,38,0.7894736842105263,0.3684210526315789,0.02444987775061125,0.3394736842105263,1.105263157894737,0.21052631578947367,1.0945776693915832e-06
008,1.0,60,0.008333333333333333,38,0.631578947368421,0.5,0.08757062146892658,0.42671957671957667,1.105263157894737,0.21052631578947367,7.724008173681796e-05
008,1.0,75,0.006666666666666667,38,0.6052631578947368,0.5263157894736842,0.10300429184549353,0.443064182194617,1.105263157894737,0.21052631578947367,5.442109249997884e-05
008,2.0,1,1.0,38,0.8421052631578947,0.3157894736842105,0.05753968253968256,0.225,1.105263157894737,0.21052631578947367,0.002329963957890868
008,2.0,2,0.5,38,0.868421052631579,0.34210526315789475,0.10607356715141147,0.17857142857142855,1.105263157894737,0.21052631578947367,0.00027914621750824153
008,2.0,3,0.3333333333333333,38,1.263157894736842,0.15789473684210525,0.08982035928143717,0.0978988603988604,1.105263157894737,0.21052631578947367,0.0009918647119775414
008,2.0,4,0.25,38,0.9473684210526315,0.23684210526315788,0.12037037037037046,0.17333965844402277,1.105263157894737,0.21052631578947367,0.0004345385532360524
008,2.0,5,0.2,38,0.7631578947368421,0.2894736842105263,-0.012924071082390798,0.19808949220713926,1.105263157894737,0.21052631578947367,0.0005668184603564441
008,2.0,6,0.16666666666666666,38,0.7631578947368421,0.2894736842105263,-0.10973451327433636,0.19747474747474747,1.105263157894737,0.21052631578947367,0.0006924092303961515
008,2.0,8,0.125,38,0.7631578947368421,0.2894736842105263,-0.07547169811320753,0.20050125313283207,1.105263157894737,0.21052631578947367,0.0014214677503332496
008,2.0,10,0.1,38,0.6578947368421053,0.3684210526315789,-0.007858546168958647,0.24735156442473516,1.105263157894737,0.21052631578947367,5.1340732170501724e-05
008,2.0,12,0.08333333333333333,38,0.7631578947368421,0.2894736842105263,-0.10973451327433636,0.19747474747474747,1.105263157894737,0.21052631578947367,0.003294574096798897
008,2.0,14,0.07142857142857142,38,0.7368421052631579,0.3157894736842105,0.06461538461538474,0.3300813008130082,1.105263157894737,0.21052631578947367,0.0003490158705972135
008,2.0,16,0.0625,38,0.8421052631578947,0.2894736842105263,0.0025000000000000577,0.2714285714285714,1.105263157894737,0.21052631578947367,0.0011988027254119515
008,2.0,20,0.05,38,1.0789473684210527,0.2631578947368421,0.018504240555127338,0.24038324038324035,1.105263157894737,0.21052631578947367,0.00038678929558955133
008,2.0,25,0.04,38,0.868421052631579,0.3157894736842105,0.030401737242128135,0.289717303510407,1.105263157894737,0.21052631578947367,0.0001979638182092458
008,2.0,30,0.03333333333333333,38,0.7894736842105263,0.39473684210526316,0.02336448598130847,0.35368335368335363,1.105263157894737,0.21052631578947367,0.002396772848442197
008,2.0,40,0.025,38,0.8157894736842105,0.3684210526315789,0.011560693641618491,0.3348121261006923,1.105263157894737,0.21052631578947367,0.00010379504237789661
008,2.0,50,0.02,38,0.7105263157894737,0.3684210526315789,0.07385524372230434,0.37735247208931416,1.105263157894737,0.21052631578947367,0.00017128173203673214
008,2.0,60,0.016666666666666666,38,0.631578947368421,0.4473684210526316,0.09810126582278478,0.4229235880398671,1.105263157894737,0.21052631578947367,1.9205333956051618e-05
008,2.0,75,0.013333333333333334,38,0.5789473684210527,0.5263157894736842,0.12576687116564422,0.4528985507246377,1.105263157894737,0.21052631578947367,0.0006161888595670462
008,3.0,1,1.5,38,0.8947368421052632,0.2894736842105263,0.09999999999999998,0.16677248677248677,1.105263157894737,0.21052631578947367,0.0012550505343824625
008,3.0,2,0.75,38,0.9473684210526315,0.2894736842105263,0.10377358490566035,0.16791208791208792,1.105263157894737,0.21052631578947367,0.0043696388602256775
008,3.0,3,0.5,38,1.3421052631578947,0.15789473684210525,0.08322266489597163,0.10712962962962962,1.105263157894737,0.21052631578947367,2.9433504096232355e-05
008,3.0,4,0.375,38,0.8947368421052632,0.2894736842105263,0.109375,0.20762928827444957,1.105263157894737,0.21052631578947367,5.68832183489576e-05
008,3.0,5,0.3,38,0.7368421052631579,0.3157894736842105,0.003278688524590234,0.21804511278195485,1.105263157894737,0.21052631578947367,0.0006868914933875203
008,3.0,6,0.25,38,0.7631578947368421,0.2894736842105263,-0.10973451327433636,0.19747474747474747,1.105263157894737,0.21052631578947367,0.013985652476549149
008,3.0,8,0.1875,38,0.6842105263157895,0.34210526315789475,-0.027027027027026973,0.23137254901960783,1.105263157894737,0.21052631578947367,0.0004977250937372446
008,3.0,10,0.15,38,0.6578947368421053,0.3684210526315789,-0.007858546168958647,0.24735156442473516,1.105263157894737,0.21052631578947367,7.197468221420422e-05
008,3.0,12,0.125,38,0.7105263157894737,0.3157894736842105,-0.08251473477406668,0.21088938162108894,1.105263157894737,0.21052631578947367,0.00037050098762847483
008,3.0,14,0.10714285714285714,38,0.7368421052631579,0.3157894736842105,0.06461538461538474,0.3300813008130082,1.105263157894737,0.21052631578947367,0.0007008151151239872
008,3.0,16,0.09375,38,0.7631578947368421,0.2894736842105263,0.04855842185129,0.31451612903225806,1.105263157894737,0.21052631578947367,0.00013730660430155694
008,3.0,20,0.075,38,0.9736842105263158,0.2894736842105263,-0.011204481792717047,0.26733143399810066,1.105263157894737,0.21052631578947367,0.0006944949273020029
008,3.0,25,0.06,38,0.8421052631578947,0.3157894736842105,0.04347826086956519,0.2932932932932933,1.105263157894737,0.21052631578947367,2.6746365620056167e-05
008,3.0,30,0.05,38,0.7368421052631579,0.39473684210526316,0.05249343832021003,0.36532356532356536,1.105263157894737,0.21052631578947367,0.004545416217297316
008,3.0,40,0.0375,38,0.7105263157894737,0.39473684210526316,0.06993006993007,0.37689550592776394,1.105263157894737,0.21052631578947367,4.4576609070645645e-05
008,3.0,50,0.03,38,0.6578947368421053,0.39473684210526316,0.1127214170692431,0.4246309246309246,1.105263157894737,0.21052631578947367,3.739371823030524e-05
008,3.0,60,0.025,38,0.631578947368421,0.4473684210526316,0.09810126582278478,0.4229235880398671,1.105263157894737,0.21052631578947367,3.705859126057476e-05
008,3.0,75,0.02,38,0.5789473684210527,0.5,0.13355048859934837,0.45413105413105415,1.105263157894737,0.21052631578947367,9.73610622168053e-06
008,5.0,1,2.5,38,0.9473684210526315,0.23684210526315788,0.08117443868739205,0.14788695877625097,1.105263157894737,0.21052631578947367,0.0067831226624548435
008,5.0,2,1.25,38,1.0526315789473684,0.21052631578947367,0.0797720797720799,0.13349613349613348,1.105263157894737,0.21052631578947367,0.003124737413600087
008,5.0,3,0.8333333333333334,38,1.2894736842105263,0.21052631578947367,0.07716749886518381,0.13737373737373737,1.105263157894737,0.21052631578947367,0.004626098088920116
008,5.0,4,0.625,38,1.0,0.23684210526315788,0.060955518945634335,0.14543336439888163,1.105263157894737,0.21052631578947367,0.0009021449368447065
008,5.0,5,0.5,38,0.7894736842105263,0.2631578947368421,-0.09121621621621623,0.1826826826826827,1.105263157894737,0.21052631578947367,0.00872772466391325
008,5.0,6,0.4166666666666667,38,0.8157894736842105,0.2631578947368421,-0.165837479270315,0.17833726724364019,1.105263157894737,0.21052631578947367,0.03582414612174034
008,5.0,8,0.3125,38,0.6578947368421053,0.3684210526315789,-0.007858546168958647,0.24735156442473516,1.105263157894737,0.21052631578947367,0.0006887753843329847
008,5.0,10,0.25,38,0.631578947368421,0.39473684210526316,0.0119999999999999,0.2628968253968254,1.105263157894737,0.21052631578947367,2.197918001911603e-05
008,5.0,12,0.20833333333333334,38,0.7368421052631579,0.2894736842105263,-0.14000000000000012,0.18948412698412698,1.105263157894737,0.21052631578947367,0.00010713766823755577
008,5.0,14,0.17857142857142858,38,0.6842105263157895,0.3684210526315789,0.1230769230769232,0.3685636856368564,1.105263157894737,0.21052631578947367,0.0027739969082176685
008,5.0,16,0.15625,38,0.7105263157894737,0.34210526315789475,0.10622154779969661,0.3526881720430108,1.105263157894737,0.21052631578947367,0.0012234204914420843
008,5.0,20,0.125,38,0.9736842105263158,0.2631578947368421,-0.011616650532429773,0.2466885604816639,1.105263157894737,0.21052631578947367,0.0011246377835050225
008,5.0,25,0.1,38,0.8421052631578947,0.3157894736842105,0.04347826086956519,0.2932932932932933,1.105263157894737,0.21052631578947367,0.0004808591038454324
008,5.0,30,0.08333333333333333,38,0.6842105263157895,0.39473684210526316,0.08982035928143706,0.39508547008547007,1.105263157894737,0.21052631578947367,5.061786941951141e-05
008,5.0,40,0.0625,38,0.7631578947368421,0.34210526315789475,0.04092769440654853,0.34043134043134043,1.105263157894737,0.21052631578947367,0.0002613786782603711
008,5.0,50,0.05,38,0.6842105263157895,0.3684210526315789,0.09523809523809534,0.4071207430340557,1.105263157894737,0.21052631578947367,0.0008444791310466826
008,5.0,60,0.041666666666666664,38,0.6578947368421053,0.42105263157894735,0.08112324492979739,0.40700602079912424,1.105263157894737,0.21052631578947367,0.00035048462450504303
008,5.0,75,0.03333333333333333,38,0.5789473684210527,0.5,0.13355048859934837,0.45413105413105415,1.105263157894737,0.21052631578947367,3.851811197819188e-05
009,0.01,1,0.005,40,1.6,0.3,0.0,0.15384615384615385,1.3,0.5,4.519193552710021e-08
009,0.01,2,0.0025,40,1.125,0.575,0.38545150501672243,0.31053698074974667,1.3,0.5,3.34542313851216e-08
009,0.01,3,0.0016666666666666668,40,1.125,0.5,0.4860557768924303,0.454524089306698,1.3,0.5,3.193457587258308e-08
009,0.01,4,0.00125,40,1.675,0.5,0.1610139235987148,0.31341991341991343,1.3,0.5,3.463047804075359e-08
009,0.01,5,0.001,40,1.675,0.5,0.1610139235987148,0.31341991341991343,1.3,0.5,3.02971692178744e-08
009,0.01,6,0.0008333333333333334,40,1.675,0.5,0.1610139235987148,0.31341991341991343,1.3,0.5,5.556012894203377e-08
009,0.01,8,0.000625,40,1.675,0.5,0.1610139235987148,0.31341991341991343,1.3,0.5,2.46626626676516e-07
009,0.01,10,0.0005,40,1.675,0.5,0.1610139235987148,0.31341991341991343,1.3,0.5,1.3480222378348117e-06
009,0.01,12,0.0004166666666666667,40,1.725,0.5,0.13183279742765264,0.23506493506493506,1.3,0.5,1.802532210604113e-06
009,0.01,14,0.00035714285714285714,40,1.725,0.5,0.13183279742765264,0.23506493506493506,1.3,0.5,1.851711999734107e-06
009,0.01,16,0.0003125,40,1.675,0.5,0.1610139235987148,0.31341991341991343,1.3,0.5,1.6386725292250048e-06
009,0.01,20,0.00025,40,1.85,0.45,0.016641452344932084,0.15789473684210525,1.3,0.5,1.1606945008679759e-05
009,0.01,25,0.0002,40,1.375,0.6,0.340185676392573,0.4171122994652407,1.3,0.5,1.408920707035577e-05
009,0.01,30,0.00016666666666666666,40,1.45,0.575,0.29729729729729726,0.3974358974358974,1.3,0.5,2.3378303012577817e-05
009,0.01,40,0.000125,40,1.0,0.7,0.5292620865139949,0.4830917874396135,1.3,0.5,3.0490151402773336e-05
009,0.01,50,0.0001,40,0.825,0.75,0.61198738170347,0.5151515151515151,1.3,0.5,6.677920464426279e-05
009,0.01,60,8.333333333333333e-05,40,0.675,0.8,0.6867088607594937,0.5535795713634291,1.3,0.5,0.00011535838712006807
009,0.01,75,6.666666666666667e-05,40,1.0,0.675,0.5310344827586206,0.5538698735738513,1.3,0.5,0.0002746101818047464
009,0.01,90,5.555555555555556e-05,40,1.075,0.675,0.4738675958188153,0.5934343434343434,1.3,0.5,0.0002022975095314905
009,0.05,1,0.025,40,1.575,0.3,0.022248243559719216,0.11764705882352941,1.3,0.5,4.104141737570899e-08
009,0.05,2,0.0125,40,1.15,0.575,0.3750000000000001,0.24842958459979733,1.3,0.5,3.5921431162933004e-07
009,0.05,3,0.008333333333333333,40,1.1,0.5,0.5080645161290323,0.3491206517522307,1.3,0.5,4.0469259943165525e-08
009,0.05,4,0.00625,40,1.675,0.5,0.1610139235987148,0.31341991341991343,1.3,0.5,2.383332109445746e-08
009,0.05,5,0.005,40,1.675,0.5,0.1610139235987148,0.31341991341991343,1.3,0.5,2.5133285674883155e-08
009,0.05,6,0.004166666666666667,40,1.675,0.5,0.1610139235987148,0.31341991341991343,1.3,0.5,2.326633996574401e-08
009,0.05,8,0.003125,40,1.675,0.5,0.1610139235987148,0.31341991341991343,1.3,0.5,2.527839448873692e-08
009,0.05,10,0.0025,40,1.675,0.5,0.1610139235987148,0.31341991341991343,1.3,0.5,1.841808661140476e-08
009,0.05,12,0.0020833333333333333,40,1.725,0.5,0.13183279742765264,0.23506493506493506,1.3,0.5,1.7339518265657716e-08
009,0.05,14,0.0017857142857142859,40,1.725,0.5,0.13183279742765264,0.23506493506493506,1.3,0.5,1.8360607256795447e-08
009,0.05,16,0.0015625,40,1.675,0.5,0.1610139235987148,0.31341991341991343,1.3,0.5,1.89197031374988e-08
009,0.05,20,0.00125,40,1.85,0.45,0.016641452344932084,0.15789473684210525,1.3,0.5,5.328239183199912e-08
009,0.05,25,0.001,40,1.45,0.575,0.27563990945498873,0.4455840455840456,1.3,0.5,2.7147480707867544e-08
009,0.05,30,0.0008333333333333334,40,1.6,0.525,0.20310296191819466,0.34722222222222215,1.3,0.5,4.1851251353364205e-08
009,0.05,40,0.000625,40,1.325,0.6,0.3662906436629064,0.4139130434782608,1.3,0.5,3.4699144890737443e-08
009,0.05,50,0.0005,40,0.925,0.725,0.5628930817610063,0.49583333333333335,1.3,0.5,4.1061727529267955e-07
009,0.05,60,0.0004166666666666667,40,0.775,0.775,0.637223974763407,0.5353535353535354,1.3,0.5,1.5386486893476103e-06
009,0.05,75,0.0003333333333333334,40,0.925,0.7,0.5318835237744195,0.6491736587846427,1.3,0.5,8.105543201963883e-06
009,0.05,90,0.0002777777777777778,40,0.825,0.75,0.5836298932384342,0.7142191142191142,1.3,0.5,1.8565176560514374e-06
009,0.1,1,0.05,40,1.375,0.3,0.20454545454545459,0.10434782608695652,1.3,0.5,7.595430361106992e-05
009,0.1,2,0.025,40,1.2,0.575,0.3405676126878131,0.2531914893617021,1.3,0.5,3.5812474834528985e-06
009,0.1,3,0.016666666666666666,40,1.05,0.525,0.5230998509687035,0.30254182754182757,1.3,0.5,2.897997575246336e-08
009,0.1,4,0.0125,40,1.675,0.5,0.1610139235987148,0.31341991341991343,1.3,0.5,5.113558998459666e-08
009,0.1,5,0.01,40,1.675,0.5,0.1610139235987148,0.31341991341991343,1.3,0.5,1.703029539612544e-08
009,0.1,6,0.008333333333333333,40,1.675,0.5,0.1610139235987148,0.31341991341991343,1.3,0.5,2.114184916024442e-08
009,0.1,8,0.00625,40,1.675,0.5,0.1610139235987148,0.31341991341991343,1.3,0.5,1.5177928247567252e-08
009,0.1,10,0.005,40,1.675,0.5,0.1610139235987148,0.31341991341991343,1.3,0.5,1.7657500350765076e-08
009,0.1,12,0.004166666666666667,40,1.725,0.5,0.13183279742765264,0.23506493506493506,1.3,0.5,1.4707568496419299e-08
009,0.1,14,0.0035714285714285718,40,1.725,0.5,0.13183279742765264,0.23506493506493506,1.3,0.5,1.7525694673281578e-08
009,0.1,16,0.003125,40,1.675,0.5,0.1610139235987148,0.31341991341991343,1.3,0.5,1.6390870882787567e-08
009,0.1,20,0.0025,40,1.875,0.45,0.008295625942684737,0.15789473684210525,1.3,0.5,2.382760477814827e-08
009,0.1,25,0.002,40,1.575,0.55,0.22360248447204956,0.3790849673202614,1.3,0.5,2.4983087598684506e-08
009,0.1,30,0.0016666666666666668,40,1.7,0.475,0.09785932721712531,0.2090909090909091,1.3,0.5,3.4984658725534246e-08
009,0.1,40,0.00125,40,1.375,0.6,0.340185676392573,0.4171122994652407,1.3,0.5,5.3244345821212846e-08
009,0.1,50,0.001,40,0.975,0.725,0.5391849529780564,0.4974287050023376,1.3,0.5,6.491411141951176e-08
009,0.1,60,0.0008333333333333334,40,0.775,0.775,0.637223974763407,0.5353535353535354,1.3,0.5,5.8472988229141265e-08
009,0.1,75,0.0006666666666666668,40,0.925,0.7,0.5176604633497912,0.6530264279624894,1.3,0.5,3.042522394025582e-07
009,0.1,90,0.0005555555555555556,40,0.75,0.775,0.6115107913669064,0.7532467532467533,1.3,0.5,8.386386980419047e-07
009,0.2,1,0.1,40,0.975,0.35,0.5588235294117647,0.16307692307692306,1.3,0.5,0.00012039879220537841
009,0.2,2,0.05,40,1.2,0.575,0.3405676126878131,0.2531914893617021,1.3,0.5,5.053004770161351e-06
009,0.2,3,0.03333333333333333,40,1.05,0.525,0.4938917975567191,0.2994032994032994,1.3,0.5,4.318455992802228e-08
009,0.2,4,0.025,40,1.675,0.5,0.1610139235987148,0.31341991341991343,1.3,0.5,3.66877301871682e-08
009,0.2,5,0.02,40,1.675,0.5,0.1610139235987148,0.31341991341991343,1.3,0.5,2.690056177812039e-08
009,0.2,6,0.016666666666666666,40,1.675,0.5,0.1610139235987148,0.31341991341991343,1.3,0.5,2.0317497018140784e-08
009,0.2,8,0.0125,40,1.7,0.5,0.1469534050179212,0.23506493506493506,1.3,0.5,1.564658269614938e-08
009,0.2,10,0.01,40,1.675,0.5,0.1610139235987148,0.31341991341991343,1.3,0.5,3.849424246027411e-08
009,0.2,12,0.008333333333333333,40,1.725,0.5,0.13183279742765264,0.23506493506493506,1.3,0.5,1.443338781825787e-08
009,0.2,14,0.0071428571428571435,40,1.725,0.5,0.13183279742765264,0.23506493506493506,1.3,0.5,1.4705465289921449e-08
009,0.2,16,0.00625,40,1.675,0.5,0.1610139235987148,0.31341991341991343,1.3,0.5,1.540658622900537e-08
009,0.2,20,0.005,40,1.875,0.45,0.008295625942684737,0.15789473684210525,1.3,0.5,3.257173730730756e-08
009,0.2,25,0.004,40,1.675,0.5,0.09892638036809798,0.30707070707070705,1.3,0.5,2.295874956814714e-08
009,0.2,30,0.0033333333333333335,40,1.7,0.475,0.09785932721712531,0.2090909090909091,1.3,0.5,6.239559979803744e-08
009,0.2,40,0.0025,40,1.5,0.575,0.2702702702702703,0.4018536908308507,1.3,0.5,9.999254046988426e-08
009,0.2,50,0.002,40,1.05,0.7,0.5050761421319798,0.4852042064074346,1.3,0.5,3.871948095479638e-08
009,0.2,60,0.0016666666666666668,40,0.975,0.725,0.5391849529780564,0.4974287050023376,1.3,0.5,6.538697050473274e-08
009,0.2,75,0.0013333333333333335,40,0.925,0.7,0.5176604633497912,0.6530264279624894,1.3,0.5,1.2582658825976978e-07
009,0.2,90,0.0011111111111111111,40,0.75,0.775,0.600665557404326,0.756060606060606,1.3,0.5,0.0008099554106593132
009,0.5,1,0.25,40,0.65,0.475,0.7811816192560175,0.262,1.3,0.5,3.852071677101776e-05
009,0.5,2,0.125,40,1.25,0.575,0.3060200668896321,0.25845464725643896,1.3,0.5,1.5376084547824576e-06
009,0.5,3,0.08333333333333333,40,1.0,0.525,0.5242290748898679,0.3849206349206349,1.3,0.5,1.3341011140255432e-07
009,0.5,4,0.0625,40,1.65,0.5,0.17027417027417024,0.23809523809523808,1.3,0.5,7.341757009271532e-05
009,0.5,5,0.05,40,1.65,0.5,0.17027417027417024,0.23809523809523808,1.3,0.5,1.5345601411809184e-07
009,0.5,6,0.041666666666666664,40,1.7,0.5,0.11639131241878609,0.24696969696969695,1.3,0.5,2.3414770112140104e-05
009,0.5,8,0.03125,40,1.725,0.5,0.10066617320503346,0.24696969696969695,1.3,0.5,7.340736374317203e-07
009,0.5,10,0.025,40,1.675,0.5,0.1610139235987148,0.31341991341991343,1.3,0.5,1.83676789333731e-07
009,0.5,12,0.020833333333333332,40,1.725,0.5,0.13183279742765264,0.23506493506493506,1.3,0.5,4.1788389353314415e-05
009,0.5,14,0.017857142857142856,40,1.725,0.5,0.13183279742765264,0.23506493506493506,1.3,0.5,1.1482548956109895e-07
009,0.5,16,0.015625,40,1.7,0.5,0.1469534050179212,0.23506493506493506,1.3,0.5,1.28211502214981e-06
009,0.5,20,0.0125,40,1.825,0.45,0.032874617737003176,0.1285714285714286,1.3,0.5,1.4100410794526397e-07
009,0.5,25,0.01,40,1.725,0.45,0.08281733746130027,0.16363636363636364,1.3,0.5,6.102879979152931e-08
009,0.5,30,0.008333333333333333,40,1.7,0.475,0.09785932721712531,0.2090909090909091,1.3,0.5,4.013100962652061e-08
009,0.5,40,0.00625,40,1.65,0.525,0.11363636363636342,0.374025974025974,1.3,0.5,2.5698218450997956e-06
009,0.5,50,0.005,40,1.125,0.675,0.46945337620578775,0.47222222222222215,1.3,0.5,6.913576726219617e-06
009,0.5,60,0.004166666666666667,40,1.2,0.65,0.4321148825065275,0.45823129251700684,1.3,0.5,5.044309432378213e-07
009,0.5,75,0.0033333333333333335,40,0.925,0.7,0.5176604633497912,0.6530264279624894,1.3,0.5,0.00036603762418963015
009,0.5,90,0.002777777777777778,40,0.8,0.775,0.5802424461733309,0.7587301587301587,1.3,0.5,1.729677569528576e-05
009,1.0,1,0.5,40,0.725,0.5,0.7144396551724137,0.2967032967032967,1.3,0.5,0.003726043039932847
009,1.0,2,0.25,40,1.25,0.575,0.3060200668896321,0.25845464725643896,1.3,0.5,5.538371260627173e-05
009,1.0,3,0.16666666666666666,40,1.025,0.525,0.5162006213936973,0.3179271708683474,1.3,0.5,0.00026195310056209564
009,1.0,4,0.125,40,1.625,0.5,0.17973022238425074,0.2412398921832884,1.3,0.5,0.00011860787344630808
009,1.0,5,0.1,40,1.625,0.5,0.17973022238425074,0.2412398921832884,1.3,0.5,0.00010476052557351068
009,1.0,6,0.08333333333333333,40,1.7,0.5,0.11639131241878609,0.24696969696969695,1.3,0.5,0.000650320143904537
009,1.0,8,0.0625,40,1.725,0.5,0.10066617320503346,0.24696969696969695,1.3,0.5,2.5959141112252837e-06
009,1.0,10,0.05,40,1.675,0.5,0.1610139235987148,0.31341991341991343,1.3,0.5,1.216008240589872e-05
009,1.0,12,0.041666666666666664,40,1.725,0.5,0.13183279742765264,0.23506493506493506,1.3,0.5,0.000333848554873839
009,1.0,14,0.03571428571428571,40,1.725,0.5,0.13183279742765264,0.23506493506493506,1.3,0.5,1.2657013030548114e-05
009,1.0,16,0.03125,40,1.725,0.5,0.13183279742765264,0.23506493506493506,1.3,0.5,4.2939216655213386e-05
009,1.0,20,0.025,40,1.8,0.45,0.04173106646058733,0.13090909090909092,1.3,0.5,2.2464598714577733e-07
009,1.0,25,0.02,40,1.725,0.45,0.08281733746130027,0.16363636363636364,1.3,0.5,1.825372777375378e-07
009,1.0,30,0.016666666666666666,40,1.7,0.475,0.09785932721712531,0.2090909090909091,1.3,0.5,3.9080958913473296e-07
009,1.0,40,0.0125,40,1.675,0.5,0.10578386605783852,0.24755244755244754,1.3,0.5,8.613580604333038e-08
009,1.0,50,0.01,40,1.325,0.625,0.366710875331565,0.447415329768271,1.3,0.5,7.171926341698054e-08
009,1.0,60,0.008333333333333333,40,1.425,0.575,0.31399317406143346,0.40620782726045884,1.3,0.5,2.1393158021965064e-05
009,1.0,75,0.006666666666666667,40,1.0,0.675,0.5036496350364963,0.6087026075827867,1.3,0.5,0.0010982821695506573
009,1.0,90,0.005555555555555556,40,0.875,0.75,0.5522922636103151,0.7199660243138504,1.3,0.5,0.000565847905818373
009,2.0,1,1.0,40,0.925,0.475,0.5841889117043121,0.2768328445747801,1.3,0.5,0.00013121264055371284
009,2.0,2,0.5,40,1.225,0.575,0.3189509306260576,0.2617848970251716,1.3,0.5,0.0006722122197970748
009,2.0,3,0.3333333333333333,40,1.0,0.575,0.5172413793103448,0.41275984077841665,1.3,0.5,0.0003193732991348952
009,2.0,4,0.25,40,1.6,0.5,0.18938835666912301,0.2445054945054945,1.3,0.5,2.167267848562915e-05
009,2.0,5,0.2,40,1.575,0.5,0.19778188539741204,0.1956043956043956,1.3,0.5,0.001223849831148982
009,2.0,6,0.16666666666666666,40,1.725,0.5,0.06682027649769573,0.23506493506493506,1.3,0.5,2.5422846192668658e-06
009,2.0,8,0.125,40,1.725,0.5,0.06682027649769573,0.23506493506493506,1.3,0.5,0.00037813367089256644
009,2.0,10,0.1,40,1.7,0.5,0.1469534050179212,0.23506493506493506,1.3,0.5,1.589891871844884e-05
009,2.0,12,0.08333333333333333,40,1.725,0.5,0.13183279742765264,0.23506493506493506,1.3,0.5,0.0052166166715323925
009,2.0,14,0.07142857142857142,40,1.725,0.5,0.13183279742765264,0.23506493506493506,1.3,0.5,3.1857161957304925e-05
009,2.0,16,0.0625,40,1.725,0.5,0.13183279742765264,0.23506493506493506,1.3,0.5,6.630086863879114e-05
009,2.0,20,0.05,40,1.775,0.45,0.050387596899224785,0.13090909090909092,1.3,0.5,8.056349543039687e-06
009,2.0,25,0.04,40,1.725,0.45,0.08281733746130027,0.16363636363636364,1.3,0.5,5.047616286901757e-05
009,2.0,30,0.03333333333333333,40,1.7,0.475,0.09785932721712531,0.2090909090909091,1.3,0.5,1.0519726174607058e-06
009,2.0,40,0.025,40,1.65,0.525,0.11363636363636342,0.374025974025974,1.3,0.5,6.969386959099211e-06
009,2.0,50,0.02,40,1.5,0.575,0.24725561944589647,0.44994450610432857,1.3,0.5,9.03721613099151e-08
009,2.0,60,0.016666666666666666,40,1.575,0.55,0.19786096256684493,0.4161616161616162,1.3,0.5,3.7073764360684436e-06
009,2.0,75,0.013333333333333334,40,1.05,0.7,0.46780202235231505,0.65,1.3,0.5,0.0014390930300578475
009,2.0,90,0.011111111111111112,40,0.975,0.725,0.5087108013937283,0.6795615731785944,1.3,0.5,0.007165021728724241
009,3.0,1,1.5,40,1.0,0.525,0.5158102766798418,0.29647058823529415,1.3,0.5,0.0005293540307320654
009,3.0,2,0.75,40,1.25,0.575,0.30272108843537415,0.2676328502415459,1.3,0.5,0.0017859068466350436
009,3.0,3,0.5,40,1.0,0.6,0.503784693019344,0.4140756302521008,1.3,0.5,0.004068401176482439
009,3.0,4,0.375,40,1.575,0.5,0.19778188539741204,0.1956043956043956,1.3,0.5,0.0030273236334323883
009,3.0,5,0.3,40,1.575,0.5,0.19778188539741204,0.1956043956043956,1.3,0.5,0.0006655381293967366
009,3.0,6,0.25,40,1.675,0.5,0.08555729984301419,0.2412398921832884,1.3,0.5,0.0002134976239176467
009,3.0,8,0.1875,40,1.725,0.5,0.06682027649769573,0.23506493506493506,1.3,0.5,0.00048388756113126874
009,3.0,10,0.15,40,1.725,0.5,0.13183279742765264,0.23506493506493506,1.3,0.5,0.008401134982705116
009,3.0,12,0.125,40,1.725,0.5,0.13183279742765264,0.23506493506493506,1.3,0.5,1.1567916772037279e-05
009,3.0,14,0.10714285714285714,40,1.725,0.5,0.13183279742765264,0.23506493506493506,1.3,0.5,0.00037464380147866905
009,3.0,16,0.09375,40,1.725,0.5,0.13183279742765264,0.23506493506493506,1.3,0.5,8.06241951067932e-06
009,3.0,20,0.075,40,1.775,0.45,0.050387596899224785,0.13090909090909092,1.3,0.5,0.0004945308319292963
009,3.0,25,0.06,40,1.725,0.45,0.08281733746130027,0.16363636363636364,1.3,0.5,0.00029472322785295546
009,3.0,30,0.05,40,1.725,0.45,0.08281733746130027,0.16363636363636364,1.3,0.5,9.919569492922164e-06
009,3.0,40,0.0375,40,1.625,0.525,0.12327718223583461,0.28354978354978355,1.3,0.5,1.841891571530141e-05
009,3.0,50,0.03,40,1.525,0.55,0.21575713769425364,0.31526586620926245,1.3,0.5,0.0017805127426981926
009,3.0,60,0.025,40,1.6,0.525,0.162807927393962,0.28525641025641024,1.3,0.5,1.2619510016520508e-05
009,3.0,75,0.02,40,1.05,0.7,0.46780202235231505,0.65,1.3,0.5,2.1639260012307204e-05
009,3.0,90,0.016666666666666666,40,0.975,0.725,0.5087108013937283,0.6795615731785944,1.3,0.5,1.1399772574804956e-06
009,5.0,1,2.5,40,1.0,0.55,0.5048543689320388,0.3028571428571428,1.3,0.5,0.0011631048982962966
009,5.0,2,1.25,40,1.175,0.575,0.35185185185185186,0.2785529715762274,1.3,0.5,0.004109557718038559
009,5.0,3,0.8333333333333334,40,1.025,0.6,0.4702276707530647,0.3244444444444444,1.3,0.5,0.0005555631942115724
009,5.0,4,0.625,40,1.55,0.5,0.18683446272991266,0.2052790346907994,1.3,0.5,0.000778776768129319
009,5.0,5,0.5,40,1.55,0.5,0.21524663677130051,0.19831932773109245,1.3,0.5,0.0012001736322417855
009,5.0,6,0.4166666666666667,40,1.675,0.5,0.08555729984301419,0.2412398921832884,1.3,0.5,0.0004022441280540079
009,5.0,8,0.3125,40,1.675,0.5,0.08555729984301419,0.2412398921832884,1.3,0.5,0.0009876246331259608
009,5.0,10,0.25,40,1.675,0.5,0.14994527544691727,0.2412398921832884,1.3,0.5,0.00047141395043581724
009,5.0,12,0.20833333333333334,40,1.725,0.5,0.13183279742765264,0.23506493506493506,1.3,0.5,0.0011045885039493442
009,5.0,14,0.17857142857142858,40,1.725,0.5,0.13183279742765264,0.23506493506493506,1.3,0.5,0.0016938233748078346
009,5.0,16,0.15625,40,1.725,0.5,0.10066617320503346,0.24696969696969695,1.3,0.5,1.4127253962215036e-05
009,5.0,20,0.125,40,1.775,0.45,0.050387596899224785,0.13090909090909092,1.3,0.5,0.00023127178428694606
009,5.0,25,0.1,40,1.725,0.475,0.07507739938080482,0.2020979020979021,1.3,0.5,0.0005623151082545519
009,5.0,30,0.08333333333333333,40,1.725,0.45,0.08281733746130027,0.16363636363636364,1.3,0.5,0.0012883184244856238
009,5.0,40,0.0625,40,1.625,0.525,0.12327718223583461,0.28354978354978355,1.3,0.5,2.8024889616062865e-05
009,5.0,50,0.05,40,1.55,0.55,0.17986952469711093,0.3236574746008708,1.3,0.5,0.0003449977666605264
009,5.0,60,0.041666666666666664,40,1.625,0.525,0.15435745937961598,0.28525641025641024,1.3,0.5,1.8497005385142984e-06
009,5.0,75,0.03333333333333333,40,1.15,0.65,0.41955378196988946,0.44177350427350426,1.3,0.5,0.0028370541986078024
009,5.0,90,0.027777777777777776,40,0.975,0.725,0.5087108013937283,0.6795615731785944,1.3,0.5,1.3296537417772925e-06
010,0.01,1,0.005,38,2.236842105263158,0.13157894736842105,-0.15637860082304522,0.09615384615384616,2.0789473684210527,0.10526315789473684,3.313821395067862e-08
010,0.01,2,0.0025,38,2.1052631578947367,0.23684210526315788,-0.10144927536231907,0.14528535980148885,2.0789473684210527,0.10526315789473684,2.219888983745477e-08
010,0.01,3,0.0016666666666666668,38,2.1842105263157894,0.2631578947368421,-0.13520777341327261,0.1236842105263158,2.0789473684210527,0.10526315789473684,2.216448180547559e-08
010,0.01,4,0.00125,38,1.3421052631578947,0.3684210526315789,0.2017719348385253,0.2666666666666667,2.0789473684210527,0.10526315789473684,1.0103287451102005e-07
010,0.01,5,0.001,38,1.2105263157894737,0.5,0.1312127236580517,0.2672727272727272,2.0789473684210527,0.10526315789473684,1.633373756249057e-07
010,0.01,6,0.0008333333333333334,38,1.263157894736842,0.5,0.03137254901960784,0.28500000000000003,2.0789473684210527,0.10526315789473684,1.539063561040166e-07
010,0.01,8,0.000625,38,1.3157894736842106,0.47368421052631576,0.12478134110787165,0.23098290598290597,2.0789473684210527,0.10526315789473684,1.031273313856218e-06
010,0.01,10,0.0005,38,1.2894736842105263,0.5526315789473685,0.12883263009845292,0.3448979591836735,2.0789473684210527,0.10526315789473684,2.042199957941193e-05
010,0.01,12,0.0004166666666666667,38,1.1842105263157894,0.6052631578947368,0.16680997420464327,0.3596153846153846,2.0789473684210527,0.10526315789473684,6.142198253655806e-05
010,0.01,14,0.00035714285714285714,38,1.2105263157894737,0.6052631578947368,0.03641092327698303,0.4797385620915033,2.0789473684210527,0.10526315789473684,0.00010970860603265464
010,0.01,16,0.0003125,38,1.1578947368421053,0.631578947368421,0.05620915032679741,0.515,2.0789473684210527,0.10526315789473684,0.00013390640378929675
010,0.01,20,0.00025,38,1.1578947368421053,0.631578947368421,0.05620915032679741,0.515,2.0789473684210527,0.10526315789473684,0.00026501648244448006
010,0.01,25,0.0002,38,1.2105263157894737,0.6052631578947368,0.026281208935611033,0.4940376150460184,2.0789473684210527,0.10526315789473684,0.00028263372951187193
010,0.01,30,0.00016666666666666666,38,1.105263157894737,0.6578947368421053,0.07621550591327209,0.5468587434973989,2.0789473684210527,0.10526315789473684,0.0002478707174304873
010,0.01,40,0.000125,38,1.0526315789473684,0.6842105263157895,0.01865136298421821,0.5125925925925926,2.0789473684210527,0.10526315789473684,0.00025755318347364664
010,0.01,50,0.0001,38,1.0,0.6842105263157895,0.09523809523809523,0.5041174364482636,2.0789473684210527,0.10526315789473684,0.00029661867301911116
010,0.01,60,8.333333333333333e-05,38,0.7894736842105263,0.7368421052631579,0.3691899070385126,0.6484509145203434,2.0789473684210527,0.10526315789473684,0.0002814744948409498
010,0.01,75,6.666666666666667e-05,38,1.0,0.6578947368421053,0.1942544459644323,0.5234858387799565,2.0789473684210527,0.10526315789473684,0.0003132331185042858
010,0.01,90,5.555555555555556e-05,38,0.8421052631578947,0.7368421052631579,0.361344537815126,0.6714285714285714,2.0789473684210527,0.10526315789473684,0.00037198481732048094
010,0.05,1,0.025,38,2.1842105263157894,0.15789473684210525,-0.15607328658674535,0.11274651274651273,2.0789473684210527,0.10526315789473684,2.634435780635158e-08
010,0.05,2,0.0125,38,2.1052631578947367,0.23684210526315788,-0.10144927536231907,0.14528535980148885,2.0789473684210527,0.10526315789473684,1.6275869541004795e-08
010,0.05,3,0.008333333333333333,38,2.236842105263158,0.23684210526315788,-0.1547396805641983,0.11486486486486487,2.0789473684210527,0.10526315789473684,1.4744830245660978e-08
010,0.05,4,0.00625,38,1.5526315789473684,0.2894736842105263,0.06219686162624816,0.23515151515151517,2.0789473684210527,0.10526315789473684,0.003316433634608984
010,0.05,5,0.005,38,1.2105263157894737,0.5,0.08293677770224317,0.2785772913816689,2.0789473684210527,0.10526315789473684,3.248676989642263e-07
010,0.05,6,0.004166666666666667,38,1.1842105263157894,0.5263157894736842,0.07730426164519333,0.29061224489795917,2.0789473684210527,0.10526315789473684,9.736176309615985e-08
010,0.05,8,0.003125,38,1.3421052631578947,0.5263157894736842,0.041875552934237725,0.21623931623931622,2.0789473684210527,0.10526315789473684,9.99412037572256e-08
010,0.05,10,0.0025,38,1.1578947368421053,0.6052631578947368,0.19872905834777577,0.3631975867269985,2.0789473684210527,0.10526315789473684,5.038036832161197e-08
010,0.05,12,0.0020833333333333333,38,1.1842105263157894,0.5789473684210527,0.10909090909090913,0.2633962264150943,2.0789473684210527,0.10526315789473684,5.4373483493463937e-08
010,0.05,14,0.0017857142857142859,38,1.2105263157894737,0.6052631578947368,0.03641092327698303,0.4797385620915033,2.0789473684210527,0.10526315789473684,8.194965772645446e-08
010,0.05,16,0.0015625,38,1.1842105263157894,0.6052631578947368,0.05286048845767821,0.36535947712418304,2.0789473684210527,0.10526315789473684,8.342109225623062e-08
010,0.05,20,0.00125,38,1.1578947368421053,0.6052631578947368,0.06938775510204076,0.47603485838779963,2.0789473684210527,0.10526315789473684,1.6262031294900225e-06
010,0.05,25,0.001,38,1.2105263157894737,0.5789473684210527,0.006968641114982632,0.3205282112845138,2.0789473684210527,0.10526315789473684,5.722393325413577e-06
010,0.05,30,0.0008333333333333334,38,1.0,0.6842105263157895,0.14227086183310533,0.5627015250544662,2.0789473684210527,0.10526315789473684,6.277204647631152e-06
010,0.05,40,0.000625,38,1.105263157894737,0.6578947368421053,-0.0028530670470756636,0.4836601307189543,2.0789473684210527,0.10526315789473684,7.227587957459036e-06
010,0.05,50,0.0005,38,1.0,0.6842105263157895,0.09523809523809523,0.5041174364482636,2.0789473684210527,0.10526315789473684,2.1699557692045346e-05
010,0.05,60,0.0004166666666666667,38,0.7894736842105263,0.7368421052631579,0.3691899070385126,0.6484509145203434,2.0789473684210527,0.10526315789473684,1.7656655472819693e-05
010,0.05,75,0.0003333333333333334,38,1.0,0.6578947368421053,0.1942544459644323,0.5234858387799565,2.0789473684210527,0.10526315789473684,4.014063597423956e-05
010,0.05,90,0.0002777777777777778,38,0.7894736842105263,0.7368421052631579,0.44703143189755534,0.6912393162393163,2.0789473684210527,0.10526315789473684,4.162481127423234e-05
010,0.1,1,0.05,38,2.1842105263157894,0.15789473684210525,-0.15607328658674535,0.11274651274651273,2.0789473684210527,0.10526315789473684,3.6837874972661666e-08
010,0.1,2,0.025,38,2.1315789473684212,0.23684210526315788,-0.12534998923110074,0.14308755760368663,2.0789473684210527,0.10526315789473684,2.760950756908187e-08
010,0.1,3,0.016666666666666666,38,2.263157894736842,0.21052631578947367,-0.16520650813516902,0.10555555555555556,2.0789473684210527,0.10526315789473684,1.8558280245883907e-08
010,0.1,4,0.0125,38,1.6578947368421053,0.2894736842105263,0.04070843246100975,0.22058823529411767,2.0789473684210527,0.10526315789473684,2.231459802715108e-06
010,0.1,5,0.01,38,1.1842105263157894,0.5263157894736842,0.09767598518019538,0.2849197860962567,2.0789473684210527,0.10526315789473684,0.0010377939324826002
010,0.1,6,0.008333333333333333,38,1.2105263157894737,0.5263157894736842,0.07166123778501621,0.26222222222222225,2.0789473684210527,0.10526315789473684,1.2208928978907352e-07
010,0.1,8,0.00625,38,1.368421052631579,0.5263157894736842,0.010650887573964596,0.2217948717948718,2.0789473684210527,0.10526315789473684,6.323435286503809e-08
010,0.1,10,0.005,38,1.236842105263158,0.5789473684210527,0.09523809523809523,0.2625174825174825,2.0789473684210527,0.10526315789473684,3.4329648457287476e-08
010,0.1,12,0.004166666666666667,38,1.105263157894737,0.6052631578947368,0.15473887814313347,0.3351851851851852,2.0789473684210527,0.10526315789473684,5.437118844042743e-08
010,0.1,14,0.0035714285714285718,38,1.0,0.6842105263157895,0.16064257028112439,0.5384615384615384,2.0789473684210527,0.10526315789473684,1.0597435817771839e-07
010,0.1,16,0.003125,38,1.0789473684210527,0.631578947368421,0.09774696707105712,0.33153638814016173,2.0789473684210527,0.10526315789473684,5.1075019769086794e-08
010,0.1,20,0.0025,38,1.1578947368421053,0.631578947368421,-0.012622720897615736,0.43738977072310403,2.0789473684210527,0.10526315789473684,5.675164871377092e-08
010,0.1,25,0.002,38,1.1578947368421053,0.631578947368421,-0.035868005738880715,0.46222222222222226,2.0789473684210527,0.10526315789473684,5.7187168778227715e-08
010,0.1,30,0.0016666666666666668,38,0.9473684210526315,0.7105263157894737,0.17278911564625843,0.585511982570806,2.0789473684210527,0.10526315789473684,9.120192601130839e-08
010,0.1,40,0.00125,38,1.0789473684210527,0.6578947368421053,0.013605442176870763,0.3737745098039216,2.0789473684210527,0.10526315789473684,1.487402698785445e-07
010,0.1,50,0.001,38,1.0,0.6842105263157895,0.09523809523809523,0.5041174364482636,2.0789473684210527,0.10526315789473684,5.490350076797768e-07
010,0.1,60,0.0008333333333333334,38,0.7894736842105263,0.7368421052631579,0.3691899070385126,0.6484509145203434,2.0789473684210527,0.10526315789473684,7.022497356956592e-07
010,0.1,75,0.0006666666666666668,38,0.8947368421052632,0.6842105263157895,0.3258869908015769,0.5879151660664266,2.0789473684210527,0.10526315789473684,2.703687414395972e-06
010,0.1,90,0.0005555555555555556,38,0.7894736842105263,0.7368421052631579,0.44703143189755534,0.6912393162393163,2.0789473684210527,0.10526315789473684,1.9627748315542703e-06
010,0.2,1,0.1,38,2.1052631578947367,0.15789473684210525,-0.1280148423005567,0.11084175084175082,2.0789473684210527,0.10526315789473684,5.5720406066939177e-08
010,0.2,2,0.05,38,2.0789473684210527,0.23684210526315788,-0.12996555683122857,0.15238095238095237,2.0789473684210527,0.10526315789473684,2.9755510055906598e-08
010,0.2,3,0.03333333333333333,38,2.263157894736842,0.21052631578947367,-0.16520650813516902,0.10555555555555556,2.0789473684210527,0.10526315789473684,2.0445085624487547e-08
010,0.2,4,0.025,38,1.6578947368421053,0.2894736842105263,0.025774609267891213,0.21911764705882356,2.0789473684210527,0.10526315789473684,3.269999751864816e-06
010,0.2,5,0.02,38,1.236842105263158,0.5263157894736842,0.04648029639609297,0.2849197860962567,2.0789473684210527,0.10526315789473684,0.000285292393527925
010,0.2,6,0.016666666666666666,38,1.131578947368421,0.6052631578947368,0.08215576733486674,0.3931372549019608,2.0789473684210527,0.10526315789473684,1.299197407433894e-07
010,0.2,8,0.0125,38,1.263157894736842,0.5526315789473685,0.06748466257668717,0.22975986277873067,2.0789473684210527,0.10526315789473684,4.2764504826209304e-08
010,0.2,10,0.01,38,1.105263157894737,0.5789473684210527,0.19041278295605857,0.23703703703703702,2.0789473684210527,0.10526315789473684,6.489985793223241e-08
010,0.2,12,0.008333333333333333,38,1.0526315789473684,0.6052631578947368,0.2014676450967311,0.2986111111111111,2.0789473684210527,0.10526315789473684,4.3420222084478155e-08
010,0.2,14,0.0071428571428571435,38,1.0,0.6842105263157895,0.1695364238410597,0.5177970177970178,2.0789473684210527,0.10526315789473684,1.681689099086725e-07
010,0.2,16,0.00625,38,1.1578947368421053,0.631578947368421,-0.001386962552011095,0.4166666666666667,2.0789473684210527,0.10526315789473684,5.980449202525051e-08
010,0.2,20,0.005,38,1.1578947368421053,0.631578947368421,-0.001386962552011095,0.4166666666666667,2.0789473684210527,0.10526315789473684,4.694787136827472e-08
010,0.2,25,0.004,38,1.105263157894737,0.6578947368421053,-0.0028530670470756636,0.4836601307189543,2.0789473684210527,0.10526315789473684,7.634671561618234e-08
010,0.2,30,0.0033333333333333335,38,0.8947368421052632,0.7368421052631579,0.20297699594046015,0.6099715099715101,2.0789473684210527,0.10526315789473684,1.4602368025862233e-07
010,0.2,40,0.0025,38,1.0263157894736843,0.6842105263157895,0.0462798148807404,0.39230769230769236,2.0789473684210527,0.10526315789473684,6.958842391213693e-08
010,0.2,50,0.002,38,1.0,0.6842105263157895,0.10556348074179733,0.49673202614379086,2.0789473684210527,0.10526315789473684,8.00802766320885e-08
010,0.2,60,0.0016666666666666668,38,0.7894736842105263,0.7368421052631579,0.3691899070385126,0.6484509145203434,2.0789473684210527,0.10526315789473684,5.605102160188835e-08
010,0.2,75,0.0013333333333333335,38,0.8947368421052632,0.6842105263157895,0.3258869908015769,0.5879151660664266,2.0789473684210527,0.10526315789473684,8.400422757404158e-08
010,0.2,90,0.0011111111111111111,38,0.5789473684210527,0.7894736842105263,0.6065773447015834,0.7412042831316924,2.0789473684210527,0.10526315789473684,7.267317414516583e-08
010,0.5,1,0.25,38,2.1052631578947367,0.13157894736842105,-0.13031161473087804,0.09493006993006993,2.0789473684210527,0.10526315789473684,9.080100426217541e-06
010,0.5,2,0.125,38,2.1052631578947367,0.21052631578947367,-0.1414048059149724,0.14088669950738913,2.0789473684210527,0.10526315789473684,0.0037098024040460587
010,0.5,3,0.08333333333333333,38,2.263157894736842,0.23684210526315788,-0.16777408637873759,0.1388888888888889,2.0789473684210527,0.10526315789473684,0.00010696180834202096
010,0.5,4,0.0625,38,1.763157894736842,0.2894736842105263,-0.02365308804205002,0.20947712418300654,2.0789473684210527,0.10526315789473684,0.011880953796207905
010,0.5,5,0.05,38,1.1842105263157894,0.5526315789473685,0.06705045716220781,0.3035658914728682,2.0789473684210527,0.10526315789473684,5.324015364749357e-05
010,0.5,6,0.041666666666666664,38,1.0789473684210527,0.631578947368421,0.11464968152866262,0.32393162393162395,2.0789473684210527,0.10526315789473684,0.0025580450892448425
010,0.5,8,0.03125,38,1.236842105263158,0.5789473684210527,0.059171597633136064,0.3358109395845245,2.0789473684210527,0.10526315789473684,3.66033077625616e-06
010,0.5,10,0.025,38,1.0526315789473684,0.6052631578947368,0.2014676450967311,0.2986111111111111,2.0789473684210527,0.10526315789473684,3.4031532436529233e-07
010,0.5,12,0.020833333333333332,38,1.0263157894736843,0.631578947368421,0.2148760330578513,0.30409356725146197,2.0789473684210527,0.10526315789473684,4.7229786304114896e-08
010,0.5,14,0.017857142857142856,38,1.0526315789473684,0.6842105263157895,0.061728395061728336,0.46436781609195404,2.0789473684210527,0.10526315789473684,1.400221481162589e-05
010,0.5,16,0.015625,38,1.105263157894737,0.6578947368421053,0.030344827586206824,0.43912812333864965,2.0789473684210527,0.10526315789473684,1.4715274687659985e-07
010,0.5,20,0.0125,38,1.1578947368421053,0.631578947368421,0.009602194787379892,0.3862068965517242,2.0789473684210527,0.10526315789473684,5.116942602967356e-08
010,0.5,25,0.01,38,1.0,0.7105263157894737,0.06205923836389271,0.5308176100628931,2.0789473684210527,0.10526315789473684,5.5602267678978023e-08
010,0.5,30,0.008333333333333333,38,0.8947368421052632,0.7368421052631579,0.20297699594046015,0.6099715099715101,2.0789473684210527,0.10526315789473684,1.3193434256209002e-07
010,0.5,40,0.00625,38,0.9736842105263158,0.7105263157894737,0.07858407079646013,0.41239892183288407,2.0789473684210527,0.10526315789473684,3.562383099620092e-08
010,0.5,50,0.005,38,1.0526315789473684,0.6842105263157895,0.029787234042553234,0.5064102564102564,2.0789473684210527,0.10526315789473684,7.883654262741402e-08
010,0.5,60,0.004166666666666667,38,0.7894736842105263,0.7368421052631579,0.3691899070385126,0.6484509145203434,2.0789473684210527,0.10526315789473684,4.225950434033621e-08
010,0.5,75,0.0033333333333333335,38,0.8947368421052632,0.6842105263157895,0.3258869908015769,0.5879151660664266,2.0789473684210527,0.10526315789473684,1.1782743314370236e-07
010,0.5,90,0.002777777777777778,38,0.6578947368421053,0.7368421052631579,0.568316215375039,0.5009469696969697,2.0789473684210527,0.10526315789473684,1.1701630597826806e-07
010,1.0,1,0.5,38,2.1315789473684212,0.13157894736842105,-0.15573964497041404,0.0965967365967366,2.0789473684210527,0.10526315789473684,0.0005018457304686308
010,1.0,2,0.25,38,2.1052631578947367,0.21052631578947367,-0.1414048059149724,0.14088669950738913,2.0789473684210527,0.10526315789473684,0.0001480522914789617
010,1.0,3,0.16666666666666666,38,2.289473684210526,0.23684210526315788,-0.1917348437172226,0.13632478632478634,2.0789473684210527,0.10526315789473684,0.00018270366126671433
010,1.0,4,0.125,38,1.8421052631578947,0.2894736842105263,-0.05968688845401182,0.20573055028462997,2.0789473684210527,0.10526315789473684,3.363901487318799e-05
010,1.0,5,0.1,38,1.2105263157894737,0.5263157894736842,0.032974910394265367,0.2596491228070176,2.0789473684210527,0.10526315789473684,5.037641585659003e-06
010,1.0,6,0.08333333333333333,38,1.0526315789473684,0.631578947368421,0.12584573748308514,0.32679738562091504,2.0789473684210527,0.10526315789473684,1.813916242099367e-05
010,1.0,8,0.0625,38,1.4473684210526316,0.5263157894736842,-0.07018578590386304,0.25299145299145304,2.0789473684210527,0.10526315789473684,8.829784201225266e-05
010,1.0,10,0.05,38,1.0789473684210527,0.6052631578947368,0.1667224640107131,0.3055555555555556,2.0789473684210527,0.10526315789473684,1.3538473808694107e-07
010,1.0,12,0.041666666666666664,38,1.0789473684210527,0.6052631578947368,0.17116217116217114,0.24853801169590642,2.0789473684210527,0.10526315789473684,4.095392966974032e-07
010,1.0,14,0.03571428571428571,38,1.1578947368421053,0.631578947368421,0.020352781546811416,0.33888888888888885,2.0789473684210527,0.10526315789473684,9.613752808945719e-06
010,1.0,16,0.03125,38,1.2105263157894737,0.6052631578947368,-0.010914051841746097,0.322661644695543,2.0789473684210527,0.10526315789473684,3.3922611919479095e-07
010,1.0,20,0.025,38,1.1578947368421053,0.631578947368421,0.020352781546811416,0.33888888888888885,2.0789473684210527,0.10526315789473684,2.453157321724575e-07
010,1.0,25,0.02,38,1.0526315789473684,0.6842105263157895,0.0406732117812062,0.4973544973544974,2.0789473684210527,0.10526315789473684,3.958039997087326e-06
010,1.0,30,0.016666666666666666,38,1.0526315789473684,0.6842105263157895,0.0406732117812062,0.4973544973544974,2.0789473684210527,0.10526315789473684,4.279751465219306e-06
010,1.0,40,0.0125,38,0.9736842105263158,0.7105263157894737,0.07858407079646013,0.41239892183288407,2.0789473684210527,0.10526315789473684,0.0002991687215398997
010,1.0,50,0.01,38,1.0,0.7105263157894737,0.06205923836389271,0.5308176100628931,2.0789473684210527,0.10526315789473684,1.0060436750336521e-07
010,1.0,60,0.008333333333333333,38,1.0,0.6842105263157895,0.09523809523809523,0.5041174364482636,2.0789473684210527,0.10526315789473684,3.698858819234374e-08
010,1.0,75,0.006666666666666667,38,1.105263157894737,0.6052631578947368,0.14227086183310533,0.4709368191721133,2.0789473684210527,0.10526315789473684,6.017672404823315e-08
010,1.0,90,0.005555555555555556,38,0.7894736842105263,0.6578947368421053,0.5060240963855422,0.3713131313131313,2.0789473684210527,0.10526315789473684,1.6698261617875687e-07
010,2.0,1,1.0,38,2.0789473684210527,0.13157894736842105,-0.13466571496550084,0.1006993006993007,2.0789473684210527,0.10526315789473684,0.0027852505445480347
010,2.0,2,0.5,38,2.026315789473684,0.21052631578947367,-0.11337000717531698,0.13584468270066646,2.0789473684210527,0.10526315789473684,0.00047813678975217044
010,2.0,3,0.3333333333333333,38,2.263157894736842,0.23684210526315788,-0.18649789029535868,0.13791208791208792,2.0789473684210527,0.10526315789473684,0.0018154673743993044
010,2.0,4,0.25,38,1.8157894736842106,0.3157894736842105,-0.05220785557453045,0.22272401433691758,2.0789473684210527,0.10526315789473684,0.00019530966528691351
010,2.0,5,0.2,38,1.236842105263158,0.5263157894736842,0.016422706176365653,0.2533333333333333,2.0789473684210527,0.10526315789473684,0.00027425133157521486
010,2.0,6,0.16666666666666666,38,1.1578947368421053,0.5526315789473685,-0.008849557522123908,0.2900163666121113,2.0789473684210527,0.10526315789473684,0.001299605704843998
010,2.0,8,0.125,38,1.5789473684210527,0.4473684210526316,-0.1320093457943925,0.244017094017094,2.0789473684210527,0.10526315789473684,0.0005555403768084943
010,2.0,10,0.1,38,1.105263157894737,0.5789473684210527,0.15725806451612911,0.24305555555555555,2.0789473684210527,0.10526315789473684,3.696942803799175e-05
010,2.0,12,0.08333333333333333,38,1.131578947368421,0.5789473684210527,0.12844036697247707,0.15172413793103448,2.0789473684210527,0.10526315789473684,7.83024552220013e-06
010,2.0,14,0.07142857142857142,38,1.1578947368421053,0.631578947368421,0.020352781546811416,0.33888888888888885,2.0789473684210527,0.10526315789473684,0.00013845005014445633
010,2.0,16,0.0625,38,1.236842105263158,0.5789473684210527,-0.026850258175559416,0.23659003831417624,2.0789473684210527,0.10526315789473684,0.00010360019223298877
010,2.0,20,0.05,38,1.131578947368421,0.631578947368421,0.030811365970558002,0.25741525423728817,2.0789473684210527,0.10526315789473684,4.367459780496574e-07
010,2.0,25,0.04,38,1.1578947368421053,0.631578947368421,-0.001386962552011095,0.4166666666666667,2.0789473684210527,0.10526315789473684,2.1320861378626432e-06
010,2.0,30,0.03333333333333333,38,1.131578947368421,0.631578947368421,0.014618865297598371,0.32386363636363635,2.0789473684210527,0.10526315789473684,1.5456465916940942e-05
010,2.0,40,0.025,38,1.0263157894736843,0.6842105263157895,0.06752523494604945,0.3782467532467533,2.0789473684210527,0.10526315789473684,4.697005806519883e-07
010,2.0,50,0.02,38,1.0,0.7105263157894737,0.06205923836389271,0.5308176100628931,2.0789473684210527,0.10526315789473684,3.1468448469240684e-07
010,2.0,60,0.016666666666666666,38,1.0263157894736843,0.6842105263157895,0.05722564288301346,0.3883219954648526,2.0789473684210527,0.10526315789473684,0.0001389098761137575
010,2.0,75,0.013333333333333334,38,1.1578947368421053,0.5789473684210527,0.11141678129298482,0.453514739229025,2.0789473684210527,0.10526315789473684,1.0652858151161126e-07
010,2.0,90,0.011111111111111112,38,0.9473684210526315,0.631578947368421,0.3404539385847797,0.5463768115942029,2.0789473684210527,0.10526315789473684,1.0043169851314815e-07
010,3.0,1,1.5,38,2.0789473684210527,0.13157894736842105,-0.13466571496550084,0.1006993006993007,2.0789473684210527,0.10526315789473684,0.0016502708895131946
010,3.0,2,0.75,38,2.026315789473684,0.21052631578947367,-0.11337000717531698,0.13584468270066646,2.0789473684210527,0.10526315789473684,0.0012528004590421915
010,3.0,3,0.5,38,2.263157894736842,0.21052631578947367,-0.1910938175529615,0.1300019673421208,2.0789473684210527,0.10526315789473684,0.000399168609874323
010,3.0,4,0.375,38,1.8157894736842106,0.3157894736842105,-0.05220785557453045,0.22272401433691758,2.0789473684210527,0.10526315789473684,0.03243041783571243
010,3.0,5,0.3,38,1.3421052631578947,0.5,-0.06741573033707882,0.25012531328320803,2.0789473684210527,0.10526315789473684,7.980061491252854e-05
010,3.0,6,0.25,38,1.2105263157894737,0.5,-0.04364183596689242,0.2564102564102564,2.0789473684210527,0.10526315789473684,0.00029776699375361204
010,3.0,8,0.1875,38,1.6578947368421053,0.39473684210526316,-0.19572417946401677,0.15428571428571428,2.0789473684210527,0.10526315789473684,0.0024201618507504463
010,3.0,10,0.15,38,1.131578947368421,0.5526315789473685,0.1253028729664244,0.15,2.0789473684210527,0.10526315789473684,0.0007715650135651231
010,3.0,12,0.125,38,1.1578947368421053,0.5789473684210527,0.09398756046993784,0.1896551724137931,2.0789473684210527,0.10526315789473684,5.807769048260525e-05
010,3.0,14,0.10714285714285714,38,1.1842105263157894,0.6052631578947368,0.010214504596527174,0.19166666666666668,2.0789473684210527,0.10526315789473684,4.128772343392484e-05
010,3.0,16,0.09375,38,1.2105263157894737,0.5789473684210527,-0.01667824878387769,0.23976608187134502,2.0789473684210527,0.10526315789473684,1.5783225535415113e-06
010,3.0,20,0.075,38,1.1578947368421053,0.5789473684210527,0.009859154929577563,0.25,2.0789473684210527,0.10526315789473684,0.0005043735145591199
010,3.0,25,0.06,38,1.1842105263157894,0.6052631578947368,-0.01183431952662728,0.27840909090909094,2.0789473684210527,0.10526315789473684,3.728018418769352e-05
010,3.0,30,0.05,38,1.131578947368421,0.631578947368421,0.014618865297598371,0.32386363636363635,2.0789473684210527,0.10526315789473684,6.730818768119207e-06
010,3.0,40,0.0375,38,1.0789473684210527,0.631578947368421,0.041622574955908376,0.34090909090909094,2.0789473684210527,0.10526315789473684,0.00012925623741466552
010,3.0,50,0.03,38,1.0,0.7105263157894737,0.06205923836389271,0.5308176100628931,2.0789473684210527,0.10526315789473684,0.0018253144808113575
010,3.0,60,0.025,38,1.0526315789473684,0.6578947368421053,0.04096561814191679,0.3819444444444444,2.0789473684210527,0.10526315789473684,3.51588059857022e-05
010,3.0,75,0.02,38,1.1578947368421053,0.5789473684210527,0.11141678129298482,0.453514739229025,2.0789473684210527,0.10526315789473684,8.525196193431839e-08
010,3.0,90,0.016666666666666666,38,0.9473684210526315,0.631578947368421,0.3404539385847797,0.5463768115942029,2.0789473684210527,0.10526315789473684,1.0778887826745631e-07
010,5.0,1,2.5,38,2.0526315789473686,0.13157894736842105,-0.12633624878522842,0.10329670329670329,2.0789473684210527,0.10526315789473684,0.013623273000121117
010,5.0,2,1.25,38,2.026315789473684,0.15789473684210525,-0.11546894031668686,0.11343915343915342,2.0789473684210527,0.10526315789473684,0.0007939633796922863
010,5.0,3,0.8333333333333334,38,2.236842105263158,0.21052631578947367,-0.18462216347213034,0.13237350884409707,2.0789473684210527,0.10526315789473684,0.009664664976298809
010,5.0,4,0.625,38,1.868421052631579,0.23684210526315788,-0.06783857390443182,0.16666666666666666,2.0789473684210527,0.10526315789473684,0.0002724678488448262
010,5.0,5,0.5,38,1.4210526315789473,0.42105263157894735,-0.11142061281337035,0.22111111111111112,2.0789473684210527,0.10526315789473684,0.0007956527406349778
010,5.0,6,0.4166666666666667,38,1.4210526315789473,0.3684210526315789,-0.15280898876404492,0.2023076923076923,2.0789473684210527,0.10526315789473684,0.020085409283638
010,5.0,8,0.3125,38,1.868421052631579,0.2894736842105263,-0.30474506336575313,0.13090909090909092,2.0789473684210527,0.10526315789473684,0.02216222882270813
010,5.0,10,0.25,38,1.131578947368421,0.5,0.08850873930829295,0.23555555555555555,2.0789473684210527,0.10526315789473684,0.003140004351735115
010,5.0,12,0.20833333333333334,38,1.1842105263157894,0.5789473684210527,0.05757891085674638,0.1896551724137931,2.0789473684210527,0.10526315789473684,0.0001815738796722144
010,5.0,14,0.17857142857142858,38,1.131578947368421,0.631578947368421,0.0568298527901403,0.25741525423728817,2.0789473684210527,0.10526315789473684,0.0004948232672177255
010,5.0,16,0.15625,38,1.236842105263158,0.5526315789473685,-0.03880070546737202,0.2318181818181818,2.0789473684210527,0.10526315789473684,0.00027170736575499177
010,5.0,20,0.125,38,1.1578947368421053,0.5789473684210527,0.009859154929577563,0.25,2.0789473684210527,0.10526315789473684,9.852783114183694e-05
010,5.0,25,0.1,38,1.1578947368421053,0.6052631578947368,0.004192872117400492,0.2875,2.0789473684210527,0.10526315789473684,0.0003722606925293803
010,5.0,30,0.08333333333333333,38,1.1578947368421053,0.6052631578947368,0.004192872117400492,0.2875,2.0789473684210527,0.10526315789473684,0.000286788068478927
010,5.0,40,0.0625,38,1.131578947368421,0.5789473684210527,0.020618556701030744,0.2534090909090909,2.0789473684210527,0.10526315789473684,0.004416473209857941
010,5.0,50,0.05,38,1.0263157894736843,0.6842105263157895,0.0516814159292035,0.37668463611859837,2.0789473684210527,0.10526315789473684,0.0011084817815572023
010,5.0,60,0.041666666666666664,38,1.131578947368421,0.6052631578947368,-0.02570694087403602,0.35355392156862747,2.0789473684210527,0.10526315789473684,0.0006008409545756876
010,5.0,75,0.03333333333333333,38,1.131578947368421,0.5789473684210527,0.12771832930617877,0.34667200213418703,2.0789473684210527,0.10526315789473684,0.00016466247325297445
010,5.0,90,0.027777777777777776,38,0.9473684210526315,0.631578947368421,0.3227975790181574,0.42367149758454103,2.0789473684210527,0.10526315789473684,1.2966175688688963e-07
011,0.01,1,0.005,35,1.4,0.2857142857142857,0.05820211281642429,0.2800910939018356,1.7142857142857142,0.2571428571428571,1.8328057294070277e-08
011,0.01,2,0.0025,35,1.8,0.11428571428571428,-0.08318549181943635,0.10454545454545454,1.7142857142857142,0.2571428571428571,2.019020683974304e-07
011,0.01,3,0.0016666666666666668,35,2.057142857142857,0.11428571428571428,-0.10321384425216329,0.09915966386554623,1.7142857142857142,0.2571428571428571,1.368344442198577e-07
011,0.01,4,0.00125,35,2.0285714285714285,0.11428571428571428,-0.09219071756692543,0.10135746606334842,1.7142857142857142,0.2571428571428571,6.631438282056479e-06
011,0.01,5,0.001,35,2.142857142857143,0.11428571428571428,-0.05639790279155443,0.11071428571428572,1.7142857142857142,0.2571428571428571,5.305527338350657e-06
011,0.01,6,0.0008333333333333334,35,2.1142857142857143,0.11428571428571428,-0.0189372526851328,0.12666666666666665,1.7142857142857142,0.2571428571428571,9.006816071632784e-06
011,0.01,8,0.000625,35,1.9714285714285715,0.14285714285714285,0.07248245237072048,0.17523809523809525,1.7142857142857142,0.2571428571428571,8.40184475237038e-06
011,0.01,10,0.0005,35,1.8857142857142857,0.17142857142857143,0.10956923966464294,0.22068519715578536,1.7142857142857142,0.2571428571428571,5.151555342308711e-06
011,0.01,12,0.0004166666666666667,35,1.7714285714285714,0.22857142857142856,0.1702804278693263,0.2703092573061613,1.7142857142857142,0.2571428571428571,1.546293424325995e-05
011,0.01,14,0.00035714285714285714,35,1.6285714285714286,0.3142857142857143,0.20281444944146243,0.3584474005526637,1.7142857142857142,0.2571428571428571,1.7827924239099957e-05
011,0.01,16,0.0003125,35,1.6857142857142857,0.2857142857142857,0.19914020246845088,0.32908232118758435,1.7142857142857142,0.2571428571428571,1.9975690520368516e-05
011,0.01,20,0.00025,35,1.5714285714285714,0.3142857142857143,0.21068563644619343,0.32797121007647323,1.7142857142857142,0.2571428571428571,2.4142749680322595e-05
011,0.01,25,0.0002,35,1.6857142857142857,0.2857142857142857,0.1919686581782566,0.3106884859206841,1.7142857142857142,0.2571428571428571,2.6618536139721982e-05
011,0.01,30,0.00016666666666666666,35,1.6857142857142857,0.2857142857142857,0.20204778156996595,0.29372549019607846,1.7142857142857142,0.2571428571428571,8.223490294767544e-05
011,0.01,40,0.000125,35,1.6,0.2857142857142857,0.20198772288804434,0.2611111111111111,1.7142857142857142,0.2571428571428571,0.00014284637290984392
011,0.01,50,0.0001,35,1.4,0.34285714285714286,0.2650170926257529,0.3016993464052288,1.7142857142857142,0.2571428571428571,0.00019717600662261248
011,0.01,60,8.333333333333333e-05,35,1.2285714285714286,0.3142857142857143,0.37080079898311236,0.27565610859728507,1.7142857142857142,0.2571428571428571,0.00028945697704330087
011,0.01,75,6.666666666666667e-05,35,1.0285714285714285,0.4,0.47314890154597233,0.3362979641617413,1.7142857142857142,0.2571428571428571,0.00021969087538309395
011,0.05,1,0.025,35,1.4857142857142858,0.22857142857142856,0.07267221801665413,0.17962489343563512,1.7142857142857142,0.2571428571428571,1.4812599147262517e-08
011,0.05,2,0.0125,35,1.8,0.11428571428571428,-0.08318549181943635,0.10454545454545454,1.7142857142857142,0.2571428571428571,3.1615371653970215e-08
011,0.05,3,0.008333333333333333,35,2.057142857142857,0.11428571428571428,-0.10321384425216329,0.09915966386554623,1.7142857142857142,0.2571428571428571,5.051915863418799e-08
011,0.05,4,0.00625,35,2.0285714285714285,0.11428571428571428,-0.09219071756692543,0.10135746606334842,1.7142857142857142,0.2571428571428571,6.513477046610205e-08
011,0.05,5,0.005,35,2.1142857142857143,0.11428571428571428,-0.04523050159466502,0.11238095238095239,1.7142857142857142,0.2571428571428571,4.7559584714917946e-08
011,0.05,6,0.004166666666666667,35,2.1142857142857143,0.11428571428571428,-0.0189372526851328,0.12666666666666665,1.7142857142857142,0.2571428571428571,3.4355778666395054e-08
011,0.05,8,0.003125,35,1.9714285714285715,0.17142857142857143,0.07176287051482055,0.18909090909090906,1.7142857142857142,0.2571428571428571,4.758401317417338e-08
011,0.05,10,0.0025,35,1.8857142857142857,0.17142857142857143,0.12325647594648448,0.22119047619047616,1.7142857142857142,0.2571428571428571,4.1094800451446645e-08
011,0.05,12,0.0020833333333333333,35,1.7428571428571429,0.22857142857142856,0.18509298579587052,0.2571931336637219,1.7142857142857142,0.2571428571428571,4.2391224752691414e-08
011,0.05,14,0.0017857142857142859,35,1.6285714285714286,0.3142857142857143,0.20281444944146243,0.3584474005526637,1.7142857142857142,0.2571428571428571,4.9482288488889026e-08
011,0.05,16,0.0015625,35,1.6285714285714286,0.3142857142857143,0.20281444944146243,0.3584474005526637,1.7142857142857142,0.2571428571428571,4.398872732735981e-08
011,0.05,20,0.00125,35,1.6,0.2857142857142857,0.22037422037422028,0.2926984126984127,1.7142857142857142,0.2571428571428571,4.214383508838182e-08
011,0.05,25,0.001,35,1.7142857142857142,0.2571428571428571,0.1768206290733918,0.27630252100840336,1.7142857142857142,0.2571428571428571,7.97536543473143e-08
011,0.05,30,0.0008333333333333334,35,1.6571428571428573,0.2857142857142857,0.21853195646106616,0.2951960784313726,1.7142857142857142,0.2571428571428571,1.8221113862182392e-07
011,0.05,40,0.000625,35,1.6285714285714286,0.2857142857142857,0.1536121673003803,0.2593137254901961,1.7142857142857142,0.2571428571428571,4.901502848042583e-07
011,0.05,50,0.0005,35,1.457142857142857,0.34285714285714286,0.21943675728471423,0.3016993464052288,1.7142857142857142,0.2571428571428571,2.828636240792548e-07
011,0.05,60,0.0004166666666666667,35,1.2571428571428571,0.3142857142857143,0.369925873632192,0.2712605042016807,1.7142857142857142,0.2571428571428571,3.2662514968251344e-06
011,0.05,75,0.0003333333333333334,35,1.0285714285714285,0.4,0.4533558463486703,0.3257929136566907,1.7142857142857142,0.2571428571428571,5.2041759772691876e-06
011,0.1,1,0.05,35,1.4857142857142858,0.22857142857142856,0.07267221801665413,0.17962489343563512,1.7142857142857142,0.2571428571428571,9.822672453196901e-09
011,0.1,2,0.025,35,1.8571428571428572,0.11428571428571428,-0.11163315166322141,0.10158730158730159,1.7142857142857142,0.2571428571428571,3.281789773268429e-08
011,0.1,3,0.016666666666666666,35,2.085714285714286,0.11428571428571428,-0.10425240054869689,0.10357142857142856,1.7142857142857142,0.2571428571428571,4.031375283375382e-06
011,0.1,4,0.0125,35,2.0285714285714285,0.11428571428571428,-0.09219071756692543,0.10135746606334842,1.7142857142857142,0.2571428571428571,2.622178953970433e-07
011,0.1,5,0.01,35,2.085714285714286,0.11428571428571428,-0.016888507227708516,0.11897435897435897,1.7142857142857142,0.2571428571428571,1.3650706875978358e-07
011,0.1,6,0.008333333333333333,35,2.1142857142857143,0.11428571428571428,-0.0189372526851328,0.12666666666666665,1.7142857142857142,0.2571428571428571,1.9740349443964078e-07
011,0.1,8,0.00625,35,1.9714285714285715,0.17142857142857143,0.07176287051482055,0.18909090909090906,1.7142857142857142,0.2571428571428571,4.181444523965183e-08
011,0.1,10,0.005,35,1.8571428571428572,0.2,0.1305890702625977,0.25910256410256405,1.7142857142857142,0.2571428571428571,5.041679074224703e-08
011,0.1,12,0.004166666666666667,35,1.7428571428571429,0.22857142857142856,0.18509298579587052,0.2571931336637219,1.7142857142857142,0.2571428571428571,5.635793058900163e-06
011,0.1,14,0.0035714285714285718,35,1.6285714285714286,0.3142857142857143,0.20281444944146243,0.3584474005526637,1.7142857142857142,0.2571428571428571,1.0240209746825713e-07
011,0.1,16,0.003125,35,1.6285714285714286,0.3142857142857143,0.20281444944146243,0.3584474005526637,1.7142857142857142,0.2571428571428571,4.216320803607232e-08
011,0.1,20,0.0025,35,1.5714285714285714,0.3142857142857143,0.22775062934991863,0.346031746031746,1.7142857142857142,0.2571428571428571,4.378210860522813e-08
011,0.1,25,0.002,35,1.7142857142857142,0.2571428571428571,0.1768206290733918,0.27630252100840336,1.7142857142857142,0.2571428571428571,3.560626637977293e-08
011,0.1,30,0.0016666666666666668,35,1.6857142857142857,0.2857142857142857,0.20598469032707023,0.2913865546218487,1.7142857142857142,0.2571428571428571,0.00020879597286693752
011,0.1,40,0.00125,35,1.6,0.3142857142857143,0.12858493539237303,0.2857142857142857,1.7142857142857142,0.2571428571428571,2.6444584477758326e-07
011,0.1,50,0.001,35,1.542857142857143,0.3142857142857143,0.17781402936378465,0.279593837535014,1.7142857142857142,0.2571428571428571,6.044890454859342e-08
011,0.1,60,0.0008333333333333334,35,1.2,0.3142857142857143,0.41860465116279066,0.27232277526395177,1.7142857142857142,0.2571428571428571,6.908184957410413e-08
011,0.1,75,0.0006666666666666668,35,1.0,0.4,0.47695222058514,0.3175438596491228,1.7142857142857142,0.2571428571428571,1.250617458481429e-07
011,0.2,1,0.1,35,1.457142857142857,0.2571428571428571,0.09579483311333215,0.23206858500976146,1.7142857142857142,0.2571428571428571,4.050438656122424e-05
011,0.2,2,0.05,35,1.8571428571428572,0.11428571428571428,-0.11163315166322141,0.10158730158730159,1.7142857142857142,0.2571428571428571,1.1421449016779661e-05
011,0.2,3,0.03333333333333333,35,2.057142857142857,0.11428571428571428,-0.0934083099031553,0.10576923076923077,1.7142857142857142,0.2571428571428571,3.022331111424137e-05
011,0.2,4,0.025,35,2.057142857142857,0.11428571428571428,-0.08338597599494624,0.11333333333333333,1.7142857142857142,0.2571428571428571,3.25406581396237e-05
011,0.2,5,0.02,35,2.085714285714286,0.11428571428571428,-0.016888507227708516,0.11897435897435897,1.7142857142857142,0.2571428571428571,1.7930853573489003e-05
011,0.2,6,0.016666666666666666,35,2.1142857142857143,0.11428571428571428,-0.0189372526851328,0.12666666666666665,1.7142857142857142,0.2571428571428571,1.889014856715221e-05
011,0.2,8,0.0125,35,1.9428571428571428,0.2,0.055426581543818854,0.21395306447938026,1.7142857142857142,0.2571428571428571,3.017742926658684e-07
011,0.2,10,0.01,35,1.8285714285714285,0.22857142857142856,0.11559686320069706,0.2839647194910353,1.7142857142857142,0.2571428571428571,9.678399237600388e-07
011,0.2,12,0.008333333333333333,35,1.7142857142857142,0.2571428571428571,0.1795252225519287,0.2918336565395389,1.7142857142857142,0.2571428571428571,3.229139906579803e-07
011,0.2,14,0.0071428571428571435,35,1.6285714285714286,0.3142857142857143,0.20281444944146243,0.3584474005526637,1.7142857142857142,0.2571428571428571,7.522603340248679e-08
011,0.2,16,0.00625,35,1.6571428571428573,0.2857142857142857,0.19175679625840403,0.33650793650793653,1.7142857142857142,0.2571428571428571,1.18521931824489e-07
011,0.2,20,0.005,35,1.5714285714285714,0.3142857142857143,0.22775062934991863,0.346031746031746,1.7142857142857142,0.2571428571428571,8.45335748067555e-08
011,0.2,25,0.004,35,1.6857142857142857,0.2857142857142857,0.17133017649591042,0.323921568627451,1.7142857142857142,0.2571428571428571,1.9008923857199989e-07
011,0.2,30,0.0033333333333333335,35,1.6857142857142857,0.2857142857142857,0.20598469032707023,0.2913865546218487,1.7142857142857142,0.2571428571428571,5.535517175303539e-06
011,0.2,40,0.0025,35,1.5142857142857142,0.3142857142857143,0.17556346381969157,0.28257020757020757,1.7142857142857142,0.2571428571428571,7.504016252823931e-07
011,0.2,50,0.002,35,1.542857142857143,0.34285714285714286,0.1645161290322582,0.30823529411764705,1.7142857142857142,0.2571428571428571,3.075372490002337e-07
011,0.2,60,0.0016666666666666668,35,1.1428571428571428,0.34285714285714286,0.4255725190839694,0.29832817337461304,1.7142857142857142,0.2571428571428571,4.6064428715908434e-08
011,0.2,75,0.0013333333333333335,35,0.9714285714285714,0.42857142857142855,0.4857262804366078,0.33487179487179486,1.7142857142857142,0.2571428571428571,3.171601861140516e-07
011,0.5,1,0.25,35,1.5714285714285714,0.2571428571428571,0.07750043637633097,0.23048128342245988,1.7142857142857142,0.2571428571428571,5.182511085877195e-05
011,0.5,2,0.125,35,1.8857142857142857,0.14285714285714285,-0.08983536148890492,0.13216374269005846,1.7142857142857142,0.2571428571428571,9.052619861904532e-05
011,0.5,3,0.08333333333333333,35,2.0285714285714285,0.14285714285714285,-0.06291854851269263,0.13904761904761903,1.7142857142857142,0.2571428571428571,3.827709224424325e-05
011,0.5,4,0.0625,35,2.057142857142857,0.14285714285714285,-0.06382978723404253,0.13753614806246386,1.7142857142857142,0.2571428571428571,0.0014304041396826506
011,0.5,5,0.05,35,2.1142857142857143,0.14285714285714285,0.015417906410603255,0.14705882352941177,1.7142857142857142,0.2571428571428571,0.0012333658523857594
011,0.5,6,0.041666666666666664,35,2.1142857142857143,0.11428571428571428,-0.009044657998869443,0.12666666666666665,1.7142857142857142,0.2571428571428571,0.011374445632100105
011,0.5,8,0.03125,35,1.9714285714285715,0.14285714285714285,0.03372630950604383,0.15714285714285714,1.7142857142857142,0.2571428571428571,0.014363065361976624
011,0.5,10,0.025,35,1.8857142857142857,0.17142857142857143,0.09117733844791964,0.21071428571428572,1.7142857142857142,0.2571428571428571,0.0004251182544976473
011,0.5,12,0.020833333333333332,35,1.7142857142857142,0.22857142857142856,0.16793660469369087,0.24406182053240877,1.7142857142857142,0.2571428571428571,0.000523401889950037
011,0.5,14,0.017857142857142856,35,1.6,0.2857142857142857,0.19264339152119714,0.31868131868131866,1.7142857142857142,0.2571428571428571,8.474224159726873e-05
011,0.5,16,0.015625,35,1.6285714285714286,0.2857142857142857,0.20114857900161986,0.3143977591036415,1.7142857142857142,0.2571428571428571,1.956951649617622e-07
011,0.5,20,0.0125,35,1.5142857142857142,0.34285714285714286,0.22813688212927774,0.36507936507936506,1.7142857142857142,0.2571428571428571,2.6534453922977264e-07
011,0.5,25,0.01,35,1.5142857142857142,0.3142857142857143,0.2260708210916963,0.31492063492063493,1.7142857142857142,0.2571428571428571,1.09867614810355e-05
011,0.5,30,0.008333333333333333,35,1.7142857142857142,0.2857142857142857,0.19518204215713109,0.30585218702865763,1.7142857142857142,0.2571428571428571,3.0315868571051396e-06
011,0.5,40,0.00625,35,1.5142857142857142,0.2857142857142857,0.1808385250042095,0.2604761904761905,1.7142857142857142,0.2571428571428571,0.0009275745833292603
011,0.5,50,0.005,35,1.4857142857142858,0.3142857142857143,0.21452145214521445,0.2774509803921569,1.7142857142857142,0.2571428571428571,0.004262154921889305
011,0.5,60,0.004166666666666667,35,1.1142857142857143,0.34285714285714286,0.4158455660567062,0.3001782531194296,1.7142857142857142,0.2571428571428571,3.1656728083362395e-07
011,0.5,75,0.0033333333333333335,35,1.0,0.45714285714285713,0.417281348788198,0.36182881446039344,1.7142857142857142,0.2571428571428571,1.703287608734172e-07
011,1.0,1,0.5,35,1.5714285714285714,0.2571428571428571,0.07750043637633097,0.23048128342245988,1.7142857142857142,0.2571428571428571,0.0010676216334104538
011,1.0,2,0.25,35,1.9428571428571428,0.11428571428571428,-0.06751199451679235,0.11058823529411765,1.7142857142857142,0.2571428571428571,5.460732791107148e-05
011,1.0,3,0.16666666666666666,35,2.0285714285714285,0.14285714285714285,-0.03388813915129707,0.14307692307692307,1.7142857142857142,0.2571428571428571,0.00029052470927126706
011,1.0,4,0.125,35,2.0,0.14285714285714285,-0.06196103481315873,0.14112554112554113,1.7142857142857142,0.2571428571428571,0.0018121753819286823
011,1.0,5,0.1,35,2.085714285714286,0.14285714285714285,0.017968210089841063,0.15,1.7142857142857142,0.2571428571428571,0.005410109646618366
011,1.0,6,0.08333333333333333,35,2.085714285714286,0.14285714285714285,0.017968210089841063,0.15,1.7142857142857142,0.2571428571428571,0.00035362300695851445
011,1.0,8,0.0625,35,2.0285714285714285,0.14285714285714285,0.023420558045395445,0.15714285714285714,1.7142857142857142,0.2571428571428571,8.590657671447843e-06
011,1.0,10,0.05,35,1.8285714285714285,0.17142857142857143,0.10874775314559615,0.19290043290043288,1.7142857142857142,0.2571428571428571,1.0143935469386633e-06
011,1.0,12,0.041666666666666664,35,1.8,0.22857142857142856,0.09139213602550478,0.2479120879120879,1.7142857142857142,0.2571428571428571,0.0017291237600147724
011,1.0,14,0.03571428571428571,35,1.6,0.2571428571428571,0.17233560090702937,0.29,1.7142857142857142,0.2571428571428571,0.00021662523795384914
011,1.0,16,0.03125,35,1.6571428571428573,0.2571428571428571,0.17272727272727262,0.28428571428571425,1.7142857142857142,0.2571428571428571,0.0008104962180368602
011,1.0,20,0.025,35,1.6,0.2857142857142857,0.18454935622317592,0.2966199813258637,1.7142857142857142,0.2571428571428571,0.00010955921607092023
011,1.0,25,0.02,35,1.5714285714285714,0.3142857142857143,0.1875480399692543,0.3277310924369748,1.7142857142857142,0.2571428571428571,9.476491413806798e-07
011,1.0,30,0.016666666666666666,35,1.7714285714285714,0.22857142857142856,0.1531454597210361,0.24153846153846156,1.7142857142857142,0.2571428571428571,0.002255449304357171
011,1.0,40,0.0125,35,1.5714285714285714,0.2571428571428571,0.17667379503207747,0.23820728291316526,1.7142857142857142,0.2571428571428571,0.0003070742532145232
011,1.0,50,0.01,35,1.457142857142857,0.2857142857142857,0.26573426573426573,0.2609035409035409,1.7142857142857142,0.2571428571428571,0.0002942109713330865
011,1.0,60,0.008333333333333333,35,1.1428571428571428,0.34285714285714286,0.3399122807017544,0.30730994152046776,1.7142857142857142,0.2571428571428571,0.0003555529983714223
011,1.0,75,0.006666666666666667,35,1.0571428571428572,0.4,0.30229624022205404,0.27801932367149756,1.7142857142857142,0.2571428571428571,0.00046859696158207953
011,2.0,1,1.0,35,1.5714285714285714,0.2857142857142857,0.07565172942579634,0.2662443438914027,1.7142857142857142,0.2571428571428571,0.0012471494264900684
011,2.0,2,0.5,35,1.9428571428571428,0.11428571428571428,-0.035916195543731266,0.12000000000000002,1.7142857142857142,0.2571428571428571,0.00761835603043437
011,2.0,3,0.3333333333333333,35,2.0,0.14285714285714285,-0.021505376344086002,0.14468864468864467,1.7142857142857142,0.2571428571428571,2.6957045520248357e-06
011,2.0,4,0.25,35,2.0,0.14285714285714285,-0.021505376344086002,0.14468864468864467,1.7142857142857142,0.2571428571428571,0.004576020408421755
011,2.0,5,0.2,35,2.085714285714286,0.14285714285714285,0.017968210089841063,0.15,1.7142857142857142,0.2571428571428571,0.004438226111233234
011,2.0,6,0.16666666666666666,35,2.085714285714286,0.14285714285714285,0.017968210089841063,0.15,1.7142857142857142,0.2571428571428571,0.00022277193784248084
011,2.0,8,0.125,35,2.085714285714286,0.14285714285714285,0.02764340013821709,0.15,1.7142857142857142,0.2571428571428571,0.006255923770368099
011,2.0,10,0.1,35,1.9428571428571428,0.11428571428571428,0.08166273584905659,0.12606060606060607,1.7142857142857142,0.2571428571428571,0.00025815333356149495
011,2.0,12,0.08333333333333333,35,1.8857142857142857,0.14285714285714285,0.09724281055440254,0.14666666666666667,1.7142857142857142,0.2571428571428571,0.00024462377768941224
011,2.0,14,0.07142857142857142,35,1.6285714285714286,0.22857142857142856,0.16409423233143783,0.23153846153846153,1.7142857142857142,0.2571428571428571,0.0002542019647080451
011,2.0,16,0.0625,35,1.6285714285714286,0.2571428571428571,0.14932486100079434,0.25487012987012986,1.7142857142857142,0.2571428571428571,0.00032854569144546986
011,2.0,20,0.05,35,1.542857142857143,0.3142857142857143,0.16960564283424162,0.3004583651642475,1.7142857142857142,0.2571428571428571,3.7882338801864535e-05
011,2.0,25,0.04,35,1.542857142857143,0.3142857142857143,0.16960564283424162,0.3004583651642475,1.7142857142857142,0.2571428571428571,3.027205593753024e-06
011,2.0,30,0.03333333333333333,35,1.7142857142857142,0.22857142857142856,0.1515151515151515,0.22641025641025642,1.7142857142857142,0.2571428571428571,0.0027015141677111387
011,2.0,40,0.025,35,1.6,0.2571428571428571,0.16018158236057067,0.2426028873087697,1.7142857142857142,0.2571428571428571,0.027483949437737465
011,2.0,50,0.02,35,1.457142857142857,0.2857142857142857,0.20580474934036952,0.2670940170940171,1.7142857142857142,0.2571428571428571,3.797652652792749e-06
011,2.0,60,0.016666666666666666,35,1.2571428571428571,0.34285714285714286,0.28156467854376455,0.3017999544315334,1.7142857142857142,0.2571428571428571,1.8677045545700821e-06
011,2.0,75,0.013333333333333334,35,1.1428571428571428,0.34285714285714286,0.23357664233576636,0.22579710144927537,1.7142857142857142,0.2571428571428571,0.0020829879213124514
011,3.0,1,1.5,35,1.6,0.2571428571428571,0.0615331729116535,0.24492889463477702,1.7142857142857142,0.2571428571428571,0.0009530799579806626
011,3.0,2,0.75,35,1.9428571428571428,0.14285714285714285,-0.028425423187480092,0.14112554112554113,1.7142857142857142,0.2571428571428571,0.001573416986502707
011,3.0,3,0.5,35,2.057142857142857,0.11428571428571428,-0.004735128736312433,0.13076923076923078,1.7142857142857142,0.2571428571428571,4.0370105125475675e-05
011,3.0,4,0.375,35,2.0285714285714285,0.11428571428571428,-0.0023991602938970846,0.12307692307692308,1.7142857142857142,0.2571428571428571,0.012462742626667023
011,3.0,5,0.3,35,2.1142857142857143,0.14285714285714285,0.015417906410603255,0.14705882352941177,1.7142857142857142,0.2571428571428571,0.0002719672629609704
011,3.0,6,0.25,35,2.057142857142857,0.14285714285714285,0.020633126059920848,0.15333333333333332,1.7142857142857142,0.2571428571428571,0.0018185116350650787
011,3.0,8,0.1875,35,2.085714285714286,0.14285714285714285,0.02764340013821709,0.15,1.7142857142857142,0.2571428571428571,0.004897060338407755
011,3.0,10,0.15,35,1.9428571428571428,0.14285714285714285,0.06694312796208535,0.14857142857142858,1.7142857142857142,0.2571428571428571,0.002587103983387351
011,3.0,12,0.125,35,1.8285714285714285,0.17142857142857143,0.14135514018691586,0.16666666666666666,1.7142857142857142,0.2571428571428571,0.0019395991694182158
011,3.0,14,0.10714285714285714,35,1.542857142857143,0.2571428571428571,0.20793702853394558,0.25212669683257916,1.7142857142857142,0.2571428571428571,0.0016644515562802553
011,3.0,16,0.09375,35,1.5714285714285714,0.2571428571428571,0.1797316954905448,0.2504583651642475,1.7142857142857142,0.2571428571428571,0.002565305447205901
011,3.0,20,0.075,35,1.6285714285714286,0.22857142857142856,0.141348497156783,0.22106442577030813,1.7142857142857142,0.2571428571428571,3.307281440356746e-05
011,3.0,25,0.06,35,1.5142857142857142,0.2857142857142857,0.1974304765002438,0.2693977591036415,1.7142857142857142,0.2571428571428571,0.003840735647827387
011,3.0,30,0.05,35,1.6571428571428573,0.2,0.15919282511210753,0.19285714285714284,1.7142857142857142,0.2571428571428571,0.0006116428994573653
011,3.0,40,0.0375,35,1.5142857142857142,0.2857142857142857,0.1690520289611046,0.26926955397543634,1.7142857142857142,0.2571428571428571,0.003060017479583621
011,3.0,50,0.03,35,1.5142857142857142,0.2857142857142857,0.19180852856902086,0.2670940170940171,1.7142857142857142,0.2571428571428571,0.005707660224288702
011,3.0,60,0.025,35,1.1714285714285715,0.34285714285714286,0.3256681168427594,0.3019298245614035,1.7142857142857142,0.2571428571428571,0.0038747000508010387
011,3.0,75,0.02,35,1.1142857142857143,0.34285714285714286,0.264591439688716,0.22728832951945083,1.7142857142857142,0.2571428571428571,5.62300301680807e-05
011,5.0,1,2.5,35,1.6571428571428573,0.22857142857142856,0.10313901345291465,0.21785714285714283,1.7142857142857142,0.2571428571428571,3.737176302820444e-05
011,5.0,2,1.25,35,1.9142857142857144,0.14285714285714285,-0.0034848724853477897,0.14010025062656642,1.7142857142857142,0.2571428571428571,0.010428785346448421
011,5.0,3,0.8333333333333334,35,2.057142857142857,0.11428571428571428,0.015499425947187118,0.12666666666666665,1.7142857142857142,0.2571428571428571,0.000555801612790674
011,5.0,4,0.625,35,2.085714285714286,0.11428571428571428,-0.006939424606043021,0.12857142857142856,1.7142857142857142,0.2571428571428571,1.0896406820393167e-05
011,5.0,5,0.5,35,2.1142857142857143,0.14285714285714285,0.015417906410603255,0.14705882352941177,1.7142857142857142,0.2571428571428571,1.751368290570099e-05
011,5.0,6,0.4166666666666667,35,2.057142857142857,0.14285714285714285,0.020633126059920848,0.15333333333333332,1.7142857142857142,0.2571428571428571,0.001422458910383284
011,5.0,8,0.3125,35,2.085714285714286,0.14285714285714285,0.02764340013821709,0.15,1.7142857142857142,0.2571428571428571,0.002005120040848851
011,5.0,10,0.25,35,1.9714285714285715,0.14285714285714285,0.053500950153486326,0.15463203463203462,1.7142857142857142,0.2571428571428571,0.00042166729690507054
011,5.0,12,0.20833333333333334,35,1.8,0.17142857142857143,0.13390010626992555,0.17523809523809525,1.7142857142857142,0.2571428571428571,0.02218940295279026
011,5.0,14,0.17857142857142858,35,1.6,0.2,0.19221892515661054,0.19974358974358974,1.7142857142857142,0.2571428571428571,0.008570095524191856
011,5.0,16,0.15625,35,1.5714285714285714,0.2571428571428571,0.1797316954905448,0.2504583651642475,1.7142857142857142,0.2571428571428571,0.013553108088672161
011,5.0,20,0.125,35,1.6,0.2571428571428571,0.16532388011601662,0.2488095238095238,1.7142857142857142,0.2571428571428571,0.0009210610296577215
011,5.0,25,0.1,35,1.5714285714285714,0.2857142857142857,0.1777209525331629,0.27439775910364145,1.7142857142857142,0.2571428571428571,0.0016862041084095836
011,5.0,30,0.08333333333333333,35,1.6,0.22857142857142856,0.18578712555767996,0.21564318034906269,1.7142857142857142,0.2571428571428571,0.00014160212595015764
011,5.0,40,0.0625,35,1.4857142857142858,0.2857142857142857,0.19594594594594594,0.26926955397543634,1.7142857142857142,0.2571428571428571,9.452439553570002e-05
011,5.0,50,0.05,35,1.457142857142857,0.2857142857142857,0.2181178540017591,0.2670940170940171,1.7142857142857142,0.2571428571428571,9.863580316959997e-07
011,5.0,60,0.041666666666666664,35,1.2285714285714286,0.34285714285714286,0.29370629370629375,0.3090726817042606,1.7142857142857142,0.2571428571428571,3.7964700823067687e-06
011,5.0,75,0.03333333333333333,35,0.9714285714285714,0.4,0.34937124111536366,0.26372549019607844,1.7142857142857142,0.2571428571428571,3.867667601298308e-06
012,0.01,1,0.005,35,1.2857142857142858,0.37142857142857144,-0.12371134020618557,0.18285714285714286,1.5714285714285714,0.2571428571428571,8.415214125534476e-08
012,0.01,2,0.0025,35,1.3428571428571427,0.2857142857142857,-0.1171303074670571,0.1158371040723982,1.5714285714285714,0.2571428571428571,1.1878179293489666e-06
012,0.01,3,0.0016666666666666668,35,1.2571428571428571,0.2857142857142857,-0.10759493670886089,0.11002710027100271,1.5714285714285714,0.2571428571428571,5.794850494567072e-06
012,0.01,4,0.00125,35,1.3428571428571427,0.2,-0.09612403100775202,0.06829268292682927,1.5714285714285714,0.2571428571428571,4.955432359565748e-06
012,0.01,5,0.001,35,1.3142857142857143,0.22857142857142856,-0.07033639143730874,0.07619047619047618,1.5714285714285714,0.2571428571428571,1.4945094335416798e-05
012,0.01,6,0.0008333333333333334,35,1.542857142857143,0.08571428571428572,0.0,0.046875,1.5714285714285714,0.2571428571428571,1.2164295185357332e-05
012,0.01,8,0.000625,35,1.7142857142857142,0.08571428571428572,-0.0547945205479452,0.05357142857142857,1.5714285714285714,0.2571428571428571,9.548617526888847e-06
012,0.01,10,0.0005,35,1.3714285714285714,0.2571428571428571,-0.08500000000000019,0.11842105263157894,1.5714285714285714,0.2571428571428571,7.200495019787923e-05
012,0.01,12,0.0004166666666666667,35,1.4285714285714286,0.22857142857142856,-0.11363636363636376,0.10526315789473684,1.5714285714285714,0.2571428571428571,0.00011336638272041455
012,0.01,14,0.00035714285714285714,35,1.3714285714285714,0.2571428571428571,-0.09947643979057585,0.11001589825119237,1.5714285714285714,0.2571428571428571,0.00012607270036824048
012,0.01,16,0.0003125,35,1.3428571428571427,0.22857142857142856,-0.017699115044247815,0.12400635930047696,1.5714285714285714,0.2571428571428571,0.0001847832027124241
012,0.01,20,0.00025,35,1.4,0.2,-0.017094017094017033,0.07777777777777778,1.5714285714285714,0.2571428571428571,0.00017448083963245153
012,0.01,25,0.0002,35,1.5142857142857142,0.08571428571428572,0.08562019758507133,0.0375,1.5714285714285714,0.2571428571428571,0.0001262185105588287
012,0.01,30,0.00016666666666666666,35,1.5714285714285714,0.14285714285714285,0.04386839481555327,0.11894736842105263,1.5714285714285714,0.2571428571428571,0.00012893183156847954
012,0.01,40,0.000125,35,1.8,0.11428571428571428,-0.21833161688980418,0.09263157894736843,1.5714285714285714,0.2571428571428571,9.072636748896912e-05
012,0.01,50,0.0001,35,1.4857142857142858,0.22857142857142856,-0.018987341772151778,0.17692307692307693,1.5714285714285714,0.2571428571428571,0.00010785892663989216
012,0.01,60,8.333333333333333e-05,35,1.5714285714285714,0.2,-0.06830309498399134,0.15711462450592883,1.5714285714285714,0.2571428571428571,0.00013941906217951328
012,0.01,75,6.666666666666667e-05,35,1.2571428571428571,0.34285714285714286,0.07125307125307123,0.21897435897435896,1.5714285714285714,0.2571428571428571,0.00021847149764653295
012,0.05,1,0.025,35,1.2571428571428571,0.4,-0.12835820895522398,0.20112044817927172,1.5714285714285714,0.2571428571428571,5.109828293825558e-08
012,0.05,2,0.0125,35,1.3428571428571427,0.2857142857142857,-0.1171303074670571,0.1158371040723982,1.5714285714285714,0.2571428571428571,4.4178360525393146e-08
012,0.05,3,0.008333333333333333,35,1.2285714285714286,0.3142857142857143,-0.08112324492979739,0.11876750700280111,1.5714285714285714,0.2571428571428571,4.39010321429123e-08
012,0.05,4,0.00625,35,1.3142857142857143,0.22857142857142856,-0.10062893081761004,0.09222222222222222,1.5714285714285714,0.2571428571428571,3.9152045161472415e-08
012,0.05,5,0.005,35,1.3428571428571427,0.2,-0.09612403100775202,0.06829268292682927,1.5714285714285714,0.2571428571428571,4.5670802251152054e-08
012,0.05,6,0.004166666666666667,35,1.542857142857143,0.08571428571428572,0.0,0.046875,1.5714285714285714,0.2571428571428571,3.947137727777772e-08
012,0.05,8,0.003125,35,1.7428571428571429,0.08571428571428572,-0.05167464114832532,0.05555555555555555,1.5714285714285714,0.2571428571428571,3.513219937190115e-08
012,0.05,10,0.0025,35,1.3428571428571427,0.2857142857142857,-0.08849557522123885,0.151033386327504,1.5714285714285714,0.2571428571428571,9.144369528257812e-08
012,0.05,12,0.0020833333333333333,35,1.3428571428571427,0.2571428571428571,-0.054054054054053946,0.11538461538461539,1.5714285714285714,0.2571428571428571,4.442425733941491e-07
012,0.05,14,0.0017857142857142859,35,1.3142857142857143,0.2857142857142857,-0.05729166666666652,0.1478328173374613,1.5714285714285714,0.2571428571428571,3.9515967387160345e-07
012,0.05,16,0.0015625,35,1.3428571428571427,0.22857142857142856,-0.017699115044247815,0.12400635930047696,1.5714285714285714,0.2571428571428571,2.9419013571896357e-06
012,0.05,20,0.00125,35,1.4,0.2,-0.017094017094017033,0.07777777777777778,1.5714285714285714,0.2571428571428571,4.027682734886184e-06
012,0.05,25,0.001,35,1.5142857142857142,0.08571428571428572,0.08562019758507133,0.0375,1.5714285714285714,0.2571428571428571,3.003876372531522e-06
012,0.05,30,0.0008333333333333334,35,1.542857142857143,0.14285714285714285,0.042857142857142816,0.11740890688259109,1.5714285714285714,0.2571428571428571,1.5335872376454063e-06
012,0.05,40,0.000625,35,1.6857142857142857,0.17142857142857143,-0.1752903907074974,0.135,1.5714285714285714,0.2571428571428571,2.1617672985030367e-07
012,0.05,50,0.0005,35,1.4857142857142858,0.22857142857142856,-0.05458515283842824,0.17216117216117216,1.5714285714285714,0.2571428571428571,2.575940811766486e-07
012,0.05,60,0.0004166666666666667,35,1.4857142857142858,0.22857142857142856,-0.017353579175704903,0.17613636363636365,1.5714285714285714,0.2571428571428571,5.433756768979947e-07
012,0.05,75,0.0003333333333333334,35,1.1428571428571428,0.37142857142857144,0.1744471744471744,0.2411965811965812,1.5714285714285714,0.2571428571428571,4.59010243503144e-06
012,0.1,1,0.05,35,1.2285714285714286,0.42857142857142855,-0.13313161875945556,0.21818181818181817,1.5714285714285714,0.2571428571428571,4.054204083558943e-08
012,0.1,2,0.025,35,1.3428571428571427,0.2857142857142857,-0.1171303074670571,0.1158371040723982,1.5714285714285714,0.2571428571428571,4.102720296828011e-08
012,0.1,3,0.016666666666666666,35,1.2285714285714286,0.3142857142857143,-0.08112324492979739,0.11876750700280111,1.5714285714285714,0.2571428571428571,4.020735744347803e-08
012,0.1,4,0.0125,35,1.3714285714285714,0.2,-0.12424242424242427,0.06999999999999999,1.5714285714285714,0.2571428571428571,3.6009719650564875e-08
012,0.1,5,0.01,35,1.3714285714285714,0.2,-0.11746987951807242,0.06829268292682927,1.5714285714285714,0.2571428571428571,4.185584856486457e-08
012,0.1,6,0.008333333333333333,35,1.542857142857143,0.08571428571428572,0.0,0.046875,1.5714285714285714,0.2571428571428571,3.813804738683757e-08
012,0.1,8,0.00625,35,1.7428571428571429,0.08571428571428572,-0.05167464114832532,0.05555555555555555,1.5714285714285714,0.2571428571428571,3.1366283792522154e-08
012,0.1,10,0.005,35,1.3142857142857143,0.2857142857142857,-0.09375,0.1478328173374613,1.5714285714285714,0.2571428571428571,4.587391444488276e-08
012,0.1,12,0.004166666666666667,35,1.3428571428571427,0.2571428571428571,-0.054054054054053946,0.11538461538461539,1.5714285714285714,0.2571428571428571,3.791487642956781e-06
012,0.1,14,0.0035714285714285718,35,1.3142857142857143,0.2857142857142857,-0.05729166666666652,0.1478328173374613,1.5714285714285714,0.2571428571428571,4.5663160364028954e-08
012,0.1,16,0.003125,35,1.3428571428571427,0.22857142857142856,-0.017699115044247815,0.12400635930047696,1.5714285714285714,0.2571428571428571,7.389304101934613e-08
012,0.1,20,0.0025,35,1.4,0.2,-0.017094017094017033,0.07777777777777778,1.5714285714285714,0.2571428571428571,7.474864105461165e-08
012,0.1,25,0.002,35,1.4857142857142858,0.08571428571428572,0.0855855855855856,0.03636363636363636,1.5714285714285714,0.2571428571428571,5.988918871935311e-08
012,0.1,30,0.0016666666666666668,35,1.542857142857143,0.14285714285714285,0.042857142857142816,0.11740890688259109,1.5714285714285714,0.2571428571428571,6.372930982934122e-08
012,0.1,40,0.00125,35,1.7142857142857142,0.14285714285714285,-0.17154811715481189,0.11032388663967611,1.5714285714285714,0.2571428571428571,5.9370751870346794e-08
012,0.1,50,0.001,35,1.4857142857142858,0.22857142857142856,-0.05458515283842824,0.17216117216117216,1.5714285714285714,0.2571428571428571,6.959700016295756e-08
012,0.1,60,0.0008333333333333334,35,1.4,0.2571428571428571,0.03528114663726556,0.19363636363636363,1.5714285714285714,0.2571428571428571,9.832335479131871e-08
012,0.1,75,0.0006666666666666668,35,1.2285714285714286,0.34285714285714286,-0.010796221322536992,0.21904761904761907,1.5714285714285714,0.2571428571428571,1.4431591921493236e-07
012,0.2,1,0.1,35,1.2,0.45714285714285713,-0.138036809815951,0.23423913043478262,1.5714285714285714,0.2571428571428571,4.142387410865922e-08
012,0.2,2,0.05,35,1.3142857142857143,0.2857142857142857,-0.12424242424242427,0.11352941176470588,1.5714285714285714,0.2571428571428571,2.993823855490518e-08
012,0.2,3,0.03333333333333333,35,1.2285714285714286,0.3142857142857143,-0.08112324492979739,0.11876750700280111,1.5714285714285714,0.2571428571428571,3.084717903334422e-08
012,0.2,4,0.025,35,1.3714285714285714,0.2,-0.12424242424242427,0.06999999999999999,1.5714285714285714,0.2571428571428571,3.226506350983982e-08
012,0.2,5,0.02,35,1.3428571428571427,0.2,-0.07938931297709906,0.06999999999999999,1.5714285714285714,0.2571428571428571,3.476417376191421e-08
012,0.2,6,0.016666666666666666,35,1.542857142857143,0.08571428571428572,0.0,0.046875,1.5714285714285714,0.2571428571428571,2.754031669383039e-08
012,0.2,8,0.0125,35,1.7142857142857142,0.08571428571428572,-0.0547945205479452,0.05357142857142857,1.5714285714285714,0.2571428571428571,2.5014610827156503e-08
012,0.2,10,0.01,35,1.3142857142857143,0.2857142857142857,-0.09375,0.1478328173374613,1.5714285714285714,0.2571428571428571,4.2416225198849133e-08
012,0.2,12,0.008333333333333333,35,1.3142857142857143,0.2571428571428571,-0.05835543766578244,0.1125,1.5714285714285714,0.2571428571428571,5.243103728957976e-08
012,0.2,14,0.0071428571428571435,35,1.3142857142857143,0.2857142857142857,-0.05729166666666652,0.1478328173374613,1.5714285714285714,0.2571428571428571,5.057725971369109e-08
012,0.2,16,0.00625,35,1.3428571428571427,0.22857142857142856,-0.017699115044247815,0.12400635930047696,1.5714285714285714,0.2571428571428571,4.587230506558626e-08
012,0.2,20,0.005,35,1.3428571428571427,0.22857142857142856,-0.017699115044247815,0.12400635930047696,1.5714285714285714,0.2571428571428571,4.780771689638641e-08
012,0.2,25,0.004,35,1.457142857142857,0.11428571428571428,0.08833522083805212,0.0748663101604278,1.5714285714285714,0.2571428571428571,5.534900537895737e-08
012,0.2,30,0.0033333333333333335,35,1.542857142857143,0.14285714285714285,0.042857142857142816,0.11740890688259109,1.5714285714285714,0.2571428571428571,1.600661505563039e-07
012,0.2,40,0.0025,35,1.5714285714285714,0.2,-0.12903225806451624,0.11353383458646618,1.5714285714285714,0.2571428571428571,6.727992030164387e-08
012,0.2,50,0.002,35,1.457142857142857,0.2571428571428571,-0.07390817469204936,0.18783068783068782,1.5714285714285714,0.2571428571428571,7.31319929059282e-08
012,0.2,60,0.0016666666666666668,35,1.4285714285714286,0.2571428571428571,-0.068075117370892,0.18561872909698995,1.5714285714285714,0.2571428571428571,1.1654857701159926e-07
012,0.2,75,0.0013333333333333335,35,1.2,0.2857142857142857,0.08776595744680837,0.1861912846632711,1.5714285714285714,0.2571428571428571,8.633748649344852e-08
012,0.5,1,0.25,35,1.2,0.4,-0.07361963190184051,0.2042440318302387,1.5714285714285714,0.2571428571428571,0.0002669851528480649
012,0.5,2,0.125,35,1.3142857142857143,0.2857142857142857,-0.15576323987538965,0.12631578947368421,1.5714285714285714,0.2571428571428571,2.3149915762132878e-08
012,0.5,3,0.08333333333333333,35,1.2571428571428571,0.2857142857142857,-0.10759493670886089,0.11002710027100271,1.5714285714285714,0.2571428571428571,2.7600288277085383e-08
012,0.5,4,0.0625,35,1.3428571428571427,0.2,-0.07109737248840808,0.07368421052631578,1.5714285714285714,0.2571428571428571,2.6081155013457646e-08
012,0.5,5,0.05,35,1.3428571428571427,0.2,-0.06451612903225801,0.07179487179487179,1.5714285714285714,0.2571428571428571,2.9396728606911893e-08
012,0.5,6,0.041666666666666664,35,1.542857142857143,0.08571428571428572,0.0,0.046875,1.5714285714285714,0.2571428571428571,2.5315790352919976e-08
012,0.5,8,0.03125,35,1.7428571428571429,0.05714285714285714,-0.038277511961722466,0.037037037037037035,1.5714285714285714,0.2571428571428571,5.5553481814740735e-08
012,0.5,10,0.025,35,1.3142857142857143,0.2857142857142857,-0.09375,0.1478328173374613,1.5714285714285714,0.2571428571428571,4.9071807950440416e-08
012,0.5,12,0.020833333333333332,35,1.3142857142857143,0.2571428571428571,-0.05835543766578244,0.1125,1.5714285714285714,0.2571428571428571,1.2056056220899336e-05
012,0.5,14,0.017857142857142856,35,1.3428571428571427,0.2571428571428571,-0.03539823008849563,0.13751987281399047,1.5714285714285714,0.2571428571428571,1.0292211527485051e-07
012,0.5,16,0.015625,35,1.3428571428571427,0.22857142857142856,-0.017699115044247815,0.12400635930047696,1.5714285714285714,0.2571428571428571,6.767736238089128e-08
012,0.5,20,0.0125,35,1.3428571428571427,0.22857142857142856,-0.017699115044247815,0.12400635930047696,1.5714285714285714,0.2571428571428571,4.6417593324576956e-08
012,0.5,25,0.01,35,1.457142857142857,0.11428571428571428,0.08833522083805212,0.0748663101604278,1.5714285714285714,0.2571428571428571,6.024556853390095e-08
012,0.5,30,0.008333333333333333,35,1.5714285714285714,0.11428571428571428,0.044489383215368994,0.09259259259259259,1.5714285714285714,0.2571428571428571,1.2989164588361746e-07
012,0.5,40,0.00625,35,1.5142857142857142,0.2,-0.09600000000000009,0.11142857142857143,1.5714285714285714,0.2571428571428571,2.453119850542862e-05
012,0.5,50,0.005,35,1.542857142857143,0.17142857142857143,-0.04925053533190593,0.12406015037593984,1.5714285714285714,0.2571428571428571,7.834614734747447e-08
012,0.5,60,0.004166666666666667,35,1.4857142857142858,0.2571428571428571,-0.12064965197215782,0.18452380952380953,1.5714285714285714,0.2571428571428571,4.6080106130830245e-07
012,0.5,75,0.0033333333333333335,35,1.2285714285714286,0.2857142857142857,0.0028208744710859213,0.17259552042160736,1.5714285714285714,0.2571428571428571,1.951210037987039e-07
012,1.0,1,0.5,35,1.2,0.37142857142857144,-0.09090909090909083,0.1894179894179894,1.5714285714285714,0.2571428571428571,0.00048718813923187554
012,1.0,2,0.25,35,1.3142857142857143,0.2857142857142857,-0.15576323987538965,0.12631578947368421,1.5714285714285714,0.2571428571428571,1.4492599120785599e-06
012,1.0,3,0.16666666666666666,35,1.2571428571428571,0.2857142857142857,-0.10759493670886089,0.11002710027100271,1.5714285714285714,0.2571428571428571,2.9619307895245583e-08
012,1.0,4,0.125,35,1.3428571428571427,0.2,-0.07109737248840808,0.07368421052631578,1.5714285714285714,0.2571428571428571,1.9191672251395175e-08
012,1.0,5,0.1,35,1.3142857142857143,0.22857142857142856,-0.06853582554517157,0.09473684210526315,1.5714285714285714,0.2571428571428571,2.579790780998792e-08
012,1.0,6,0.08333333333333333,35,1.5142857142857142,0.11428571428571428,-0.0021528525296017342,0.07779886148007589,1.5714285714285714,0.2571428571428571,2.06739976249537e-08
012,1.0,8,0.0625,35,1.6857142857142857,0.08571428571428572,-0.02556538839724687,0.05429864253393666,1.5714285714285714,0.2571428571428571,5.558583637821357e-08
012,1.0,10,0.05,35,1.3142857142857143,0.2857142857142857,-0.09375,0.1478328173374613,1.5714285714285714,0.2571428571428571,5.645067346904398e-08
012,1.0,12,0.041666666666666664,35,1.3142857142857143,0.2571428571428571,-0.05835543766578244,0.1125,1.5714285714285714,0.2571428571428571,1.019219098452595e-06
012,1.0,14,0.03571428571428571,35,1.3142857142857143,0.2571428571428571,-0.0390625,0.1346749226006192,1.5714285714285714,0.2571428571428571,4.118049190537931e-08
012,1.0,16,0.03125,35,1.4,0.17142857142857143,0.021505376344086002,0.10084033613445378,1.5714285714285714,0.2571428571428571,1.5466017089238449e-07
012,1.0,20,0.025,35,1.3714285714285714,0.2,0.002457002457002422,0.11274509803921567,1.5714285714285714,0.2571428571428571,2.4178607418434694e-06
012,1.0,25,0.02,35,1.4285714285714286,0.11428571428571428,0.08837209302325588,0.07352941176470588,1.5714285714285714,0.2571428571428571,6.139288598205894e-05
012,1.0,30,0.016666666666666666,35,1.5714285714285714,0.11428571428571428,0.044489383215368994,0.09259259259259259,1.5714285714285714,0.2571428571428571,1.6594141925452277e-05
012,1.0,40,0.0125,35,1.4857142857142858,0.22857142857142856,-0.08783783783783794,0.15263157894736842,1.5714285714285714,0.2571428571428571,1.0580331945675425e-05
012,1.0,50,0.01,35,1.542857142857143,0.17142857142857143,-0.04925053533190593,0.12406015037593984,1.5714285714285714,0.2571428571428571,8.965172128228005e-06
012,1.0,60,0.008333333333333333,35,1.4857142857142858,0.2,-0.09112709832134303,0.13075657894736842,1.5714285714285714,0.2571428571428571,9.941619282471947e-06
012,1.0,75,0.006666666666666667,35,1.2,0.2857142857142857,0.04081632653061229,0.17044498278719877,1.5714285714285714,0.2571428571428571,1.024345419864403e-05
012,2.0,1,1.0,35,1.1714285714285715,0.4,-0.06400000000000006,0.2042440318302387,1.5714285714285714,0.2571428571428571,0.0014601536095142365
012,2.0,2,0.5,35,1.3142857142857143,0.2857142857142857,-0.1891025641025641,0.13492063492063494,1.5714285714285714,0.2571428571428571,2.6028922661680554e-07
012,2.0,3,0.3333333333333333,35,1.2571428571428571,0.3142857142857143,-0.11214953271028061,0.14736842105263157,1.5714285714285714,0.2571428571428571,0.00033483191509731114
012,2.0,4,0.25,35,1.3714285714285714,0.17142857142857143,-0.04477611940298498,0.06486486486486487,1.5714285714285714,0.2571428571428571,1.5441115692738094e-06
012,2.0,5,0.2,35,1.4,0.17142857142857143,-0.08080808080808066,0.06666666666666667,1.5714285714285714,0.2571428571428571,4.8568772115231695e-08
012,2.0,6,0.16666666666666666,35,1.5142857142857142,0.11428571428571428,-0.0021528525296017342,0.07779886148007589,1.5714285714285714,0.2571428571428571,9.16415810934268e-05
012,2.0,8,0.125,35,1.7142857142857142,0.02857142857142857,-0.013698630136986356,0.015384615384615385,1.5714285714285714,0.2571428571428571,9.596839589676165e-08
012,2.0,10,0.1,35,1.2857142857142858,0.3142857142857143,-0.11812080536912739,0.15761689291101055,1.5714285714285714,0.2571428571428571,1.0877355407501454e-06
012,2.0,12,0.08333333333333333,35,1.3714285714285714,0.2,-0.015000000000000124,0.09210526315789473,1.5714285714285714,0.2571428571428571,0.0005116654792800546
012,2.0,14,0.07142857142857142,35,1.3428571428571427,0.22857142857142856,-0.017699115044247815,0.12400635930047696,1.5714285714285714,0.2571428571428571,8.97964127943851e-06
012,2.0,16,0.0625,35,1.4,0.17142857142857143,0.021505376344086002,0.10084033613445378,1.5714285714285714,0.2571428571428571,0.0022038319148123264
012,2.0,20,0.05,35,1.3714285714285714,0.2,0.002457002457002422,0.11274509803921567,1.5714285714285714,0.2571428571428571,0.0010054713347926736
012,2.0,25,0.04,35,1.4285714285714286,0.11428571428571428,0.08837209302325588,0.07352941176470588,1.5714285714285714,0.2571428571428571,3.0126302590360865e-06
012,2.0,30,0.03333333333333333,35,1.542857142857143,0.11428571428571428,0.04347826086956519,0.09126984126984126,1.5714285714285714,0.2571428571428571,3.0640262593806256e-06
012,2.0,40,0.025,35,1.4285714285714286,0.2571428571428571,-0.11401425178147284,0.16200657894736842,1.5714285714285714,0.2571428571428571,0.00010375891724834219
012,2.0,50,0.02,35,1.5714285714285714,0.14285714285714285,-0.03134796238244508,0.10818713450292397,1.5714285714285714,0.2571428571428571,0.0009704853291623294
012,2.0,60,0.016666666666666666,35,1.3714285714285714,0.22857142857142856,-0.08115183246073299,0.13823529411764707,1.5714285714285714,0.2571428571428571,2.772666994133033e-05
012,2.0,75,0.013333333333333334,35,1.2285714285714286,0.2571428571428571,0.014513788098693747,0.15596638655462183,1.5714285714285714,0.2571428571428571,0.0011853384785354137
012,3.0,1,1.5,35,1.1428571428571428,0.42857142857142855,-0.06818181818181812,0.2185185185185185,1.5714285714285714,0.2571428571428571,0.0006437955889850855
012,3.0,2,0.75,35,1.3142857142857143,0.2857142857142857,-0.1891025641025641,0.13492063492063494,1.5714285714285714,0.2571428571428571,2.295721606060397e-05
012,3.0,3,0.5,35,1.2571428571428571,0.3142857142857143,-0.11214953271028061,0.14736842105263157,1.5714285714285714,0.2571428571428571,0.0003254298062529415
012,3.0,4,0.375,35,1.4,0.17142857142857143,-0.08080808080808066,0.06666666666666667,1.5714285714285714,0.2571428571428571,2.3156813767855056e-05
012,3.0,5,0.3,35,1.4,0.17142857142857143,-0.08080808080808066,0.06666666666666667,1.5714285714285714,0.2571428571428571,0.0002963663428090513
012,3.0,6,0.25,35,1.542857142857143,0.08571428571428572,-0.004282655246252487,0.03870967741935484,1.5714285714285714,0.2571428571428571,0.00017468805890530348
012,3.0,8,0.1875,35,1.7142857142857142,0.02857142857142857,-0.013698630136986356,0.015384615384615385,1.5714285714285714,0.2571428571428571,2.1155568674657843e-07
012,3.0,10,0.15,35,1.3142857142857143,0.2857142857142857,-0.11405835543766574,0.125,1.5714285714285714,0.2571428571428571,1.1981537682004273e-05
012,3.0,12,0.125,35,1.3714285714285714,0.2,-0.015000000000000124,0.09210526315789473,1.5714285714285714,0.2571428571428571,4.244218143867329e-05
012,3.0,14,0.10714285714285714,35,1.3714285714285714,0.2,0.002457002457002422,0.11274509803921567,1.5714285714285714,0.2571428571428571,6.752132776455255e-06
012,3.0,16,0.09375,35,1.4,0.17142857142857143,0.021505376344086002,0.10084033613445378,1.5714285714285714,0.2571428571428571,2.2478569007944316e-05
012,3.0,20,0.075,35,1.3714285714285714,0.2,0.002457002457002422,0.11274509803921567,1.5714285714285714,0.2571428571428571,0.00013960327487438917
012,3.0,25,0.06,35,1.4,0.14285714285714285,0.07168458781362008,0.0865546218487395,1.5714285714285714,0.2571428571428571,0.0005836827331222594
012,3.0,30,0.05,35,1.6,0.08571428571428572,0.018036072144288484,0.06512605042016806,1.5714285714285714,0.2571428571428571,1.5187474673439283e-06
012,3.0,40,0.0375,35,1.4,0.22857142857142856,-0.06837606837606836,0.14354066985645933,1.5714285714285714,0.2571428571428571,7.944067328935489e-05
012,3.0,50,0.03,35,1.5714285714285714,0.11428571428571428,0.012539184952978122,0.08966861598440545,1.5714285714285714,0.2571428571428571,0.0016959157073870301
012,3.0,60,0.025,35,1.4,0.22857142857142856,-0.11181702668360871,0.14090909090909093,1.5714285714285714,0.2571428571428571,8.212173997890204e-05
012,3.0,75,0.02,35,1.2,0.2857142857142857,0.06145251396648033,0.21876750700280112,1.5714285714285714,0.2571428571428571,0.0006694727926515043
012,5.0,1,2.5,35,1.2,0.42857142857142855,-0.14199395770392753,0.22621082621082617,1.5714285714285714,0.2571428571428571,0.003076579887419939
012,5.0,2,1.25,35,1.3428571428571427,0.2857142857142857,-0.1649484536082475,0.13999999999999999,1.5714285714285714,0.2571428571428571,4.444033947947901e-06
012,5.0,3,0.8333333333333334,35,1.2285714285714286,0.34285714285714286,-0.11690363349131117,0.1664864864864865,1.5714285714285714,0.2571428571428571,1.1676744179567322e-05
012,5.0,4,0.625,35,1.3714285714285714,0.2,-0.08479532163742687,0.08962406015037594,1.5714285714285714,0.2571428571428571,9.144810610450804e-05
012,5.0,5,0.5,35,1.4285714285714286,0.14285714285714285,-0.05586592178770955,0.05714285714285714,1.5714285714285714,0.2571428571428571,1.754665390762966e-05
012,5.0,6,0.4166666666666667,35,1.542857142857143,0.08571428571428572,-0.004282655246252487,0.03870967741935484,1.5714285714285714,0.2571428571428571,0.004054353106766939
012,5.0,8,0.3125,35,1.7428571428571429,0.02857142857142857,-0.038277511961722466,0.016,1.5714285714285714,0.2571428571428571,1.2164843610662501e-05
012,5.0,10,0.25,35,1.3428571428571427,0.2571428571428571,-0.09009009009009006,0.11538461538461539,1.5714285714285714,0.2571428571428571,0.0002852377947419882
012,5.0,12,0.20833333333333334,35,1.3714285714285714,0.2,-0.015000000000000124,0.09210526315789473,1.5714285714285714,0.2571428571428571,0.0005358360358513892
012,5.0,14,0.17857142857142858,35,1.3714285714285714,0.2,0.002457002457002422,0.11274509803921567,1.5714285714285714,0.2571428571428571,0.0005231706891208887
012,5.0,16,0.15625,35,1.3714285714285714,0.2,0.002457002457002422,0.11274509803921567,1.5714285714285714,0.2571428571428571,0.0005607533967122436
012,5.0,20,0.125,35,1.3714285714285714,0.2,0.002457002457002422,0.11274509803921567,1.5714285714285714,0.2571428571428571,0.002996153198182583
012,5.0,25,0.1,35,1.3714285714285714,0.17142857142857143,0.054054054054053946,0.09885620915032681,1.5714285714285714,0.2571428571428571,0.00018779693346004933
012,5.0,30,0.08333333333333333,35,1.6285714285714286,0.05714285714285714,0.033300685602350444,0.04793028322440087,1.5714285714285714,0.2571428571428571,0.00022442417684942484
012,5.0,40,0.0625,35,1.4285714285714286,0.17142857142857143,-0.030878859857482288,0.11513157894736842,1.5714285714285714,0.2571428571428571,2.475692417647224e-05
012,5.0,50,0.05,35,1.5142857142857142,0.14285714285714285,-0.00658616904500553,0.1043557168784029,1.5714285714285714,0.2571428571428571,2.0433615645742975e-05
012,5.0,60,0.041666666666666664,35,1.4,0.22857142857142856,-0.09238451935081171,0.15207373271889402,1.5714285714285714,0.2571428571428571,0.003562669502571225
012,5.0,75,0.03333333333333333,35,1.1714285714285715,0.2571428571428571,0.0742942050520059,0.13155080213903741,1.5714285714285714,0.2571428571428571,7.196329079306452e-06
