dropout,lr,window_seconds,loss,fold,val_pids,seed,best_set_mae,smoothed_best_set_mae,best_epoch_smoothed,best_epoch_1se,metrics_epoch,epochs_run,set_acc_at_best,qwk_at_best,val_n,mae_argmax,acc_argmax,mae_median,acc_median,pred_loa0,pred_loa1,pred_loa2,pred_loa3,pred_loa4,const_set_mae,const_loa_mae,const_set_acc,const_loa_acc,lbl_loa0,lbl_loa1,lbl_loa2,lbl_loa3,lbl_loa4,trn_loa0,trn_loa1,trn_loa2,trn_loa3,trn_loa4,adapt_at_best,best_adapt_mae,smoothed_best_adapt_mae,best_epoch_smoothed_adapt,best_epoch_1se_adapt,adapt_acc_at_best_adapt,adapt_n_drivers,init_adapt_set_mae,init_adapt_set_acc,adapt_mae_tail,adapt_acc_tail,adapt_mae_argmax,adapt_acc_argmax,adapt_mae_median,adapt_acc_median,embed_fcd,adapt_mae_k5,adapt_acc_k5,adapt_mae_k10,adapt_acc_k10,adapt_mae_k20,adapt_acc_k20,adapt_mae_k30,adapt_acc_k30,adapt_mae_k40,adapt_acc_k40,adapt_mae_k50,adapt_acc_k50,adapt_mae_k60,adapt_acc_k60
0.1,0.001,10.0,corn,0,001|005,1,1.5614754098360655,1.663934426229508,19,16,19,24,0.27459016393442626,0.03320222119389171,244,1.7827868852459017,0.26229508196721313,1.7008196721311475,0.27459016393442626,95.0,53.0,76.0,15.0,5.0,1.209016393442623,3,0.3770491803278688,4,49,17,48,59,92,463,302,177,119,227,1.4973206779658392,1.3435400408083122,1.378714186435752,5,3,0.31868971661463025,2.0,1.3216071481630827,0.3232204904062476,1.4904761904761905,0.29285714285714287,1.4199179221317397,0.36133473745141176,1.4180528573048001,0.31868971661463025,0,1.700365363536719,0.20865911582024113,1.6086124401913877,0.24816586921850078,1.3448076923076924,0.3373076923076923,1.3689125295508275,0.3317966903073286,1.4675595238095238,0.32976190476190476,1.2517374517374518,0.3772200772200772,1.184375,0.3979166666666667
0.1,0.001,10.0,corn,0,001|005,0,1.4467213114754098,1.6057377049180328,8,7,8,30,0.30327868852459017,0.024483617629290855,244,1.6065573770491803,0.3483606557377049,1.6147540983606556,0.30327868852459017,76.0,56.0,82.0,7.0,23.0,1.209016393442623,3,0.3770491803278688,4,49,17,48,59,92,463,302,177,119,227,1.2835881667757119,1.2302195033179126,1.2933901524978568,7,7,0.3666010023711462,2.0,1.3503963640261216,0.2831681270604631,1.4833333333333334,0.3214285714285714,1.379690351460173,0.402116263613318,1.3732134796320166,0.3666010023711462,0,1.5044574351479723,0.3244428206065035,1.5135566188197767,0.3385964912280702,1.2490384615384615,0.4115384615384615,1.3826241134751773,0.37505910165484635,1.5544642857142859,0.33511904761904765,1.2260617760617762,0.4106177606177606,1.1822916666666665,0.37083333333333335
0.1,0.001,10.0,corn,0,001|005,1,1.2663934426229508,1.3655737704918034,28,28,28,39,0.3114754098360656,0.21226374754126398,244,1.4918032786885247,0.3073770491803279,1.4180327868852458,0.3114754098360656,65.0,59.0,69.0,33.0,18.0,1.209016393442623,3,0.3770491803278688,4,49,17,48,59,92,463,302,177,119,227,1.272609721834479,1.1737688938597892,1.218202871797966,28,28,0.35982056629458903,2.0,1.2802375787191265,0.3540548331950192,1.4571428571428569,0.32619047619047614,1.2809460998354445,0.3939165138283298,1.272609721834479,0.35982056629458903,1,1.3760321519912313,0.3373401534526854,1.299920255183413,0.32169059011164275,1.3271153846153845,0.30365384615384616,1.2715130023640662,0.33806146572104023,1.2598214285714286,0.4101190476190476,1.2301158301158301,0.411003861003861,1.14375,0.396875
0.1,0.001,10.0,corn,0,001|005,0,1.598360655737705,1.6918032786885244,17,5,17,43,0.2540983606557377,-0.017218771109551056,244,1.7336065573770492,0.27459016393442626,1.7418032786885247,0.2540983606557377,79.0,68.0,68.0,9.0,20.0,1.209016393442623,3,0.3770491803278688,4,49,17,48,59,92,463,302,177,119,227,1.3588450237059275,1.2637618743249235,1.3156772874438096,20,3,0.34637455040446097,2.0,1.3089567053935707,0.3012448355098204,1.4166666666666665,0.3380952380952381,1.3784633305848115,0.38085829606326443,1.376659724298859,0.34637455040446097,1,1.5413956887102667,0.2814029959810011,1.458213716108453,0.28923444976076557,1.4676923076923076,0.3075,1.4819148936170212,0.3049645390070922,1.375595238095238,0.34970238095238093,1.175868725868726,0.42046332046332047,1.1359375,0.4713541666666667
0.1,0.001,10.0,corn,1,002|006,0,1.138095238095238,1.5933333333333335,22,3,22,25,0.3047619047619048,-0.09540889526542329,210,1.6428571428571428,0.3047619047619048,1.638095238095238,0.3047619047619048,73.0,31.0,26.0,33.0,47.0,1.1238095238095238,1,0.46190476190476193,0,97,35,53,57,7,415,284,172,121,312,1.3456827597732879,1.0813649663100806,1.20187353450762,3,3,0.4053950051091593,2.0,1.277802889873346,0.38101774062559335,1.3738095238095238,0.3547619047619047,1.282868520842178,0.4411783453256876,1.2194830145445108,0.4053950051091593,0,1.1089685190808787,0.3566150420083004,1.641509433962264,0.26549865229110514,1.583474099099099,0.29180743243243246,1.3788154069767442,0.35828488372093026,1.1983430799220274,0.3971734892787524,0.8484848484848485,0.5643939393939394,0.7767857142857143,0.6039915966386555
0.1,0.001,10.0,corn,1,002|006,0,1.119047619047619,1.5314285714285714,3,3,3,33,0.28095238095238095,-0.13647749647563234,210,1.6714285714285715,0.34285714285714286,1.5857142857142856,0.28095238095238095,23.0,50.0,59.0,34.0,44.0,1.1238095238095238,1,0.46190476190476193,0,97,35,53,57,7,415,284,172,121,312,1.2079094321580894,1.1716749641294166,1.2074727805767815,5,3,0.427035835162655,2.0,1.258133616933148,0.3908889089104498,1.4214285714285713,0.3547619047619048,1.2312653306645167,0.44898182645987367,1.187322135879162,0.427035835162655,1,1.3037756857981577,0.39143638020042515,1.4338499550763704,0.3332210242587601,1.5002815315315314,0.29490427927927926,1.2941497093023255,0.3968023255813954,1.0704191033138402,0.47612085769980506,0.8484848484848485,0.5757575757575757,0.8602941176470589,0.5210084033613445
0.1,0.001,10.0,corn,1,002|006,1,1.161904761904762,1.6038095238095238,3,3,3,29,0.2,-0.20912022109626904,210,2.085714285714286,0.22857142857142856,1.8047619047619048,0.2,11.0,61.0,51.0,29.0,58.0,1.1238095238095238,1,0.46190476190476193,0,97,35,53,57,7,415,284,172,121,312,1.2289676698017393,1.141348240019461,1.192614702763192,10,6,0.40086636802733544,2.0,1.2757063805248157,0.37620944039923726,1.4023809523809523,0.34285714285714286,1.2782264154565985,0.43448580087407596,1.2227873027530132,0.40086636802733544,0,1.1854438708371293,0.3555015689847151,1.5350404312668464,0.2667340521114106,1.5008445945945947,0.3458614864864865,1.3034156976744184,0.3737281976744186,1.2487816764132553,0.40886939571150094,0.9734848484848485,0.5075757575757576,0.8125,0.5477941176470589
0.1,0.001,10.0,corn,1,002|006,1,1.1,1.650793650793651,25,3,25,26,0.2761904761904762,-0.08983575589022408,210,1.6666666666666667,0.2714285714285714,1.6428571428571428,0.2761904761904762,50.0,31.0,37.0,48.0,44.0,1.1238095238095238,1,0.46190476190476193,0,97,35,53,57,7,415,284,172,121,312,1.395708279879614,1.2120529057874307,1.2375501581926698,6,4,0.3964116407711038,2.0,1.2001305473625083,0.41126984690410967,1.3785714285714286,0.34285714285714286,1.3343839161169129,0.4223218231951066,1.2346637744536022,0.3964116407711038,1,1.483854641158012,0.3206296183824274,1.606019766397125,0.2714510332434861,1.6297860360360361,0.26942567567567566,1.2616279069767442,0.41624273255813954,1.0821150097465888,0.43932748538011696,0.8371212121212122,0.5189393939393939,0.7421218487394958,0.5388655462184874
0.1,0.001,10.0,corn,2,003|007,0,1.5271317829457365,1.6813953488372093,16,15,16,24,0.24806201550387597,0.0706199658734381,258,1.6627906976744187,0.2596899224806202,1.6589147286821706,0.24806201550387597,79.0,49.0,47.0,40.0,43.0,1.4224806201550388,1,0.32170542635658916,4,74,72,14,15,83,438,247,211,163,236,1.001443299602148,0.9036788642122435,0.9363509507937625,5,4,0.48790499886514704,2.0,1.3102442477543765,0.316326101503014,0.9690476190476189,0.4666666666666667,0.9438544254413,0.5048029580602874,0.9334391682421674,0.48790499886514704,0,1.222124355712142,0.42695896131010636,1.0054563492063493,0.4871031746031746,1.0684584178498986,0.4500507099391481,0.93201394585726,0.5028712059064807,0.8422256097560976,0.4860264227642277,0.8625645994832041,0.4988695090439277,0.6012308998302207,0.5634550084889643
0.1,0.001,10.0,corn,2,003|007,0,1.5116279069767442,1.6333333333333333,7,5,7,26,0.2596899224806202,0.10166790003984749,258,1.5775193798449612,0.29844961240310075,1.5775193798449612,0.2596899224806202,65.0,73.0,43.0,35.0,42.0,1.4224806201550388,1,0.32170542635658916,4,74,72,14,15,83,438,247,211,163,236,0.8178658112604327,0.7926778029745174,0.8555991918630582,7,5,0.5088420727269933,2.0,1.1828299105514826,0.3514808755155058,0.7047619047619047,0.5571428571428572,0.8517459141515807,0.5094390119530323,0.8178658112604327,0.5088420727269933,1,0.9823187838455014,0.47168395641678085,0.9305555555555556,0.4915674603174603,0.8504056795131847,0.4766734279918864,0.8180885972108285,0.493129614438064,0.7710873983739838,0.5208333333333333,0.7751937984496124,0.5209948320413437,0.5974108658743633,0.5870118845500849
0.1,0.001,10.0,corn,2,003|007,1,1.449612403100775,1.5666666666666669,5,3,5,25,0.19767441860465115,-0.006236052307756479,258,1.6627906976744187,0.2558139534883721,1.6589147286821706,0.19767441860465115,53.0,90.0,50.0,43.0,22.0,1.4224806201550388,1,0.32170542635658916,4,74,72,14,15,83,438,247,211,163,236,0.7780371347048349,0.5423187895079722,0.6851596088893007,5,4,0.5154075078378801,2.0,1.1660298307357122,0.37800936635027904,0.8261904761904764,0.5166666666666666,0.8057173501659952,0.5186567413984203,0.7780371347048349,0.5154075078378801,0,0.8968160762053892,0.4878645527500489,0.7524801587301587,0.5282738095238095,0.8991717376605814,0.45884043272481406,0.7923502871205906,0.5210213289581624,0.6981707317073171,0.5564024390243902,0.6810400516795866,0.5592700258397932,0.7262308998302207,0.4961799660441426
0.1,0.001,10.0,corn,2,003|007,1,1.3992248062015504,1.4651162790697674,24,23,24,25,0.28294573643410853,0.29103386004514686,258,1.3953488372093024,0.28294573643410853,1.3992248062015504,0.28294573643410853,84.0,48.0,45.0,36.0,45.0,1.4224806201550388,1,0.32170542635658916,4,74,72,14,15,83,438,247,211,163,236,0.936539160002084,0.5697819844543961,0.6557572231756429,5,4,0.5702601333890841,2.0,1.014682262562474,0.4187600665965303,0.592857142857143,0.5714285714285714,0.6576880356188392,0.5724162709927414,0.6393914599926093,0.5702601333890841,1,0.815619495008808,0.5206824557969596,0.7648809523809523,0.53125,0.7200811359026369,0.5184246112237999,0.6232567678424938,0.5769073010664478,0.5330284552845528,0.6233485772357723,0.4953165374677002,0.6335594315245479,0.5235568760611206,0.5876485568760611
0.1,0.001,10.0,corn,3,004|008,0,0.6708333333333333,1.2805555555555557,24,13,24,25,0.325,0.09003840875206115,240,1.325,0.30833333333333335,1.3,0.325,72.0,46.0,45.0,43.0,34.0,0.5375,1,0.4708333333333333,0,113,111,42,1,0,399,208,183,177,319,0.6578092025386066,0.5683071537920413,0.5884707254813704,5,3,0.4639321746631444,2.0,0.5977294285419963,0.4650930292346145,0.669047619047619,0.42857142857142855,0.6363752840119314,0.4626000094639794,0.6169762157320504,0.4639321746631444,0,0.7828872545302904,0.38642050193342936,0.5709549071618036,0.4640251989389921,0.7188879967884384,0.3932155760738659,0.6116071428571428,0.453125,0.5350408548082967,0.505656819610308,0.548108552631579,0.4979440789473684,0.5513468013468014,0.5471380471380471
0.1,0.001,10.0,corn,3,004|008,0,0.7625,1.3708333333333333,24,12,24,25,0.30833333333333335,-0.009241826192501579,240,1.375,0.3125,1.3833333333333333,0.30833333333333335,69.0,46.0,60.0,19.0,46.0,0.5375,1,0.4708333333333333,0,113,111,42,1,0,399,208,183,177,319,0.7815837314620246,0.5666407366963988,0.5931818848073458,3,3,0.47509410545101693,2.0,0.5988133576358069,0.466452939985621,0.6595238095238096,0.4452380952380953,0.6141043612550139,0.4932044709013066,0.6073253716588584,0.47509410545101693,1,0.694859352490712,0.42584729698991586,0.5994694960212201,0.4522546419098143,0.7122641509433962,0.39682858289843437,0.5729166666666666,0.5104166666666666,0.5333123821495914,0.5306411062225016,0.5719572368421053,0.5004111842105263,0.5664983164983165,0.5092592592592593
0.1,0.001,10.0,corn,3,004|008,1,1.0291666666666666,1.4425000000000001,9,7,9,24,0.2625,0.0009606147934676512,240,1.5083333333333333,0.275,1.4916666666666667,0.2625,39.0,59.0,67.0,27.0,48.0,0.5375,1,0.4708333333333333,0,113,111,42,1,0,399,208,183,177,319,0.6675492771507943,0.5230593774547398,0.5645030830396779,4,3,0.48272333182575977,2.0,0.6057699918681287,0.4586077504203608,0.6595238095238095,0.4476190476190476,0.6120388080947867,0.47484400660130627,0.593291378942874,0.48272333182575977,0,0.6906513003260293,0.41671089544317236,0.5540450928381964,0.4766246684350133,0.6691087916499397,0.44470092332396627,0.5952380952380952,0.48809523809523814,0.5344123192960403,0.5295411690760528,0.5826480263157895,0.48972039473684215,0.5269360269360269,0.5336700336700337
0.1,0.001,10.0,corn,3,004|008,1,1.1791666666666667,1.3763888888888889,25,5,25,26,0.30833333333333335,-0.0386707398852546,240,1.2166666666666666,0.31666666666666665,1.2125,0.30833333333333335,107.0,50.0,30.0,24.0,29.0,0.5375,1,0.4708333333333333,0,113,111,42,1,0,399,208,183,177,319,0.6484468210922452,0.5369896432349569,0.5995748674567617,3,3,0.4737389692617132,2.0,0.5983756339450015,0.4693021537838052,0.6452380952380953,0.4428571428571428,0.6295319147691801,0.4699272604319937,0.600903858162299,0.4737389692617132,1,0.7306088407005839,0.39650466297672304,0.5867042440318302,0.46501989389920423,0.6578683259735046,0.4647731834604576,0.5848214285714286,0.47767857142857145,0.5468258956631049,0.4938717787554997,0.5641447368421053,0.5082236842105263,0.5353535353535354,0.5101010101010102
0.1,0.001,10.0,corn,4,009|011,0,1.06,1.1328,10,10,10,30,0.44,0.4063618103988429,250,1.228,0.452,1.18,0.44,81.0,58.0,28.0,33.0,50.0,1.468,3,0.368,4,79,43,11,45,92,433,276,214,133,227,1.0649866462355888,0.9491381928225405,0.9972078987816022,11,11,0.5288166017604429,2.0,1.745060843872379,0.3146459983757563,1.0761904761904761,0.4666666666666667,1.003389754949026,0.5558722145698396,1.0014373300347463,0.5288166017604429,0,1.4116907605279698,0.40928137439765344,1.2391965916007304,0.4491783323189288,0.9161184210526316,0.559484649122807,0.8474955277280858,0.5850849731663685,0.87010078387458,0.5687290033594625,0.8890692640692641,0.5503246753246753,0.8363899613899614,0.5796332046332047
0.1,0.001,10.0,corn,4,009|011,1,1.036,1.2688,10,9,10,27,0.368,0.27571708328533584,250,1.396,0.412,1.408,0.368,82.0,88.0,23.0,14.0,43.0,1.468,3,0.368,4,79,43,11,45,92,433,276,214,133,227,1.2500392882165663,1.0153395594005687,1.0834415463009583,5,4,0.517128650161731,2.0,1.5958556169549531,0.37981892861648947,1.2999999999999998,0.4571428571428572,1.1219159968063042,0.5385429255674943,1.0995869228779218,0.517128650161731,0,1.4347370626440394,0.44217473287240733,1.3348295800365184,0.4497869750456482,1.0169956140350878,0.5474232456140351,0.9908318425760286,0.5347719141323792,0.8610022396416573,0.5568309070548711,0.9604978354978355,0.5568181818181819,1.0982142857142856,0.5320945945945945
0.1,0.001,10.0,corn,4,009|011,0,1.172,1.3184,7,6,7,31,0.352,0.24337975705638615,250,1.632,0.404,1.468,0.352,76.0,61.0,27.0,30.0,56.0,1.468,3,0.368,4,79,43,11,45,92,433,276,214,133,227,1.1033403304474314,1.040270288586693,1.0625742937162372,8,7,0.5102347965558067,2.0,1.5756717372878708,0.3560614452096268,1.0880952380952382,0.4738095238095238,1.0486523420770775,0.5503909577307111,1.0467936192167746,0.5102347965558067,1,1.3586842656610099,0.4409176618478944,1.245967741935484,0.44712416311625075,1.0117872807017543,0.5386513157894737,1.117061717352415,0.4788685152057245,0.9430291153415453,0.5236562150055991,0.8322510822510822,0.5741341991341992,0.8187741312741313,0.5682915057915058
0.1,0.001,10.0,corn,4,009|011,1,1.184,1.376,5,4,5,26,0.336,0.35880958501128146,250,1.528,0.468,1.376,0.336,98.0,69.0,25.0,34.0,24.0,1.468,3,0.368,4,79,43,11,45,92,433,276,214,133,227,0.937414176385466,0.937414176385466,1.0691538801980822,11,4,0.5494254353363945,2.0,1.4804955985521202,0.4133309011180436,1.0023809523809524,0.5452380952380952,1.054970318483955,0.5701462569518686,1.0325774477180358,0.5494254353363945,1,1.5672532998114395,0.4169285564634402,1.2848447961046865,0.48219720024345714,0.9838267543859649,0.5487938596491228,0.9033989266547406,0.5919051878354203,0.8909574468085106,0.5788073908174692,0.8841991341991342,0.5806277056277056,0.7135617760617761,0.6467181467181468
0.1,0.001,10.0,corn,5,010|012,0,1.3565573770491803,1.7549180327868854,19,15,19,39,0.27459016393442626,-0.2873047524094383,244,1.8155737704918034,0.28688524590163933,1.8073770491803278,0.27459016393442626,115.0,36.0,35.0,19.0,39.0,1.2049180327868851,1,0.4098360655737705,0,100,41,57,1,45,412,278,168,177,274,1.2924536349769473,1.158067601389042,1.2060603529386278,33,3,0.38728424593090444,2.0,1.268089360881811,0.40208735423549663,1.3142857142857145,0.3761904761904762,1.3105321671182557,0.3905968471779677,1.2599339966185328,0.38728424593090444,0,1.7266534827510438,0.2693913425620743,1.4048608890310201,0.33546530220658777,1.1863425925925926,0.36342592592592593,1.2568818224964404,0.40258661604176554,1.0544258373205742,0.45215311004784686,1.1567599067599068,0.4079254079254079,1.0336134453781511,0.48004201680672265
0.1,0.001,10.0,corn,5,010|012,0,1.3524590163934427,1.8229508196721311,3,3,3,25,0.21721311475409835,-0.39636345421759156,244,1.9959016393442623,0.23770491803278687,1.8729508196721312,0.21721311475409835,40.0,78.0,62.0,23.0,41.0,1.2049180327868851,1,0.4098360655737705,0,100,41,57,1,45,412,278,168,177,274,1.180460956128344,1.0623324297230972,1.1225115304730764,3,3,0.4273803615640714,2.0,1.1814010153856083,0.4371544521172464,1.192857142857143,0.42619047619047623,1.2387732467486228,0.44113504587317565,1.180460956128344,0.4273803615640714,1,1.4210063722258846,0.3090529553944188,1.1618164374800128,0.41501439078989444,1.1423611111111112,0.4403935185185185,1.2508305647840532,0.405671570953963,1.0574162679425836,0.4551435406698565,1.0506993006993006,0.5,1.1790966386554622,0.46638655462184875
0.1,0.001,10.0,corn,5,010|012,1,1.3934426229508197,1.7672131147540984,8,6,8,25,0.3155737704918033,-0.25113019205679765,244,1.8319672131147542,0.3114754098360656,1.7377049180327868,0.3155737704918033,89.0,57.0,39.0,11.0,48.0,1.2049180327868851,1,0.4098360655737705,0,100,41,57,1,45,412,278,168,177,274,1.1172009595868806,1.0240027624055488,1.0759625625442584,3,3,0.46030888207692455,2.0,1.127256093605869,0.4459440396119699,1.2214285714285715,0.43095238095238103,1.1314858922773532,0.4601340419959064,1.1081488135130257,0.46030888207692455,1,1.1152493957372007,0.43682707097341245,1.1458266709306044,0.45458906299968016,1.1452546296296298,0.4346064814814815,1.0862600854295206,0.47116753678215473,1.1133373205741628,0.4817583732057416,1.1048951048951048,0.4621212121212121,1.046218487394958,0.4810924369747899
0.1,0.001,10.0,corn,5,010|012,1,1.348360655737705,1.7040983606557378,13,10,13,31,0.2336065573770492,-0.2986349665521604,244,1.930327868852459,0.22131147540983606,1.8729508196721312,0.2336065573770492,92.0,40.0,44.0,25.0,43.0,1.2049180327868851,1,0.4098360655737705,0,100,41,57,1,45,412,278,168,177,274,1.1575320784630598,1.0831857404312033,1.102627769004763,9,7,0.4498305473334492,2.0,1.1959044284861873,0.4231774338560622,1.1476190476190475,0.42380952380952375,1.141933879879847,0.4688669901615594,1.1107622914040653,0.4498305473334492,0,1.2990551527136893,0.4051856734783564,1.0717940518068436,0.43060441317556764,1.1377314814814814,0.42824074074074076,1.105956336022781,0.45004746084480307,1.0445574162679425,0.4817583732057416,1.0868298368298368,0.4493006993006993,1.0294117647058822,0.5036764705882353
0.1,0.002,10.0,corn,0,001|005,1,1.4221311475409837,1.621311475409836,16,16,16,24,0.27459016393442626,0.07345380900451759,244,1.6598360655737705,0.30327868852459017,1.6639344262295082,0.27459016393442626,91.0,52.0,79.0,12.0,10.0,1.209016393442623,3,0.3770491803278688,4,49,17,48,59,92,463,302,177,119,227,1.4483083413332847,1.2028224697115357,1.2543409641108474,3,3,0.3955271668509242,2.0,1.3216071481630827,0.3232204904062476,1.480952380952381,0.3214285714285714,1.2183688926861753,0.44248994959174603,1.240502935976251,0.3955271668509242,0,1.1971867007672634,0.3070515162586774,1.1658692185007975,0.39657097288676235,1.225,0.3825,1.260401891252955,0.39609929078014183,1.2705357142857143,0.39672619047619045,1.3770270270270268,0.43088803088803085,1.1875,0.4588541666666667
0.1,0.002,10.0,corn,0,001|005,0,1.4467213114754098,1.544262295081967,8,8,8,31,0.2786885245901639,0.05495102574269062,244,1.5532786885245902,0.32786885245901637,1.5614754098360655,0.2786885245901639,61.0,55.0,93.0,12.0,23.0,1.209016393442623,3,0.3770491803278688,4,49,17,48,59,92,463,302,177,119,227,1.2852300355415238,1.2042180522769357,1.2530521217706856,5,5,0.4331843689070749,2.0,1.3503963640261216,0.2831681270604631,1.2238095238095237,0.41428571428571426,1.2135940103904574,0.4669130394647729,1.2215203749809878,0.4331843689070749,0,1.544683960540738,0.3329923273657289,1.2828548644338118,0.3382775119617225,1.1121153846153846,0.46653846153846157,1.2159574468085106,0.4574468085106383,1.3199404761904763,0.4407738095238095,1.0922779922779922,0.4801158301158301,0.9828125,0.5161458333333333
0.1,0.002,10.0,corn,0,001|005,0,1.5163934426229508,1.571311475409836,8,7,8,29,0.3073770491803279,0.15418768787533954,244,1.5450819672131149,0.3729508196721312,1.5327868852459017,0.3073770491803279,85.0,56.0,72.0,13.0,18.0,1.209016393442623,3,0.3770491803278688,4,49,17,48,59,92,463,302,177,119,227,1.1229746225850317,1.1229746225850317,1.182952800008109,22,8,0.45522048344055865,2.0,1.3089567053935707,0.3012448355098204,1.2023809523809526,0.4380952380952381,1.1587143545316059,0.47882029085590855,1.1418136499971578,0.45522048344055865,1,1.5392035074899524,0.34647424187066134,1.3830143540669857,0.33891547049441784,1.0986538461538462,0.4425,1.116903073286052,0.4482269503546099,1.0419642857142857,0.5041666666666667,1.0166023166023166,0.538030888030888,0.7963541666666667,0.5682291666666667
0.1,0.002,10.0,corn,0,001|005,1,1.471311475409836,1.5754098360655737,12,10,12,24,0.319672131147541,0.1731276177222304,244,1.5122950819672132,0.3319672131147541,1.471311475409836,0.319672131147541,80.0,62.0,63.0,24.0,15.0,1.209016393442623,3,0.3770491803278688,4,49,17,48,59,92,463,302,177,119,227,1.3278269745756037,1.1919514078614912,1.2303169911988092,4,3,0.42910199083893685,2.0,1.2802375787191265,0.3540548331950192,1.4142857142857144,0.3904761904761905,1.1852789964180432,0.46226239304532724,1.223062068823737,0.42910199083893685,1,1.5671903544026304,0.32298136645962733,1.3665071770334927,0.36411483253588517,1.1271153846153845,0.48057692307692307,1.243498817966903,0.42990543735224584,1.194047619047619,0.45446428571428577,1.1453667953667952,0.44073359073359075,0.9177083333333333,0.5109375
0.1,0.002,10.0,corn,1,002|006,0,1.180952380952381,1.5857142857142856,23,18,23,24,0.3,-0.03810101198526339,210,1.4857142857142858,0.2904761904761905,1.4666666666666666,0.3,73.0,40.0,40.0,22.0,35.0,1.1238095238095238,1,0.46190476190476193,0,97,35,53,57,7,415,284,172,121,312,1.2699239764318775,1.044559381671031,1.153606947528442,3,3,0.4186722224985537,2.0,1.277802889873346,0.38101774062559335,1.226190476190476,0.3738095238095238,1.1352458356632458,0.46845884453955805,1.1554398324900488,0.4186722224985537,0,1.35200931268347,0.3521611499139589,1.5161725067385445,0.2786388140161725,1.5447635135135136,0.27519707207207206,1.325218023255814,0.357921511627907,1.0462962962962963,0.45248538011695905,0.7159090909090908,0.571969696969697,0.5877100840336134,0.6423319327731092
0.1,0.002,10.0,corn,1,002|006,0,1.1333333333333333,1.6219047619047617,3,3,3,26,0.2857142857142857,-0.04092202694865188,210,1.7,0.3523809523809524,1.3952380952380952,0.2857142857142857,33.0,75.0,52.0,21.0,29.0,1.1238095238095238,1,0.46190476190476193,0,97,35,53,57,7,415,284,172,121,312,1.217336736117599,1.1300357864795794,1.1700213329146736,4,3,0.3878455872211583,2.0,1.258133616933148,0.3908889089104498,1.4214285714285713,0.3142857142857143,1.2422834217585397,0.4402083680056591,1.2283930688022653,0.3878455872211583,1,1.46031987043223,0.3250835104767689,1.4430592991913747,0.3165992812219227,1.5064752252252251,0.2939189189189189,1.3462936046511627,0.31922238372093026,1.1583820662768032,0.37475633528265107,0.9242424242424243,0.5265151515151516,0.7599789915966386,0.5588235294117647
0.1,0.002,10.0,corn,1,002|006,1,1.1523809523809523,1.5304761904761908,4,4,4,24,0.2761904761904762,-0.1598122663272612,210,1.7571428571428571,0.3,1.6095238095238096,0.2761904761904762,11.0,59.0,63.0,24.0,53.0,1.1238095238095238,1,0.46190476190476193,0,97,35,53,57,7,415,284,172,121,312,1.2032303209291646,1.1628670631837434,1.212852951865219,5,4,0.39644538939712337,2.0,1.2001305473625083,0.41126984690410967,1.4976190476190476,0.3285714285714285,1.3032171606190226,0.40757916505447156,1.264735741165694,0.39644538939712337,1,1.788946249620407,0.27108006883287783,1.6279200359389039,0.25157232704402516,1.4967623873873874,0.3360078828828829,1.3204941860465116,0.3601017441860465,1.1452241715399611,0.41033138401559455,0.7878787878787878,0.571969696969697,0.6859243697478992,0.5740546218487395
0.1,0.002,10.0,corn,1,002|006,1,1.1571428571428573,1.6828571428571428,3,3,3,27,0.21428571428571427,-0.14761432999904112,210,1.8761904761904762,0.22380952380952382,1.7142857142857142,0.21428571428571427,9.0,40.0,68.0,35.0,58.0,1.1238095238095238,1,0.46190476190476193,0,97,35,53,57,7,415,284,172,121,312,1.3496875265802344,1.0689204891948605,1.162199457770652,6,4,0.4629254759731805,2.0,1.2757063805248157,0.37620944039923726,1.2047619047619047,0.4190476190476191,1.0524461982374709,0.5011090033312354,1.0689204891948605,0.4629254759731805,0,1.1773964976212168,0.4409859297499747,1.6043351302785265,0.26819407008086255,1.4460867117117118,0.29701576576576577,1.0628633720930232,0.4280523255813954,0.908625730994152,0.5063352826510721,0.7159090909090908,0.625,0.5672268907563025,0.6748949579831933
0.1,0.002,10.0,corn,2,003|007,0,1.3953488372093024,1.4868217054263566,16,15,16,26,0.2364341085271318,0.07505832811699764,258,1.6317829457364341,0.2558139534883721,1.6356589147286822,0.2364341085271318,61.0,47.0,61.0,42.0,47.0,1.4224806201550388,1,0.32170542635658916,4,74,72,14,15,83,438,247,211,163,236,1.113999044976819,0.7949740993762724,0.8475617084868331,3,3,0.4826493971386456,2.0,1.3102442477543765,0.316326101503014,0.9476190476190476,0.4666666666666667,0.8842674407844102,0.4981232866355577,0.8808480513671799,0.4826493971386456,0,1.1919488484373981,0.43961636328048537,0.9518849206349207,0.47371031746031744,0.8826910074374578,0.42849898580121704,0.8020918785890074,0.49056603773584906,0.8076727642276422,0.5025406504065041,0.8447997416020672,0.4780361757105943,0.6848471986417657,0.5655772495755518
0.1,0.002,10.0,corn,2,003|007,1,1.434108527131783,1.5790697674418606,7,6,7,24,0.313953488372093,0.23934767398051626,258,1.4612403100775193,0.32945736434108525,1.434108527131783,0.313953488372093,83.0,61.0,41.0,24.0,49.0,1.4224806201550388,1,0.32170542635658916,4,74,72,14,15,83,438,247,211,163,236,0.852274449343442,0.7383653874532772,0.7575159173329828,4,3,0.4675421223038724,2.0,1.014682262562474,0.4187600665965303,0.8214285714285714,0.4547619047619048,0.7829523071120316,0.4940321439405235,0.7803817407957426,0.4675421223038724,1,0.8530045018594636,0.45840673321589354,0.7782738095238095,0.498015873015873,1.0272988505747127,0.3800709939148073,0.755332239540607,0.4702625102543068,0.6807672764227642,0.5086382113821137,0.7425710594315245,0.45251937984496127,0.6254244482173175,0.504881154499151
0.1,0.002,10.0,corn,2,003|007,1,1.441860465116279,1.63953488372093,5,4,5,27,0.2751937984496124,0.005967948605430817,258,1.7829457364341086,0.26744186046511625,1.7093023255813953,0.2751937984496124,122.0,52.0,25.0,34.0,25.0,1.4224806201550388,1,0.32170542635658916,4,74,72,14,15,83,438,247,211,163,236,0.9548474212076512,0.6583828224047255,0.778522001928419,8,6,0.5489257964538172,2.0,1.1660298307357122,0.37800936635027904,0.7714285714285714,0.5333333333333333,0.6987515833801445,0.5644616696243423,0.7029289431409746,0.5489257964538172,0,0.9337769948456971,0.4748809290794024,0.8382936507936507,0.4990079365079365,0.8082319134550371,0.490027045300879,0.6163863822805578,0.5837776866283839,0.5608485772357723,0.6199186991869918,0.5939922480620154,0.5952842377260982,0.5689728353140917,0.5795840407470289
0.1,0.002,10.0,corn,2,003|007,0,1.3410852713178294,1.668217054263566,11,3,11,33,0.25193798449612403,0.12039312039312045,258,1.5348837209302326,0.29069767441860467,1.565891472868217,0.25193798449612403,79.0,67.0,49.0,30.0,33.0,1.4224806201550388,1,0.32170542635658916,4,74,72,14,15,83,438,247,211,163,236,0.7614444827810604,0.6594364537767866,0.727194862192194,6,6,0.5258888365793006,2.0,1.1828299105514826,0.3514808755155058,0.6952380952380952,0.5380952380952382,0.7483922001445314,0.5447493242123269,0.7426520665904257,0.5258888365793006,1,0.9354407255170614,0.4721406667971554,0.7217261904761905,0.5133928571428572,0.7621703853955375,0.5029580797836376,0.7307219031993437,0.5358900738310091,0.7648628048780488,0.5382367886178863,0.7834302325581395,0.5163113695090439,0.5002122241086587,0.6022920203735144
0.1,0.002,10.0,corn,3,004|008,0,0.5916666666666667,1.4933333333333334,9,4,9,27,0.3375,0.014965149651496534,240,1.4541666666666666,0.325,1.4291666666666667,0.3375,51.0,56.0,52.0,28.0,53.0,0.5375,1,0.4708333333333333,0,113,111,42,1,0,399,208,183,177,319,0.5589036631690232,0.4898541039878884,0.5353793968055547,7,5,0.515962300919663,2.0,0.5977294285419963,0.4650930292346145,0.5380952380952381,0.5047619047619047,0.5369164310768035,0.5346574635878502,0.5290058446197643,0.515962300919663,0,0.6723026764728183,0.43828190158465385,0.5775862068965517,0.46220159151193635,0.5334203131272581,0.518466479325572,0.48660714285714285,0.5654761904761905,0.48884349465744814,0.5518541797611565,0.4712171052631579,0.5485197368421053,0.4730639730639731,0.5269360269360269
0.1,0.002,10.0,corn,3,004|008,1,1.1375,1.459166666666667,8,5,8,28,0.25,-0.007206026858827208,240,1.6625,0.2625,1.5625,0.25,40.0,66.0,53.0,21.0,60.0,0.5375,1,0.4708333333333333,0,113,111,42,1,0,399,208,183,177,319,0.6020900179133515,0.5388106100001422,0.5841700865760909,7,6,0.5015097303420204,2.0,0.6057699918681287,0.4586077504203608,0.6476190476190476,0.4119047619047619,0.5400392714670034,0.5144137181207749,0.5388106100001422,0.5015097303420204,0,0.6787853514292214,0.4134885131549018,0.6097480106100795,0.4515915119363395,0.5800883179446006,0.4971898835808912,0.49851190476190477,0.5119047619047619,0.464487743557511,0.5471401634192332,0.4720394736842105,0.5345394736842105,0.468013468013468,0.5547138047138047
0.1,0.002,10.0,corn,3,004|008,0,1.0458333333333334,1.5483333333333333,13,10,13,31,0.2875,-0.012331838565022402,240,1.7291666666666667,0.25833333333333336,1.6833333333333333,0.2875,60.0,33.0,48.0,25.0,74.0,0.5375,1,0.4708333333333333,0,113,111,42,1,0,399,208,183,177,319,0.5605691685154239,0.48429988967389587,0.564610244799325,4,4,0.5031872422460354,2.0,0.5988133576358069,0.466452939985621,0.6642857142857144,0.46904761904761905,0.5757991926542354,0.5123785965465835,0.5670841525716446,0.5031872422460354,1,0.7852376980817348,0.3501402684054894,0.5664787798408488,0.46850132625994695,0.5841027699718988,0.49197109594540345,0.5148809523809524,0.5491071428571428,0.49952859836580765,0.5469830295411691,0.5,0.5592105263157895,0.5193602693602694,0.5563973063973064
0.1,0.002,10.0,corn,3,004|008,1,1.3041666666666667,1.4491666666666667,6,6,6,29,0.2708333333333333,-0.023338053623540134,240,1.6583333333333334,0.2791666666666667,1.5916666666666666,0.2708333333333333,29.0,66.0,64.0,15.0,66.0,0.5375,1,0.4708333333333333,0,113,111,42,1,0,399,208,183,177,319,0.6124435281744526,0.5516135269461431,0.5920627418035525,3,3,0.48627277343887154,2.0,0.5983756339450015,0.4693021537838052,0.6214285714285713,0.46190476190476193,0.6218814942228935,0.4801773400048288,0.5952404401989124,0.48627277343887154,1,0.7242019865039048,0.365759344908636,0.5842175066312998,0.4761273209549072,0.6377960658370132,0.4942794058611,0.5513392857142857,0.5267857142857143,0.549811439346323,0.51414204902577,0.5982730263157895,0.4872532894736842,0.5210437710437711,0.5395622895622896
0.1,0.002,10.0,corn,4,009|011,0,1.024,1.2976,21,7,21,27,0.42,0.404645030994923,250,1.224,0.432,1.212,0.42,94.0,40.0,35.0,29.0,52.0,1.468,3,0.368,4,79,43,11,45,92,433,276,214,133,227,1.2238551304520031,0.9993453026704728,1.0954038893423466,7,6,0.4578148374869082,2.0,1.745060843872379,0.3146459983757563,1.3380952380952378,0.41666666666666663,1.2425332773570372,0.4856149566902075,1.2325045213262957,0.4578148374869082,0,1.5631678189817726,0.36978839304420696,1.4020085209981743,0.39805234327449784,1.1622807017543861,0.4887609649122807,1.0695438282647585,0.5233676207513417,1.043253079507279,0.4973404255319149,1.20508658008658,0.4734848484848485,1.1821911196911197,0.45390926640926643
0.1,0.002,10.0,corn,4,009|011,1,1.06,1.2928,12,9,12,28,0.372,0.3561388702965399,250,1.372,0.4,1.308,0.372,86.0,53.0,30.0,36.0,45.0,1.468,3,0.368,4,79,43,11,45,92,433,276,214,133,227,1.0813653493761655,0.9444826422355607,1.027162495416795,8,4,0.49462756740731845,2.0,1.5958556169549531,0.37981892861648947,1.042857142857143,0.4714285714285714,1.1037979412986199,0.5274784389555772,1.1043988800832425,0.49462756740731845,0,1.420699769536979,0.4157762413576367,1.3975197808886182,0.46325319537431525,1.109375,0.4961622807017544,0.9986583184257602,0.5365608228980322,0.8281075027995521,0.5543113101903696,1.0297619047619047,0.47943722943722944,0.9466698841698842,0.5168918918918919
0.1,0.002,10.0,corn,4,009|011,0,1.08,1.2816,6,4,6,31,0.36,0.450384804808725,250,1.2,0.452,1.212,0.36,71.0,87.0,28.0,18.0,46.0,1.468,3,0.368,4,79,43,11,45,92,433,276,214,133,227,1.0654640969014648,0.895119729138772,0.9811715232527802,10,8,0.5507242009503764,2.0,1.5756717372878708,0.3560614452096268,0.7976190476190476,0.5714285714285714,0.8822646616337544,0.5727084840574257,0.895119729138772,0.5507242009503764,1,1.2830504923528179,0.46721139744395557,1.1591600730371272,0.4834905660377359,0.8018092105263158,0.5605811403508772,0.8613595706618962,0.5550089445438282,0.6752519596864501,0.5884658454647256,0.7180735930735931,0.6185064935064936,0.7671332046332047,0.5818050193050193
0.1,0.002,10.0,corn,4,009|011,1,1.056,1.2432,5,4,5,32,0.352,0.2763496284623046,250,1.544,0.448,1.496,0.352,112.0,55.0,36.0,17.0,30.0,1.468,3,0.368,4,79,43,11,45,92,433,276,214,133,227,1.110799280023779,0.9361153578292787,1.037400356625647,11,3,0.5732382616748093,2.0,1.4804955985521202,0.4133309011180436,0.9023809523809525,0.5523809523809524,0.9519845592742291,0.590089168861516,0.9361153578292787,0.5732382616748093,1,1.2426147077309868,0.45621202597946786,1.255249543517955,0.46469872185027394,0.8700657894736843,0.5942982456140351,0.8216681574239714,0.6111359570661896,0.7751959686450167,0.6254199328107503,0.823051948051948,0.612012987012987,0.76496138996139,0.6488899613899614
0.1,0.002,10.0,corn,5,010|012,0,1.3442622950819672,1.6442622950819672,12,11,12,28,0.29098360655737704,-0.2534508721295019,244,1.7377049180327868,0.3073770491803279,1.721311475409836,0.29098360655737704,101.0,44.0,39.0,26.0,34.0,1.2049180327868851,1,0.4098360655737705,0,100,41,57,1,45,412,278,168,177,274,1.1852488347314842,1.0634722460871866,1.093712884273756,5,5,0.462773612043006,2.0,1.268089360881811,0.40208735423549663,1.019047619047619,0.49523809523809526,1.1676159807548285,0.46404169172225684,1.1139050067469278,0.462773612043006,0,1.2521423862887278,0.3999121072291804,1.09729772945315,0.4550687559961625,1.1649305555555556,0.4212962962962963,1.1394162316089227,0.454437588989084,1.0663875598086123,0.4826555023923445,1.074009324009324,0.4871794871794872,1.0031512605042017,0.5388655462184874
0.1,0.002,10.0,corn,5,010|012,1,1.4631147540983607,1.5721311475409836,10,10,10,26,0.2827868852459016,-0.22278609489977175,244,1.6967213114754098,0.3237704918032787,1.6721311475409837,0.2827868852459016,86.0,58.0,39.0,24.0,37.0,1.2049180327868851,1,0.4098360655737705,0,100,41,57,1,45,412,278,168,177,274,1.0576969079237701,0.9692063202551149,1.0608720962451226,5,3,0.501512890572964,2.0,1.1959044284861873,0.4231774338560622,1.0,0.46904761904761905,1.016953922522531,0.5054970676492221,0.9692063202551149,0.501512890572964,0,1.010107668644254,0.474730828389365,1.0393348257115447,0.4677806204029421,1.0277777777777777,0.45486111111111105,1.0878025628856194,0.44126720455624113,0.9333133971291867,0.5316985645933014,0.8688811188811189,0.5268065268065268,0.8172268907563025,0.6134453781512605
0.1,0.002,10.0,corn,5,010|012,0,1.3360655737704918,1.7303278688524588,21,6,21,28,0.29508196721311475,-0.21103657562689682,244,1.680327868852459,0.29098360655737704,1.651639344262295,0.29508196721311475,87.0,51.0,44.0,28.0,34.0,1.2049180327868851,1,0.4098360655737705,0,100,41,57,1,45,412,278,168,177,274,1.1254664657960758,0.9437251289580367,0.9804410769434245,8,5,0.49302279648225417,2.0,1.1814010153856083,0.4371544521172464,0.9142857142857144,0.4857142857142857,1.0301780292234093,0.5043547703062761,0.999076498714326,0.49302279648225417,1,1.1742474181498572,0.4074928587123709,1.127998081228014,0.46258394627438437,1.0590277777777777,0.47280092592592593,1.008424299952539,0.5060512577123872,0.9497607655502391,0.4847488038277512,0.9172494172494172,0.493006993006993,0.7568277310924371,0.6244747899159664
0.1,0.002,10.0,corn,5,010|012,1,1.4754098360655739,1.7983606557377048,25,17,25,32,0.28688524590163933,-0.2148250654312447,244,1.7336065573770492,0.28688524590163933,1.7295081967213115,0.28688524590163933,106.0,32.0,42.0,24.0,40.0,1.2049180327868851,1,0.4098360655737705,0,100,41,57,1,45,412,278,168,177,274,1.129743286693718,0.8822574973960633,0.9762590101753339,6,5,0.5255136485477345,2.0,1.127256093605869,0.4459440396119699,0.8261904761904761,0.5547619047619048,0.9576394978650469,0.5371799932624477,0.9100866927478131,0.5255136485477345,1,1.2185234014502306,0.40199956053614594,1.0690757914934441,0.46921969939238883,0.9230324074074074,0.48032407407407407,0.9270289511153299,0.53796867584243,0.7730263157894737,0.5750598086124402,0.7004662004662005,0.6037296037296037,0.759453781512605,0.6102941176470589
0.15,0.001,10.0,corn,0,001|005,1,1.5,1.6204918032786886,19,8,19,25,0.3114754098360656,0.06767893711602813,244,1.6721311475409837,0.3073770491803279,1.6475409836065573,0.3114754098360656,98.0,41.0,59.0,25.0,21.0,1.209016393442623,3,0.3770491803278688,4,49,17,48,59,92,463,302,177,119,227,1.5055546861790026,1.2694836713611288,1.3197219252552417,3,3,0.36150422563858475,2.0,1.3216071481630827,0.3232204904062476,1.442857142857143,0.3476190476190476,1.3264913465427546,0.38918640899987056,1.334116544033637,0.36150422563858475,0,1.3841432225063939,0.25966386554621845,1.4238437001594897,0.3157097288676236,1.2501923076923078,0.39211538461538464,1.297872340425532,0.39148936170212767,1.3622023809523809,0.37351190476190477,1.3231660231660232,0.38397683397683396,1.2973958333333333,0.4140625
0.15,0.001,10.0,corn,0,001|005,0,1.4795081967213115,1.5122950819672132,33,33,33,34,0.3319672131147541,0.03727527987455792,244,1.5081967213114753,0.3442622950819672,1.5245901639344261,0.3319672131147541,62.0,46.0,84.0,23.0,29.0,1.209016393442623,3,0.3770491803278688,4,49,17,48,59,92,463,302,177,119,227,1.4542485919512416,1.2161548335934784,1.2825638622454436,11,3,0.3795618339487413,2.0,1.3503963640261216,0.2831681270604631,1.330952380952381,0.3285714285714285,1.242563789828179,0.41017546125641513,1.2355106890586023,0.3795618339487413,0,1.3358056265984655,0.33138472780416517,1.3227272727272728,0.36004784688995217,1.1788461538461539,0.3753846153846154,1.243853427895981,0.391016548463357,1.369940476190476,0.35982142857142857,1.1828185328185328,0.4038610038610039,1.0145833333333334,0.4354166666666667
0.15,0.001,10.0,corn,0,001|005,1,1.5081967213114753,1.554098360655738,17,16,17,25,0.2581967213114754,0.08759124087591241,244,1.6926229508196722,0.26229508196721313,1.6352459016393444,0.2581967213114754,79.0,69.0,68.0,12.0,16.0,1.209016393442623,3,0.3770491803278688,4,49,17,48,59,92,463,302,177,119,227,1.3737543572721447,1.2522203623314452,1.2837048672391957,3,3,0.3604477427608017,2.0,1.2802375787191265,0.3540548331950192,1.4095238095238094,0.34285714285714286,1.2733011302322303,0.40186339346016725,1.2703514449729703,0.3604477427608017,1,1.4058823529411764,0.24676653270003654,1.2920255183413079,0.3522328548644338,1.2109615384615384,0.3717307692307692,1.2381796690307327,0.38522458628841605,1.338690476190476,0.3413690476190476,1.25984555984556,0.3752895752895753,1.146875,0.45052083333333337
0.15,0.001,10.0,corn,0,001|005,0,1.5532786885245902,1.6180327868852462,14,5,14,42,0.26229508196721313,0.05565353713501875,244,1.7459016393442623,0.27459016393442626,1.6844262295081966,0.26229508196721313,79.0,78.0,60.0,10.0,17.0,1.209016393442623,3,0.3770491803278688,4,49,17,48,59,92,463,302,177,119,227,1.2097422575692536,1.1929069946692492,1.216788322683783,22,21,0.40781448432108536,2.0,1.3089567053935707,0.3012448355098204,1.2380952380952381,0.40714285714285714,1.2670553691043462,0.4224062211728027,1.2281673408314615,0.40781448432108536,1,1.3943003288271831,0.34241870661308005,1.3687400318979266,0.3345295055821371,1.2551923076923077,0.3682692307692308,1.1711583924349882,0.43108747044917256,1.0845238095238097,0.4732142857142857,1.2154440154440154,0.44111969111969107,1.1078125,0.4640625
0.15,0.001,10.0,corn,1,002|006,0,1.119047619047619,1.5838095238095238,3,3,3,24,0.3238095238095238,-0.15676465628688674,210,1.7428571428571429,0.3238095238095238,1.5809523809523809,0.3238095238095238,51.0,62.0,36.0,13.0,48.0,1.1238095238095238,1,0.46190476190476193,0,97,35,53,57,7,415,284,172,121,312,1.1620939098705008,1.1318502904242358,1.2314261884096684,3,3,0.4270627948043745,2.0,1.277802889873346,0.38101774062559335,1.338095238095238,0.3547619047619047,1.1397214194582057,0.47728486948455884,1.1620939098705008,0.4270627948043745,0,1.1779026217228465,0.3936633262475959,1.506064690026954,0.32255166217430364,1.570945945945946,0.28505067567567566,1.379360465116279,0.3581031976744186,1.1030701754385965,0.4485867446393762,0.7765151515151515,0.5454545454545454,0.6207983193277311,0.6360294117647058
0.15,0.001,10.0,corn,1,002|006,0,1.119047619047619,1.4638095238095237,3,3,3,26,0.24761904761904763,-0.08310552214324773,210,1.7380952380952381,0.319047619047619,1.519047619047619,0.24761904761904763,23.0,65.0,58.0,21.0,43.0,1.1238095238095238,1,0.46190476190476193,0,97,35,53,57,7,415,284,172,121,312,1.267432153255215,1.1277339955270906,1.2228439809632903,3,3,0.40173161815038017,2.0,1.258133616933148,0.3908889089104498,1.538095238095238,0.3214285714285714,1.3072943899712453,0.4268688047238764,1.267432153255215,0.40173161815038017,1,1.236309343050916,0.3847555420589128,1.5799640610961365,0.31042228212039535,1.6317567567567568,0.29082207207207206,1.3268531976744184,0.39516715116279066,1.1742202729044835,0.4195906432748538,0.9507575757575757,0.5113636363636364,0.9721638655462186,0.5
0.15,0.001,10.0,corn,1,002|006,1,1.1761904761904762,1.6247619047619046,3,3,3,25,0.1761904761904762,-0.2152217213544394,210,2.0238095238095237,0.24285714285714285,1.838095238095238,0.1761904761904762,46.0,50.0,34.0,28.0,52.0,1.1238095238095238,1,0.46190476190476193,0,97,35,53,57,7,415,284,172,121,312,1.2950993314046844,1.106014227723552,1.178452574759102,6,5,0.39147312985650007,2.0,1.2757063805248157,0.37620944039923726,1.2809523809523808,0.3833333333333333,1.2668388188707904,0.4121938637624568,1.2027738213664496,0.39147312985650007,0,1.478236663629922,0.2812025508654722,1.5869272237196765,0.2585354896675651,1.6827139639639639,0.24394707207207206,1.2965116279069768,0.32867005813953487,1.02729044834308,0.42592592592592593,0.7159090909090908,0.5833333333333333,0.631827731092437,0.6186974789915967
0.15,0.001,10.0,corn,1,002|006,1,1.1142857142857143,1.5952380952380953,3,3,3,32,0.26666666666666666,-0.16558111353948024,210,1.7952380952380953,0.2904761904761905,1.6666666666666667,0.26666666666666666,35.0,81.0,21.0,17.0,56.0,1.1238095238095238,1,0.46190476190476193,0,97,35,53,57,7,415,284,172,121,312,1.2635695313586144,1.1278393858762998,1.223929741572483,10,9,0.3738927947172329,2.0,1.2001305473625083,0.41126984690410967,1.4690476190476192,0.3238095238095238,1.3063250843330305,0.4083071550877595,1.2840781357850186,0.3738927947172329,1,1.6278975604818302,0.26546209130478793,1.5955750224618148,0.2394429469901168,1.5693975225225225,0.2777308558558559,1.2807049418604652,0.3949854651162791,1.189083820662768,0.4195906432748538,0.9659090909090909,0.48484848484848486,0.7599789915966386,0.5351890756302521
0.15,0.001,10.0,corn,2,003|007,0,1.449612403100775,1.628682170542636,5,4,5,26,0.22868217054263565,0.02940786608343271,258,1.7325581395348837,0.26744186046511625,1.689922480620155,0.22868217054263565,45.0,60.0,53.0,43.0,57.0,1.4224806201550388,1,0.32170542635658916,4,74,72,14,15,83,438,247,211,163,236,0.7764884783185242,0.7764884783185242,0.8642062399802857,7,5,0.49877856073778504,2.0,1.3102442477543765,0.316326101503014,0.730952380952381,0.5238095238095238,0.8572319067707717,0.4999619354610668,0.8287735457503274,0.49877856073778504,0,1.1768121615449858,0.4411496052717427,0.8070436507936507,0.4905753968253968,0.7614097363083164,0.4931541582150102,0.8626948318293683,0.49528301886792453,0.7327235772357723,0.5330284552845528,0.8229974160206719,0.4930555555555556,0.6377334465195246,0.5452037351443124
0.15,0.001,10.0,corn,2,003|007,0,1.5077519379844961,1.634108527131783,16,15,16,28,0.26356589147286824,0.02865409224948534,258,1.6705426356589148,0.2751937984496124,1.682170542635659,0.26356589147286824,91.0,69.0,37.0,30.0,31.0,1.4224806201550388,1,0.32170542635658916,4,74,72,14,15,83,438,247,211,163,236,0.9442144040593028,0.7763039903013678,0.8036402646453749,7,6,0.5208639900648085,2.0,1.1828299105514826,0.3514808755155058,0.6166666666666667,0.5595238095238095,0.798208516153361,0.5233813690067739,0.7763039903013678,0.5208639900648085,1,1.1503882038233184,0.4245122985581001,1.0446428571428572,0.42708333333333337,0.7557471264367817,0.5037187288708587,0.6726825266611978,0.564909762100082,0.6163617886178863,0.5834603658536586,0.6590762273901809,0.5487726098191215,0.5352292020373515,0.5935908319185059
0.15,0.001,10.0,corn,2,003|007,1,1.2751937984496124,1.4852713178294574,5,3,5,25,0.2441860465116279,-0.06267703362926058,258,1.7170542635658914,0.28294573643410853,1.7131782945736433,0.2441860465116279,104.0,89.0,29.0,22.0,14.0,1.4224806201550388,1,0.32170542635658916,4,74,72,14,15,83,438,247,211,163,236,0.8145549664999177,0.6721194274047938,0.7983955546522779,3,3,0.4858451393110601,2.0,1.1660298307357122,0.37800936635027904,0.8452380952380952,0.4904761904761904,0.8317281502367082,0.5092925912453818,0.8353686008844843,0.4858451393110601,0,0.7710249885822404,0.5489332550401252,0.8184523809523809,0.5094246031746031,0.9886747802569305,0.4224137931034483,0.9672887612797374,0.4455496308449549,0.9169207317073171,0.43648373983739835,0.8404392764857881,0.45704134366925064,0.544779286926995,0.5810696095076401
0.15,0.001,10.0,corn,2,003|007,1,1.441860465116279,1.560723514211886,26,4,26,27,0.28294573643410853,0.2197688705283214,258,1.496124031007752,0.29457364341085274,1.4922480620155039,0.28294573643410853,83.0,43.0,52.0,27.0,53.0,1.4224806201550388,1,0.32170542635658916,4,74,72,14,15,83,438,247,211,163,236,1.0374577645238594,0.6279570936373366,0.7233263403050548,4,4,0.5358156195778105,2.0,1.014682262562474,0.4187600665965303,0.6523809523809524,0.5476190476190476,0.6750790315208172,0.547484644626187,0.6605517991974925,0.5358156195778105,1,0.7644679324068637,0.54557317152737,0.8025793650793651,0.5173611111111112,0.794709263015551,0.4851250845165652,0.7027276456111566,0.49928219852337985,0.5200711382113822,0.566819105691057,0.5289082687338501,0.5686369509043928,0.5103989813242784,0.5679117147707979
0.15,0.001,10.0,corn,3,004|008,0,0.7333333333333333,1.3275000000000001,21,20,21,28,0.30833333333333335,-0.021630615640598982,240,1.4166666666666667,0.30416666666666664,1.4208333333333334,0.30833333333333335,68.0,45.0,47.0,39.0,41.0,0.5375,1,0.4708333333333333,0,113,111,42,1,0,399,208,183,177,319,0.7511830658630817,0.5511198916248305,0.5970609844308191,6,3,0.4676380296934788,2.0,0.5977294285419963,0.4650930292346145,0.6404761904761904,0.45238095238095233,0.6293331550512081,0.4897887375315101,0.6224214136936399,0.4676380296934788,0,0.8012358783835014,0.3809234968534385,0.7377320954907162,0.3857758620689655,0.6752308309915697,0.44751103974307505,0.5714285714285714,0.49255952380952384,0.5458830923947203,0.5006285355122564,0.545641447368421,0.5004111842105263,0.4797979797979798,0.5656565656565656
0.15,0.001,10.0,corn,3,004|008,1,1.0958333333333334,1.4866666666666668,9,8,9,24,0.25833333333333336,-0.010842185959916817,240,1.5083333333333333,0.275,1.4875,0.25833333333333336,34.0,58.0,81.0,20.0,47.0,0.5375,1,0.4708333333333333,0,113,111,42,1,0,399,208,183,177,319,0.6177173230556957,0.5277160742381328,0.5570919937047064,4,3,0.48390676031424823,2.0,0.6057699918681287,0.4586077504203608,0.6095238095238096,0.480952380952381,0.5982573116348275,0.49638849999992307,0.5946562047712958,0.48390676031424823,0,0.7764804003336114,0.3877852756084616,0.5601790450928381,0.4743037135278515,0.6625853071055801,0.4694901645925331,0.5610119047619048,0.5066964285714286,0.5237272155876807,0.5285983658076681,0.5575657894736843,0.48848684210526316,0.5210437710437711,0.531986531986532
0.15,0.001,10.0,corn,3,004|008,0,0.7958333333333333,1.2466666666666666,26,25,26,34,0.32083333333333336,0.09296041451931913,240,1.3208333333333333,0.32916666666666666,1.325,0.32083333333333336,62.0,50.0,58.0,23.0,47.0,0.5375,1,0.4708333333333333,0,113,111,42,1,0,399,208,183,177,319,0.6353761868873302,0.47906690787346917,0.5281545414882445,3,3,0.5134840665396708,2.0,0.5988133576358069,0.466452939985621,0.6333333333333333,0.47857142857142854,0.5636498495486274,0.5151733795576943,0.5571721513066041,0.5134840665396708,1,0.7957388733035105,0.37174918492683295,0.5638262599469496,0.4539124668435013,0.5770774789241269,0.49367723805700525,0.48735119047619047,0.5647321428571428,0.47045883092394725,0.5876807039597738,0.48807565789473684,0.5645559210526316,0.5176767676767677,0.5580808080808081
0.15,0.001,10.0,corn,3,004|008,1,1.225,1.513888888888889,30,13,30,31,0.30416666666666664,0.02833547996060304,240,1.3875,0.3125,1.3875,0.30416666666666664,74.0,24.0,74.0,28.0,40.0,0.5375,1,0.4708333333333333,0,113,111,42,1,0,399,208,183,177,319,0.7114963139428673,0.5384992479238593,0.6097471276361937,4,3,0.43628082907436333,2.0,0.5983756339450015,0.4693021537838052,0.730952380952381,0.41428571428571426,0.6977235867936122,0.4214122869347862,0.6700687325531325,0.43628082907436333,1,0.768253847903556,0.37402380771855337,0.65434350132626,0.4146220159151194,0.7647531112003212,0.3915094339622641,0.6711309523809523,0.44568452380952384,0.5777812696417347,0.4861722187303582,0.6245888157894737,0.48067434210526316,0.6296296296296297,0.4612794612794613
0.15,0.001,10.0,corn,4,009|011,0,1.084,1.208,6,6,6,31,0.44,0.4717464851386629,250,1.184,0.492,1.112,0.44,73.0,62.0,28.0,24.0,63.0,1.468,3,0.368,4,79,43,11,45,92,433,276,214,133,227,1.1754565120633518,1.0345776211108098,1.1044484542957862,10,7,0.5059001180928688,2.0,1.745060843872379,0.3146459983757563,1.026190476190476,0.46904761904761905,1.0155440318588544,0.5454905951048379,1.0345776211108098,0.5059001180928688,0,1.4772679656400587,0.4215378168866541,1.1281192939744369,0.46127510651247716,0.975328947368421,0.5202850877192983,0.9926207513416816,0.5213550983899822,0.9202127659574468,0.5277155655095185,0.9637445887445887,0.5097402597402597,0.7847490347490348,0.5793918918918919
0.15,0.001,10.0,corn,4,009|011,1,1.048,1.2032,13,9,13,29,0.392,0.43662388359850945,250,1.192,0.436,1.192,0.392,81.0,71.0,24.0,37.0,37.0,1.468,3,0.368,4,79,43,11,45,92,433,276,214,133,227,1.240115559371123,1.0170960549897228,1.0762163561929765,7,5,0.5207145233382698,2.0,1.5958556169549531,0.37981892861648947,1.0357142857142858,0.4976190476190476,1.1197301405307076,0.5254733390289343,1.0650369471288705,0.5207145233382698,0,1.426356589147287,0.44217473287240733,1.2270998174071819,0.46462264150943394,1.1554276315789473,0.46875,1.1205277280858676,0.48546511627906974,0.9602463605823068,0.5433930571108623,0.8143939393939394,0.604978354978355,0.7512065637065637,0.6356177606177607
0.15,0.001,10.0,corn,4,009|011,0,1.008,1.1224,6,6,6,30,0.416,0.5454690950993887,250,1.04,0.468,1.008,0.416,46.0,86.0,32.0,29.0,57.0,1.468,3,0.368,4,79,43,11,45,92,433,276,214,133,227,1.034346291352745,0.9462806819736704,1.0066618812893604,7,7,0.5205127910756067,2.0,1.5756717372878708,0.3560614452096268,1.080952380952381,0.5166666666666666,1.1014098457018116,0.5368602550010702,1.061858957147526,0.5205127910756067,1,1.425937565472449,0.42216635239891054,1.2998326232501523,0.43700547778454046,1.0770285087719298,0.5211074561403509,1.0083855098389982,0.5175536672629696,0.8428051511758119,0.5646696528555432,0.9626623376623377,0.5411255411255411,0.8163610038610039,0.63996138996139
0.15,0.001,10.0,corn,4,009|011,1,1.02,1.3528000000000002,5,4,5,27,0.236,0.2059884322533182,250,1.78,0.396,1.608,0.236,95.0,77.0,45.0,26.0,7.0,1.468,3,0.368,4,79,43,11,45,92,433,276,214,133,227,1.0920279662545544,1.0172242176339175,1.059702292180186,5,4,0.47698098733380667,2.0,1.4804955985521202,0.4133309011180436,1.2285714285714286,0.3880952380952381,1.109840117388648,0.5142574549310583,1.0920279662545544,0.47698098733380667,1,1.509009009009009,0.38152105593966057,1.1758216676810713,0.44849360925136944,1.1362390350877192,0.46957236842105265,1.216010733452594,0.4171511627906977,0.9175531914893618,0.518057110862262,0.8717532467532467,0.5340909090909091,0.8178088803088803,0.5699806949806949
0.15,0.001,10.0,corn,5,010|012,0,1.360655737704918,1.7893442622950821,3,3,3,27,0.2336065573770492,-0.3285199126941447,244,1.9918032786885247,0.22131147540983606,1.8319672131147542,0.2336065573770492,60.0,75.0,46.0,16.0,47.0,1.2049180327868851,1,0.4098360655737705,0,100,41,57,1,45,412,278,168,177,274,1.1361613773691546,1.1026116217364035,1.143995632060118,5,3,0.42333530046406986,2.0,1.268089360881811,0.40208735423549663,1.1452380952380952,0.4261904761904761,1.19040201129485,0.4444254660696274,1.1616214537236258,0.42333530046406986,0,1.203252032520325,0.39529773676115143,1.185321394307643,0.3910297409657819,1.2291666666666665,0.4207175925925926,1.2420503084954913,0.40056953013763646,1.1049641148325358,0.4431818181818182,1.1340326340326339,0.43881118881118886,1.0325630252100841,0.4737394957983193
0.15,0.001,10.0,corn,5,010|012,0,1.389344262295082,1.7655737704918035,7,3,7,25,0.29508196721311475,-0.2639238827741679,244,1.7008196721311475,0.30327868852459017,1.6639344262295082,0.29508196721311475,93.0,62.0,43.0,14.0,32.0,1.2049180327868851,1,0.4098360655737705,0,100,41,57,1,45,412,278,168,177,274,1.120151270757232,1.100613863314507,1.1172849239912792,6,5,0.42354895663045433,2.0,1.1814010153856083,0.4371544521172464,1.0571428571428572,0.4547619047619047,1.157374842431327,0.4461987592031983,1.1288174525617416,0.42354895663045433,1,1.3186112942210504,0.33937596132718084,1.2447233770386952,0.3947873361048929,1.136574074074074,0.4149305555555556,1.0726150925486473,0.46665875652586614,1.062799043062201,0.4288277511961723,1.0075757575757576,0.47435897435897434,1.0588235294117647,0.4459033613445378
0.15,0.001,10.0,corn,5,010|012,1,1.401639344262295,1.6942622950819672,13,10,13,33,0.28688524590163933,-0.21259513792992712,244,1.6721311475409837,0.30327868852459017,1.6639344262295082,0.28688524590163933,91.0,54.0,40.0,26.0,33.0,1.2049180327868851,1,0.4098360655737705,0,100,41,57,1,45,412,278,168,177,274,1.2383091057194644,1.0733970995814448,1.11945625895415,3,3,0.43743306394180614,2.0,1.1959044284861873,0.4231774338560622,1.138095238095238,0.4285714285714285,1.1912596487802989,0.44061704333028995,1.1607395985983275,0.43743306394180614,0,1.2852120413096022,0.3807954295759174,1.1331148065238248,0.45786696514230896,1.1747685185185186,0.41203703703703703,1.1633839582344567,0.42026578073089704,1.132177033492823,0.48086124401913877,1.1241258741258742,0.44696969696969696,1.1123949579831933,0.4632352941176471
0.15,0.001,10.0,corn,5,010|012,1,1.3852459016393444,1.7103825136612023,32,23,32,33,0.28688524590163933,-0.1931800183724539,244,1.6844262295081966,0.2827868852459016,1.6598360655737705,0.28688524590163933,98.0,56.0,35.0,19.0,36.0,1.2049180327868851,1,0.4098360655737705,0,100,41,57,1,45,412,278,168,177,274,1.1477908764698634,1.0499351250544648,1.084045323386905,12,3,0.4841909153709564,2.0,1.127256093605869,0.4459440396119699,1.026190476190476,0.44999999999999996,1.0878768480503298,0.5019770576704541,1.0499351250544648,0.4841909153709564,1,1.2653263019116676,0.4106789716545814,1.1426287176207226,0.46210425327790217,1.0659722222222223,0.46990740740740744,1.0275272899857617,0.49727100142382535,0.9961124401913877,0.5194377990430622,0.9370629370629371,0.5,0.9149159663865547,0.529936974789916
0.15,0.002,10.0,corn,0,001|005,0,1.5614754098360655,1.687704918032787,12,8,12,29,0.2786885245901639,0.009607897237806196,244,1.778688524590164,0.29508196721311475,1.7622950819672132,0.2786885245901639,93.0,83.0,44.0,8.0,16.0,1.209016393442623,3,0.3770491803278688,4,49,17,48,59,92,463,302,177,119,227,1.306110431630932,1.2573055828578257,1.288550958133422,10,3,0.352345614862669,2.0,1.3503963640261216,0.2831681270604631,1.452380952380952,0.3119047619047619,1.3037107577202727,0.4113491780542499,1.3082300082683758,0.352345614862669,0,1.3648885641213007,0.3413956887102667,1.3931419457735248,0.28046251993620414,1.2394230769230767,0.3682692307692308,1.3249408983451536,0.3486997635933806,1.319047619047619,0.3672619047619048,1.3536679536679537,0.36293436293436293,1.1625,0.39739583333333334
0.15,0.002,10.0,corn,0,001|005,0,1.5450819672131149,1.6327868852459013,8,8,8,31,0.26639344262295084,0.03009787612673609,244,1.721311475409836,0.3114754098360656,1.709016393442623,0.26639344262295084,83.0,89.0,57.0,8.0,7.0,1.209016393442623,3,0.3770491803278688,4,49,17,48,59,92,463,302,177,119,227,1.2735812354303637,1.1353358599967778,1.2249050419626666,11,8,0.4263629983767596,2.0,1.3089567053935707,0.3012448355098204,1.3166666666666669,0.4095238095238095,1.2561733084663596,0.4548558443500772,1.2389440649285266,0.4263629983767596,1,1.5637194008037998,0.3193642674461089,1.4778309409888357,0.3150717703349282,1.1826923076923077,0.40692307692307694,1.2062647754137115,0.4518912529550827,1.2038690476190477,0.47797619047619044,1.0986486486486486,0.4805019305019305,0.9395833333333333,0.5328125
0.15,0.002,10.0,corn,0,001|005,1,1.4959016393442623,1.5991803278688526,15,14,15,26,0.2786885245901639,0.044183578297365966,244,1.6926229508196722,0.3073770491803279,1.680327868852459,0.2786885245901639,92.0,61.0,66.0,18.0,7.0,1.209016393442623,3,0.3770491803278688,4,49,17,48,59,92,463,302,177,119,227,1.311420656529343,1.10569670430537,1.1613145984248494,4,4,0.4272625656257052,2.0,1.3216071481630827,0.3232204904062476,1.452380952380952,0.34761904761904766,1.1581892039555783,0.4767432174994104,1.1664111017996706,0.4272625656257052,0,1.1574716843259043,0.3941541834124954,1.1780701754385965,0.41993620414673044,1.0601923076923077,0.46692307692307694,1.2184397163120568,0.4206855791962175,1.1988095238095238,0.4357142857142857,1.255019305019305,0.4133204633204633,1.096875,0.4401041666666667
0.15,0.002,10.0,corn,1,002|006,0,1.180952380952381,1.6542857142857144,3,3,3,24,0.3047619047619048,-0.20025784271594316,210,1.6714285714285715,0.3619047619047619,1.5380952380952382,0.3047619047619048,29.0,78.0,47.0,13.0,43.0,1.1238095238095238,1,0.46190476190476193,0,97,35,53,57,7,415,284,172,121,312,1.1427555559817364,1.1075753112026272,1.1873994587043142,3,3,0.4153334998179999,2.0,1.277802889873346,0.38101774062559335,1.2380952380952381,0.3928571428571429,1.0787725223220896,0.5086999256929641,1.1427555559817364,0.4153334998179999,0,1.0481324020649863,0.44898269055572426,1.5526729559748427,0.27616801437556154,1.5304054054054053,0.28505067567567566,1.255450581395349,0.3733648255813954,1.0665204678362572,0.4193469785575049,0.7462121212121211,0.5681818181818182,0.7998949579831933,0.5362394957983193
0.15,0.002,10.0,corn,0,001|005,1,1.3811475409836065,1.5,10,9,10,25,0.3401639344262295,0.10024902624353493,244,1.5778688524590163,0.36885245901639346,1.5614754098360655,0.3401639344262295,95.0,49.0,76.0,9.0,15.0,1.209016393442623,3,0.3770491803278688,4,49,17,48,59,92,463,302,177,119,227,1.2831332021112138,1.077004370413624,1.1579648665251614,3,3,0.41896567979916555,2.0,1.2802375787191265,0.3540548331950192,1.3523809523809525,0.36904761904761907,1.1503648885546038,0.454714993687409,1.1511101954052494,0.41896567979916555,1,1.2838509316770188,0.3070515162586774,1.1704146730462521,0.4012759170653908,1.1163461538461539,0.4417307692307692,1.2087470449172577,0.424822695035461,1.292857142857143,0.41041666666666665,1.0548262548262548,0.46100386100386104,0.9307291666666666,0.4864583333333333
0.15,0.002,10.0,corn,1,002|006,0,1.1285714285714286,1.6600000000000001,3,3,3,25,0.23333333333333334,-0.23362282508132637,210,1.957142857142857,0.2857142857142857,1.8428571428571427,0.23333333333333334,21.0,34.0,67.0,17.0,71.0,1.1238095238095238,1,0.46190476190476193,0,97,35,53,57,7,415,284,172,121,312,1.1696517037114231,1.0980159468661388,1.165325705244786,5,4,0.4061794808888411,2.0,1.258133616933148,0.3908889089104498,1.4095238095238096,0.35238095238095235,1.2597134168848036,0.46123064168145345,1.2263115714595871,0.4061794808888411,1,1.4095556230387691,0.3476566454094544,1.4492362982929021,0.35107816711590295,1.4169481981981984,0.31109234234234234,1.4002543604651163,0.3386627906976744,1.1440058479532165,0.40107212475633525,0.875,0.5606060606060606,0.8891806722689075,0.5330882352941176
0.15,0.002,10.0,corn,1,002|006,1,1.2047619047619047,1.6504761904761907,3,3,3,28,0.23333333333333334,-0.1901970973160445,210,1.7952380952380953,0.28095238095238095,1.6285714285714286,0.23333333333333334,7.0,58.0,76.0,23.0,46.0,1.1238095238095238,1,0.46190476190476193,0,97,35,53,57,7,415,284,172,121,312,1.1727909730005646,1.0876030416849432,1.1718786479899597,8,5,0.4382624135788307,2.0,1.2757063805248157,0.37620944039923726,1.3190476190476188,0.3928571428571428,1.2281356594815178,0.4390707431322074,1.1669143274752733,0.4382624135788307,0,1.7505314303067112,0.28798461382731044,1.5489667565139262,0.2893081761006289,1.5288569819819822,0.30532094594594594,1.1967659883720931,0.35992005813953487,0.9807504873294346,0.4814814814814815,0.7045454545454546,0.6363636363636364,0.45798319327731096,0.7074579831932774
0.15,0.002,10.0,corn,1,002|006,1,1.161904761904762,1.6142857142857143,21,10,21,25,0.2857142857142857,-0.15398757966988086,210,1.7523809523809524,0.2714285714285714,1.7142857142857142,0.2857142857142857,66.0,43.0,26.0,21.0,54.0,1.1238095238095238,1,0.46190476190476193,0,97,35,53,57,7,415,284,172,121,312,1.2699265910481756,1.0656303145405255,1.1987801962613465,6,3,0.4118369044040185,2.0,1.2001305473625083,0.41126984690410967,1.4428571428571426,0.3523809523809524,1.2625367594127697,0.4379264318503672,1.2484743694208082,0.4118369044040185,1,1.6627695110841179,0.26996659580929244,1.5951257861635222,0.2667340521114106,1.5035191441441442,0.31517454954954954,1.2232921511627906,0.3991642441860465,1.0148635477582846,0.4814814814814815,0.9015151515151515,0.5757575757575757,0.8382352941176471,0.5745798319327731
0.15,0.002,10.0,corn,2,003|007,0,1.4031007751937985,1.5813953488372094,27,26,27,28,0.2596899224806202,0.10864903502501777,258,1.6705426356589148,0.2596899224806202,1.624031007751938,0.2596899224806202,73.0,52.0,40.0,48.0,45.0,1.4224806201550388,1,0.32170542635658916,4,74,72,14,15,83,438,247,211,163,236,1.026662172322316,0.6768954799127663,0.7844131063275533,5,5,0.4831938065973888,2.0,1.3102442477543765,0.316326101503014,0.8738095238095238,0.4642857142857143,0.8316990552035892,0.5089018818499687,0.8505625669887471,0.4831938065973888,0,1.1712990148104652,0.40115482481894693,0.9156746031746031,0.4494047619047619,0.8254732927653821,0.49923935091277893,0.8652584085315833,0.48800246103363415,0.8039888211382114,0.47827743902439024,0.8310723514211886,0.46398578811369506,0.5411714770797962,0.6022920203735144
0.15,0.002,10.0,corn,2,003|007,0,1.3255813953488371,1.5147286821705426,17,16,17,27,0.2364341085271318,0.09838588391654868,258,1.6744186046511629,0.2596899224806202,1.678294573643411,0.2364341085271318,93.0,25.0,48.0,43.0,49.0,1.4224806201550388,1,0.32170542635658916,4,74,72,14,15,83,438,247,211,163,236,0.9097329359501585,0.7361623184582502,0.7763100283583177,6,4,0.5353987127622515,2.0,1.1828299105514826,0.3514808755155058,0.7285714285714285,0.5547619047619048,0.7270907531078875,0.5509673099862472,0.7361623184582502,0.5353987127622515,1,1.0322307039864291,0.44222613688262546,0.75,0.5367063492063492,0.7216024340770791,0.5084516565246788,0.7387202625102542,0.5406070549630845,0.6554878048780488,0.5642784552845528,0.6986434108527132,0.5487726098191215,0.5564516129032258,0.606748726655348
0.15,0.002,10.0,corn,2,003|007,1,1.3565891472868217,1.5209302325581395,12,10,12,29,0.2868217054263566,0.1455454665087511,258,1.5968992248062015,0.2751937984496124,1.5310077519379846,0.2868217054263566,70.0,54.0,46.0,48.0,40.0,1.4224806201550388,1,0.32170542635658916,4,74,72,14,15,83,438,247,211,163,236,0.7949163798193529,0.616957851705358,0.7143417356910373,8,6,0.5820637798597003,2.0,1.1660298307357122,0.37800936635027904,0.5333333333333334,0.6214285714285714,0.6162254142456296,0.5934211678442343,0.616957851705358,0.5820637798597003,0,0.7423174789587004,0.5484765446597508,0.7321428571428572,0.5525793650793651,0.6763860716700474,0.5485970250169033,0.6222313371616078,0.5689089417555373,0.5546239837398375,0.6051829268292683,0.5604005167958657,0.5964147286821706,0.43060271646859083,0.6542869269949065
0.15,0.002,10.0,corn,2,003|007,1,1.445736434108527,1.5994832041343672,27,21,27,28,0.22093023255813954,0.07637417368468724,258,1.6627906976744187,0.22868217054263565,1.6666666666666667,0.22093023255813954,71.0,27.0,57.0,50.0,53.0,1.4224806201550388,1,0.32170542635658916,4,74,72,14,15,83,438,247,211,163,236,0.9519602907035015,0.6570935005536016,0.6966194253472529,5,4,0.5637709262540966,2.0,1.014682262562474,0.4187600665965303,0.7214285714285715,0.5714285714285714,0.7162167962400231,0.5670751426848618,0.7051060649624276,0.5637709262540966,1,0.8244601030860572,0.5426697983949892,0.7762896825396826,0.5535714285714286,0.8084009465855309,0.5607674104124409,0.8036300246103364,0.5561936013125512,0.5174034552845528,0.6215701219512195,0.6300064599483204,0.5547480620155039,0.5755517826825127,0.5568760611205432
0.15,0.002,10.0,corn,3,004|008,0,0.6791666666666667,1.5125,26,4,26,30,0.3458333333333333,0.08892238131122843,240,1.3375,0.3333333333333333,1.3083333333333333,0.3458333333333333,73.0,37.0,55.0,35.0,40.0,0.5375,1,0.4708333333333333,0,113,111,42,1,0,399,208,183,177,319,0.612859226279312,0.5173491271052018,0.5588854993856125,4,3,0.5089872579631056,2.0,0.5977294285419963,0.4650930292346145,0.5904761904761905,0.4857142857142857,0.5305502264546048,0.5248976019254908,0.5401988065522141,0.5089872579631056,0,0.6594510576995982,0.40249450299492,0.5363063660477454,0.4852453580901857,0.5122440786832597,0.525491770373344,0.5431547619047619,0.5037202380952381,0.5362979258328096,0.5276555625392835,0.5250822368421053,0.5341282894736842,0.46885521885521886,0.5841750841750842
0.15,0.002,10.0,corn,3,004|008,1,0.9916666666666667,1.4608333333333334,12,8,12,24,0.30416666666666664,0.022212660678750162,240,1.4333333333333333,0.31666666666666665,1.4125,0.30416666666666664,62.0,31.0,80.0,18.0,49.0,0.5375,1,0.4708333333333333,0,113,111,42,1,0,399,208,183,177,319,0.5846878461798168,0.48831656916428345,0.5582911320832714,4,3,0.5001370637460331,2.0,0.6057699918681287,0.4586077504203608,0.7000000000000001,0.41666666666666663,0.6137188423251092,0.48865606864562694,0.5827013120268896,0.5001370637460331,0,0.7677989233452119,0.426795056486466,0.5363063660477454,0.5029840848806366,0.6060818948213569,0.5054195102368526,0.5282738095238095,0.5290178571428571,0.571024512884978,0.492928975487115,0.536595394736842,0.5160361842105263,0.5328282828282829,0.5277777777777778
0.15,0.002,10.0,corn,3,004|008,0,0.9875,1.3333333333333333,26,23,26,35,0.2916666666666667,0.10473334761190833,240,1.3916666666666666,0.2791666666666667,1.3583333333333334,0.2916666666666667,66.0,50.0,43.0,34.0,47.0,0.5375,1,0.4708333333333333,0,113,111,42,1,0,399,208,183,177,319,0.588818352939271,0.527280959106974,0.5618937512203667,9,3,0.4919830502721899,2.0,0.5988133576358069,0.466452939985621,0.6023809523809522,0.49523809523809526,0.6147849860677873,0.4930497382627341,0.5965081303187958,0.4919830502721899,1,0.6705208886193039,0.4098112063082872,0.7733753315649867,0.45076259946949604,0.6155158570855078,0.46527498996386996,0.5505952380952381,0.5186011904761905,0.5263984915147706,0.5326838466373349,0.4995888157894737,0.5608552631578947,0.5395622895622896,0.5058922558922558
0.15,0.002,10.0,corn,3,004|008,1,1.3166666666666667,1.4166666666666667,5,5,5,30,0.32916666666666666,0.02460850111856827,240,1.4625,0.32083333333333336,1.3666666666666667,0.32916666666666666,47.0,59.0,69.0,17.0,48.0,0.5375,1,0.4708333333333333,0,113,111,42,1,0,399,208,183,177,319,0.5936720588180788,0.5494449898204,0.5850777226013395,10,3,0.4948888338617583,2.0,0.5983756339450015,0.4693021537838052,0.6428571428571428,0.4714285714285714,0.5938946507114274,0.4964633791613027,0.5738848078405232,0.4948888338617583,1,0.7870953066949731,0.3464629615588748,0.6105769230769231,0.45407824933687,0.6773384183059012,0.445303091128061,0.5505952380952381,0.5126488095238095,0.45883092394720304,0.5818667504714017,0.49588815789473684,0.5304276315789473,0.43686868686868685,0.5934343434343434
0.15,0.002,10.0,corn,4,009|011,0,1.088,1.2096,10,9,10,29,0.448,0.4370156511168516,250,1.152,0.456,1.116,0.448,60.0,80.0,18.0,34.0,58.0,1.468,3,0.368,4,79,43,11,45,92,433,276,214,133,227,0.9752732213938118,0.9433495065311415,0.9947503136677707,10,6,0.527807862796215,2.0,1.745060843872379,0.3146459983757563,0.9761904761904763,0.5119047619047619,0.9842804420108883,0.5513477906545183,0.9752732213938118,0.527807862796215,0,1.19610307982401,0.4653257909071863,1.1764303104077907,0.46332927571515525,0.959703947368421,0.5586622807017544,0.9769677996422182,0.5474060822898033,0.8853583426651735,0.538353863381859,0.8603896103896105,0.5308441558441559,0.7719594594594594,0.5907335907335908
0.15,0.002,10.0,corn,4,009|011,0,1.004,1.1224,6,4,6,31,0.432,0.5280369457359503,250,1.044,0.488,1.036,0.432,47.0,77.0,35.0,21.0,70.0,1.468,3,0.368,4,79,43,11,45,92,433,276,214,133,227,1.0805596645988411,0.8769666278064232,0.9502788374218337,9,7,0.5826470751731643,2.0,1.5756717372878708,0.3560614452096268,1.0119047619047619,0.5428571428571429,0.923049400859101,0.5967984796719721,0.8967530562691739,0.5826470751731643,1,1.1679237376911795,0.4737062644039388,1.211579427875837,0.4814363968350578,0.9133771929824561,0.5709978070175439,0.9008273703041145,0.588886404293381,0.7347424412094066,0.6436170212765957,0.6239177489177489,0.670995670995671,0.7249034749034748,0.6488899613899614
0.15,0.002,10.0,corn,4,009|011,1,1.172,1.3648000000000002,18,4,18,31,0.352,0.2792291545484433,250,1.352,0.364,1.336,0.352,61.0,58.0,23.0,62.0,46.0,1.468,3,0.368,4,79,43,11,45,92,433,276,214,133,227,1.0122835069611313,0.9294533747180661,1.0020282164433716,10,8,0.5610478810857243,2.0,1.5958556169549531,0.37981892861648947,1.0166666666666666,0.5214285714285714,0.9508718745865846,0.5769954759176845,0.9294533747180661,0.5610478810857243,0,1.2051120888330191,0.45306934841818564,0.9276475958612295,0.5769933049300061,0.8527960526315789,0.6022478070175439,0.8040026833631485,0.6063282647584973,0.9395296752519597,0.5527715565509519,0.8755411255411256,0.5698051948051948,0.9015444015444016,0.5661196911196912
0.15,0.002,10.0,corn,4,009|011,1,1.104,1.3064,5,5,5,28,0.312,0.4361903916058185,250,1.252,0.512,1.252,0.312,57.0,97.0,30.0,30.0,36.0,1.468,3,0.368,4,79,43,11,45,92,433,276,214,133,227,0.9163853485786302,0.8799906657830926,0.9968147346079366,7,5,0.5680920283909726,2.0,1.4804955985521202,0.4133309011180436,0.8023809523809524,0.5761904761904761,0.8807523292091837,0.5869081256551626,0.8799906657830926,0.5680920283909726,1,1.2772889168238006,0.46103079824010057,1.0152160681679854,0.5453438831405965,0.8763706140350878,0.5463267543859649,0.7903622540250448,0.6073345259391771,0.7241041433370661,0.6041433370660694,0.7142857142857143,0.6103896103896104,0.7623069498069498,0.6020752895752897
0.15,0.002,10.0,corn,5,010|012,0,1.3770491803278688,1.6877049180327872,19,18,19,33,0.2540983606557377,-0.1807408307757754,244,1.7254098360655739,0.2786885245901639,1.7459016393442623,0.2540983606557377,114.0,40.0,28.0,26.0,36.0,1.2049180327868851,1,0.4098360655737705,0,100,41,57,1,45,412,278,168,177,274,1.1852053211816678,0.9945952700537153,1.0264286574373382,11,9,0.5050389293156123,2.0,1.268089360881811,0.40208735423549663,1.0571428571428572,0.4571428571428571,1.0541222166679791,0.5128618583758098,1.0086831416594533,0.5050389293156123,0,1.1896286530432871,0.4449571522742255,1.1123281100095939,0.4131755676367125,1.0659722222222223,0.46990740740740744,1.0433080208827716,0.497389653535833,0.8803827751196172,0.5544258373205742,0.9015151515151516,0.574009324009324,0.8676470588235294,0.58140756302521
0.15,0.002,10.0,corn,5,010|012,0,1.3852459016393444,1.709016393442623,7,6,7,24,0.3114754098360656,-0.21238804468149342,244,1.6475409836065573,0.3524590163934426,1.5942622950819672,0.3114754098360656,106.0,57.0,44.0,8.0,29.0,1.2049180327868851,1,0.4098360655737705,0,100,41,57,1,45,412,278,168,177,274,1.0528933169547414,0.9898356133467963,1.0542045295879772,5,3,0.4860233484878993,2.0,1.1814010153856083,0.4371544521172464,0.9833333333333334,0.47619047619047616,1.059594476050263,0.49502242506393146,1.0151537269424524,0.4860233484878993,1,1.2041309602285213,0.43638760711931446,1.034138151582987,0.49984010233450593,0.9913194444444444,0.49768518518518523,1.0679876601803513,0.4632178452776459,0.9575358851674641,0.506578947368421,0.9533799533799534,0.479020979020979,0.8975840336134453,0.5194327731092437
0.15,0.002,10.0,corn,5,010|012,1,1.4631147540983607,1.6393442622950822,10,8,10,24,0.2827868852459016,-0.13654783668494797,244,1.75,0.27459016393442626,1.6598360655737705,0.2827868852459016,86.0,54.0,32.0,31.0,41.0,1.2049180327868851,1,0.4098360655737705,0,100,41,57,1,45,412,278,168,177,274,1.1673007828215376,1.0318624184159513,1.095692826349754,3,3,0.4888461655278701,2.0,1.1959044284861873,0.4231774338560622,0.9785714285714286,0.4928571428571428,1.0348264525981747,0.49808645106990856,1.0318624184159513,0.4888461655278701,0,1.0851461217314875,0.47066578773895845,1.0709146146466262,0.48097217780620405,1.1388888888888888,0.44386574074074076,1.0985999050783104,0.4653535832937826,0.9904306220095694,0.49611244019138756,0.9551282051282051,0.4982517482517483,0.8839285714285714,0.5667016806722689
0.15,0.002,10.0,corn,5,010|012,1,1.4877049180327868,1.6278688524590166,22,11,22,28,0.2540983606557377,-0.3051524286025047,244,1.8032786885245902,0.26229508196721313,1.790983606557377,0.2540983606557377,103.0,51.0,30.0,24.0,36.0,1.2049180327868851,1,0.4098360655737705,0,100,41,57,1,45,412,278,168,177,274,1.1588385617069479,0.963346865528746,0.9823952394552663,6,5,0.5112760636644639,2.0,1.127256093605869,0.4459440396119699,0.961904761904762,0.5071428571428571,1.0011292261839122,0.5373734000854392,0.9831933922843248,0.5112760636644639,1,1.1833662931223907,0.4278180619644034,1.1303165973776783,0.4913655260633195,1.0532407407407407,0.46875,1.0558851447555768,0.47259136212624586,0.9530502392344498,0.5053827751196172,0.8210955710955711,0.567016317016317,0.6853991596638656,0.6460084033613445
0.2,0.001,10.0,corn,0,001|005,0,1.430327868852459,1.5155737704918033,8,8,8,27,0.24180327868852458,0.1035057905337361,244,1.5368852459016393,0.32786885245901637,1.5,0.24180327868852458,49.0,65.0,103.0,15.0,12.0,1.209016393442623,3,0.3770491803278688,4,49,17,48,59,92,463,302,177,119,227,1.2714776921600968,1.2047060065997601,1.2378925806003165,26,24,0.38727092121064405,2.0,1.3089567053935707,0.3012448355098204,1.2452380952380953,0.42619047619047623,1.2596404533426948,0.4052095278591038,1.231482747948991,0.38727092121064405,1,1.5301059554256486,0.29879430032882714,1.3211323763955343,0.3157097288676236,1.1600000000000001,0.4026923076923077,1.2572104018912529,0.3595744680851064,1.2172619047619047,0.3860119047619048,1.2305019305019305,0.4054054054054054,0.9041666666666667,0.5427083333333333
0.2,0.001,10.0,corn,0,001|005,0,1.4385245901639345,1.5016393442622953,10,10,10,35,0.3237704918032787,0.2242726403496791,244,1.471311475409836,0.3524590163934426,1.4385245901639345,0.3237704918032787,75.0,62.0,73.0,17.0,17.0,1.209016393442623,3,0.3770491803278688,4,49,17,48,59,92,463,302,177,119,227,1.3398305374052037,1.2513634133995384,1.3182932211559102,12,3,0.3645704576084212,2.0,1.3503963640261216,0.2831681270604631,1.4285714285714284,0.3523809523809524,1.3468016382900507,0.3822976960856095,1.327155407771056,0.3645704576084212,0,1.45834855681403,0.2995250274022653,1.3869218500797449,0.33875598086124403,1.3323076923076922,0.3817307692307692,1.4258865248226948,0.3528368794326241,1.430952380952381,0.35505952380952377,1.1994208494208494,0.3891891891891892,1.05625,0.43489583333333337
0.2,0.001,10.0,corn,0,001|005,1,1.4098360655737705,1.513934426229508,26,9,26,36,0.3401639344262295,0.17445056751673615,244,1.4549180327868851,0.35655737704918034,1.471311475409836,0.3401639344262295,86.0,42.0,67.0,25.0,24.0,1.209016393442623,3,0.3770491803278688,4,49,17,48,59,92,463,302,177,119,227,1.3952698450306533,1.20334332706261,1.2833480062235243,3,3,0.3844346726655475,2.0,1.3216071481630827,0.3232204904062476,1.4714285714285715,0.32619047619047614,1.2476613230566207,0.42845493173269467,1.2612356710386994,0.3844346726655475,0,1.3016806722689074,0.2990865911582024,1.2165071770334928,0.39657097288676235,1.2407692307692306,0.41692307692307695,1.2539007092198582,0.4141843971631206,1.2886904761904763,0.3729166666666667,1.2984555984555985,0.4038610038610039,1.2286458333333332,0.3875
0.2,0.001,10.0,corn,0,001|005,1,1.4877049180327868,1.5762295081967213,10,8,10,24,0.28688524590163933,0.0882245716368939,244,1.6229508196721312,0.319672131147541,1.5942622950819672,0.28688524590163933,74.0,79.0,72.0,7.0,12.0,1.209016393442623,3,0.3770491803278688,4,49,17,48,59,92,463,302,177,119,227,1.3707617744929523,1.167520032313918,1.2176138638421476,3,3,0.4057765378023477,2.0,1.2802375787191265,0.3540548331950192,1.380952380952381,0.3476190476190476,1.1647094270244027,0.4469868156268199,1.1847243637958411,0.4057765378023477,1,1.2674826452320058,0.3060284983558641,1.2429824561403509,0.36945773524720893,1.1467307692307693,0.43596153846153846,1.232387706855792,0.42411347517730497,1.2208333333333334,0.4095238095238095,1.1691119691119691,0.4245173745173745,1.0135416666666668,0.4708333333333333
0.2,0.001,10.0,corn,1,002|006,0,1.0952380952380953,1.6695238095238096,19,12,19,38,0.2571428571428571,-0.13058833663536928,210,1.7571428571428571,0.2714285714285714,1.776190476190476,0.2571428571428571,60.0,36.0,22.0,31.0,61.0,1.1238095238095238,1,0.46190476190476193,0,97,35,53,57,7,415,284,172,121,312,1.2472803929752276,1.0886135836577198,1.183139516637406,15,15,0.4255116695178881,2.0,1.277802889873346,0.38101774062559335,1.3428571428571427,0.39761904761904765,1.2498066845594706,0.4415309378576183,1.2179460507242146,0.4255116695178881,0,1.6256200020244964,0.2935519789452374,1.4794474393530996,0.3059299191374663,1.5250563063063063,0.31109234234234234,1.3181322674418605,0.40625,1.033869395711501,0.48391812865497075,0.8181818181818181,0.5643939393939394,0.7253151260504201,0.6134453781512605
0.2,0.001,10.0,corn,1,002|006,1,1.1761904761904762,1.6704761904761907,3,3,3,33,0.2,-0.19189755994718216,210,1.9,0.20952380952380953,1.7380952380952381,0.2,7.0,62.0,66.0,15.0,60.0,1.1238095238095238,1,0.46190476190476193,0,97,35,53,57,7,415,284,172,121,312,1.2629421013545075,1.1539307975665682,1.2093449923550694,7,4,0.44157490974889924,2.0,1.2757063805248157,0.37620944039923726,1.3904761904761904,0.39761904761904765,1.1938268747411944,0.46862486906700485,1.1963895427804698,0.44157490974889924,0,1.5100718696224313,0.3294867901609475,1.4448562443845463,0.32300089847259655,1.4655123873873874,0.34065315315315314,1.322311046511628,0.41860465116279066,1.004142300194932,0.4987816764132554,0.8106060606060606,0.5833333333333333,0.8172268907563025,0.5971638655462186
0.2,0.001,10.0,corn,1,002|006,1,1.1095238095238096,1.6466666666666665,27,3,27,30,0.2904761904761905,-0.04786028529529407,210,1.7,0.3,1.6857142857142857,0.2904761904761905,59.0,26.0,23.0,46.0,56.0,1.1238095238095238,1,0.46190476190476193,0,97,35,53,57,7,415,284,172,121,312,1.2841654646363234,1.1449881035105856,1.1990798124707915,10,8,0.40133814430865344,2.0,1.2001305473625083,0.41126984690410967,1.3714285714285714,0.36428571428571427,1.2346581793325195,0.43367909558708806,1.2223290015847272,0.40133814430865344,1,1.7517967405607855,0.21819010021257212,1.612982929020665,0.23349056603773585,1.6162725225225225,0.25591216216216217,1.3001453488372094,0.3889898255813954,1.0545808966861598,0.4722222222222222,0.7121212121212122,0.571969696969697,0.5084033613445378,0.66859243697479
0.2,0.001,10.0,corn,1,002|006,0,1.1238095238095238,1.544761904761905,3,3,3,44,0.26666666666666666,-0.114839961202716,210,1.7857142857142858,0.3238095238095238,1.480952380952381,0.26666666666666666,7.0,60.0,76.0,30.0,37.0,1.1238095238095238,1,0.46190476190476193,0,97,35,53,57,7,415,284,172,121,312,1.1974796206226048,1.1374652260244589,1.2178311929212573,3,3,0.4115291752510821,2.0,1.258133616933148,0.3908889089104498,1.3952380952380952,0.35952380952380947,1.209101581891301,0.45709806730332403,1.1974796206226048,0.4115291752510821,1,1.2318554509565747,0.3745824476161555,1.454177897574124,0.34613656783468105,1.5698198198198199,0.32826576576576577,1.254905523255814,0.381359011627907,1.0977095516569202,0.4300682261208577,0.9015151515151515,0.5113636363636364,0.8723739495798319,0.5089285714285714
0.2,0.001,10.0,corn,2,003|007,0,1.5310077519379846,1.6356589147286822,4,3,4,27,0.28294573643410853,0.055715791776898116,258,1.7170542635658914,0.2868217054263566,1.573643410852713,0.28294573643410853,72.0,92.0,33.0,41.0,20.0,1.4224806201550388,1,0.32170542635658916,4,74,72,14,15,83,438,247,211,163,236,0.8901001725394451,0.7923901405523404,0.8405844921976362,5,5,0.5176676492463406,2.0,1.3102442477543765,0.316326101503014,0.8595238095238096,0.5261904761904762,0.8277187500952379,0.5363123686372471,0.8326217528065128,0.5176676492463406,0,1.0389508710119397,0.4864944216089254,0.8462301587301587,0.5148809523809524,0.773580121703854,0.5301724137931034,0.8591058244462675,0.526456111566858,0.8240599593495935,0.5025406504065041,0.8020025839793281,0.5104974160206718,0.6844227504244482,0.5526315789473684
0.2,0.001,10.0,corn,2,003|007,0,1.5193798449612403,1.6612403100775197,11,3,11,26,0.18604651162790697,-0.07081778146414663,258,1.810077519379845,0.1937984496124031,1.7790697674418605,0.18604651162790697,63.0,63.0,61.0,37.0,34.0,1.4224806201550388,1,0.32170542635658916,4,74,72,14,15,83,438,247,211,163,236,0.9222487062835913,0.7493053218937021,0.8124472508036673,7,4,0.4643833905576936,2.0,1.1828299105514826,0.3514808755155058,0.8857142857142857,0.46190476190476193,0.9368340407355367,0.4752915536594982,0.8813531958517558,0.4643833905576936,1,1.2151105891563905,0.409245122985581,0.966765873015873,0.4399801587301587,0.8603786342123056,0.4421906693711968,0.838084495488105,0.477850697292863,0.7928099593495935,0.49212398373983746,0.8738695090439277,0.4455749354005168,0.6224533106960951,0.5437181663837012
0.2,0.001,10.0,corn,2,003|007,1,1.3449612403100775,1.5085271317829458,5,3,5,32,0.2054263565891473,-0.05941197766810857,258,1.810077519379845,0.2751937984496124,1.7635658914728682,0.2054263565891473,104.0,72.0,34.0,36.0,12.0,1.4224806201550388,1,0.32170542635658916,4,74,72,14,15,83,438,247,211,163,236,0.6689807341424963,0.6023852653682207,0.6722646190416162,5,4,0.5414108935213481,2.0,1.1660298307357122,0.37800936635027904,0.5714285714285714,0.5809523809523809,0.6494861536609094,0.563015981443489,0.6689807341424963,0.5414108935213481,0,0.8678149670516082,0.5154955307627063,0.8834325396825397,0.48759920634920634,0.688894523326572,0.48394185260311023,0.7092904019688269,0.5032813781788351,0.559959349593496,0.5903201219512195,0.5405361757105943,0.5872093023255813,0.432937181663837,0.6220288624787775
0.2,0.001,10.0,corn,2,003|007,1,1.449612403100775,1.5410852713178296,27,16,27,31,0.28294573643410853,0.2162244916337962,258,1.5116279069767442,0.28294573643410853,1.4883720930232558,0.28294573643410853,73.0,47.0,48.0,36.0,54.0,1.4224806201550388,1,0.32170542635658916,4,74,72,14,15,83,438,247,211,163,236,0.9258676213149675,0.6547203957417949,0.7220912494022125,5,3,0.5365612076736159,2.0,1.014682262562474,0.4187600665965303,0.5428571428571428,0.5714285714285714,0.6933554215593014,0.5394334433704409,0.6711859444105126,0.5365612076736159,1,0.8646179943889867,0.539309714882234,0.8695436507936507,0.5104166666666667,0.7151791751183232,0.5,0.6994462674323215,0.48769483182936835,0.5288363821138211,0.569359756097561,0.5321382428940569,0.562984496124031,0.4885398981324278,0.5861629881154499
0.2,0.001,10.0,corn,3,004|008,0,0.7625,1.3216666666666665,25,18,25,30,0.3625,0.13405656722200698,240,1.2458333333333333,0.36666666666666664,1.2208333333333334,0.3625,59.0,50.0,67.0,21.0,43.0,0.5375,1,0.4708333333333333,0,113,111,42,1,0,399,208,183,177,319,0.6418487762914553,0.5298011568357819,0.5623815846009561,3,3,0.5090744885439004,2.0,0.5988133576358069,0.466452939985621,0.6642857142857143,0.4666666666666667,0.5654944803669398,0.5288816838735132,0.5844130200118582,0.5090744885439004,1,0.8017666237015695,0.36299188717870956,0.5817307692307692,0.4786140583554377,0.5935367322360499,0.5108390204737053,0.5245535714285714,0.5483630952380952,0.5265556253928347,0.5490257699560025,0.5341282894736843,0.5513980263157895,0.5286195286195287,0.5622895622895623
0.2,0.001,10.0,corn,3,004|008,1,1.2291666666666667,1.2763888888888888,28,14,28,29,0.275,-0.0018226384262460815,240,1.3375,0.275,1.3291666666666666,0.275,59.0,45.0,85.0,12.0,39.0,0.5375,1,0.4708333333333333,0,113,111,42,1,0,399,208,183,177,319,0.619784306316191,0.5139443722316874,0.5597495256784976,4,3,0.4915519353009512,2.0,0.5983756339450015,0.4693021537838052,0.6452380952380953,0.46904761904761905,0.5896088626534977,0.4974732649918805,0.5770914830206029,0.4915519353009512,1,0.6894002577905831,0.43225415118659494,0.5722811671087533,0.4631962864721485,0.6172219991971096,0.4795262946607788,0.5379464285714286,0.5208333333333333,0.5410119421747328,0.5190131992457574,0.548108552631579,0.5201480263157895,0.5336700336700337,0.5058922558922558
0.2,0.001,10.0,corn,3,004|008,1,1.2083333333333333,1.3316666666666666,16,16,16,33,0.31666666666666665,0.0005092514004413351,240,1.2833333333333334,0.30833333333333335,1.2583333333333333,0.31666666666666665,41.0,74.0,77.0,13.0,35.0,0.5375,1,0.4708333333333333,0,113,111,42,1,0,399,208,183,177,319,0.6361126376122659,0.5185731071725479,0.5809880256198463,3,3,0.4663715687980165,2.0,0.6057699918681287,0.4586077504203608,0.6857142857142856,0.4357142857142857,0.6439840389778627,0.4475045621152077,0.6113574389764941,0.4663715687980165,0,0.8063537796648723,0.34555311244218667,0.6384283819628647,0.4262267904509284,0.670915295062224,0.4476114010437575,0.5907738095238095,0.47693452380952384,0.5556253928346951,0.5083280955373979,0.5115131578947368,0.5279605263157895,0.505892255892256,0.531986531986532
0.2,0.001,10.0,corn,3,004|008,0,0.7416666666666667,1.5441666666666667,28,12,28,46,0.3416666666666667,0.034162901336393325,240,1.4708333333333334,0.32916666666666666,1.4583333333333333,0.3416666666666667,70.0,37.0,52.0,18.0,63.0,0.5375,1,0.4708333333333333,0,113,111,42,1,0,399,208,183,177,319,0.5991036232812532,0.5264817068612286,0.5717404012340831,24,8,0.5228856614200715,2.0,0.5977294285419963,0.4650930292346145,0.5571428571428572,0.5285714285714286,0.5612645314957827,0.5210824857737624,0.5460420469649966,0.5228856614200715,0,0.6250663431647585,0.4497308363029798,0.5628315649867375,0.46883289124668437,0.5937374548374147,0.4729024488157367,0.5959821428571429,0.49851190476190477,0.5652105593966059,0.5394406033940917,0.4712171052631579,0.6011513157894737,0.40824915824915825,0.6296296296296297
0.2,0.001,10.0,corn,4,009|011,0,1.112,1.26,8,6,8,26,0.372,0.406382211144272,250,1.116,0.436,1.168,0.372,49.0,79.0,50.0,24.0,48.0,1.468,3,0.368,4,79,43,11,45,92,433,276,214,133,227,1.1304496645507973,1.0491283801139142,1.0956262486259543,12,7,0.4904435277697561,2.0,1.745060843872379,0.3146459983757563,1.1666666666666665,0.46904761904761905,1.1062015560682594,0.5138401004478953,1.0885531012238499,0.4904435277697561,0,1.4242614707730987,0.4098051539912005,1.2221545952525867,0.4660681679853925,1.018092105263158,0.5117872807017544,1.1468023255813953,0.44543828264758495,0.9206326987681971,0.5324748040313549,0.9410173160173161,0.5286796536796536,0.946911196911197,0.5388513513513513
0.2,0.001,10.0,corn,4,009|011,0,1.092,1.2087999999999999,7,7,7,26,0.38,0.34822192181421907,250,1.352,0.472,1.348,0.38,99.0,67.0,20.0,18.0,46.0,1.468,3,0.368,4,79,43,11,45,92,433,276,214,133,227,1.1643402767842779,0.9788918600620449,1.0592774538669218,7,7,0.48457913539558595,2.0,1.5756717372878708,0.3560614452096268,1.2833333333333334,0.44047619047619047,1.1925031446207792,0.49635824602920503,1.1643402767842779,0.48457913539558595,1,1.4878483134297087,0.417661847894406,1.2957242848447963,0.45587340231284235,1.1247258771929824,0.5068530701754386,1.2059481216457961,0.4608676207513417,1.0606103023516238,0.4967805151175812,0.9767316017316017,0.5286796536796536,0.9987934362934363,0.5253378378378378
0.2,0.001,10.0,corn,4,009|011,1,1.252,1.3952,12,6,12,26,0.372,0.40593534119276453,250,1.328,0.416,1.276,0.372,92.0,61.0,16.0,36.0,45.0,1.468,3,0.368,4,79,43,11,45,92,433,276,214,133,227,1.2152248037629783,0.9988600726205572,1.0553720342492163,4,4,0.5226576204204811,2.0,1.5958556169549531,0.37981892861648947,1.1047619047619048,0.4928571428571429,1.0526861299965171,0.5627841784000338,1.027485696618924,0.5226576204204811,0,1.3379425937565474,0.45453593128011727,1.0871119902617163,0.49421789409616557,0.9336622807017544,0.5490679824561404,0.9931797853309481,0.5377906976744187,0.8912374020156775,0.5405935050391937,0.9458874458874459,0.538961038961039,1.0033783783783785,0.5434362934362934
0.2,0.001,10.0,corn,4,009|011,1,1.144,1.2792,7,7,7,26,0.36,0.4432463219060173,250,1.256,0.536,1.16,0.36,61.0,55.0,30.0,64.0,40.0,1.468,3,0.368,4,79,43,11,45,92,433,276,214,133,227,1.0235226019727275,0.9540982165660226,1.0595134090099845,9,5,0.5187133090718994,2.0,1.4804955985521202,0.4133309011180436,0.9380952380952381,0.55,1.155060704440078,0.5445733656757674,1.129578074058003,0.5187133090718994,1,1.4393463230672534,0.40928137439765344,1.3024954351795497,0.4565581253804017,1.043311403508772,0.555921052631579,1.0477415026833632,0.5628354203935599,0.9718645016797313,0.5699888017917133,1.1515151515151514,0.5081168831168832,0.9507722007722008,0.5682915057915058
0.2,0.001,10.0,corn,5,010|012,0,1.389344262295082,1.8,7,3,7,25,0.25,-0.25320272465941773,244,1.8319672131147542,0.2827868852459016,1.7827868852459017,0.25,90.0,44.0,50.0,21.0,39.0,1.2049180327868851,1,0.4098360655737705,0,100,41,57,1,45,412,278,168,177,274,1.239418724605076,1.0997499114974552,1.1295578694132866,24,14,0.4532491165021026,2.0,1.1814010153856083,0.4371544521172464,1.1023809523809525,0.44047619047619047,1.1856332516185235,0.45202230469927895,1.1335672791891755,0.4532491165021026,1,1.5517468688200395,0.32948802460997584,1.2615925807483213,0.3929485129517109,1.0625,0.4693287037037037,1.034765068818225,0.5016611295681064,1.0089712918660287,0.47517942583732053,1.0495337995337994,0.4621212121212121,0.9658613445378151,0.542016806722689
0.2,0.001,10.0,corn,5,010|012,1,1.3852459016393444,1.7409836065573772,17,3,17,24,0.2459016393442623,-0.27293021450063093,244,1.7581967213114753,0.2581967213114754,1.7540983606557377,0.2459016393442623,83.0,69.0,35.0,21.0,36.0,1.2049180327868851,1,0.4098360655737705,0,100,41,57,1,45,412,278,168,177,274,1.1635247905050843,1.0837941349026508,1.1635389603005,3,3,0.47410212314732914,2.0,1.1959044284861873,0.4231774338560622,1.0476190476190474,0.46190476190476193,1.1656793278750757,0.4658787369466274,1.0837941349026508,0.47410212314732914,0,1.0115359261700725,0.4801142606020655,1.1189638631275982,0.440917812599936,1.2094907407407407,0.44212962962962965,1.231015662078785,0.42465590887517796,1.056519138755981,0.49700956937799046,1.0,0.4708624708624709,0.9590336134453782,0.5630252100840336
0.2,0.001,10.0,corn,5,010|012,0,1.3401639344262295,1.8344262295081968,3,3,3,37,0.21311475409836064,-0.356087113899614,244,2.05327868852459,0.27049180327868855,1.9426229508196722,0.21311475409836064,47.0,61.0,58.0,23.0,55.0,1.2049180327868851,1,0.4098360655737705,0,100,41,57,1,45,412,278,168,177,274,1.1439842791564483,1.0933841432243665,1.1509405637167789,14,9,0.40375685483770163,2.0,1.268089360881811,0.40208735423549663,1.2357142857142853,0.3476190476190476,1.225548070077012,0.4022071552805818,1.1677418590281468,0.40375685483770163,0,1.6305207646671063,0.23236651285431772,1.2217780620402943,0.406539814518708,1.136574074074074,0.3917824074074074,1.0878025628856194,0.43248694826767914,0.9805622009569378,0.4739832535885168,1.0355477855477855,0.4463869463869464,1.08140756302521,0.4427521008403361
0.2,0.001,10.0,corn,5,010|012,1,1.4180327868852458,1.6688524590163933,25,24,25,33,0.2581967213114754,-0.16680812272098566,244,1.651639344262295,0.2827868852459016,1.6762295081967213,0.2581967213114754,91.0,55.0,29.0,36.0,33.0,1.2049180327868851,1,0.4098360655737705,0,100,41,57,1,45,412,278,168,177,274,1.1876799534073204,1.0610013554439726,1.104777084249223,3,3,0.4245102574227477,2.0,1.127256093605869,0.4459440396119699,1.2714285714285714,0.3738095238095238,1.2036383765114622,0.4239289699238493,1.1618723544044087,0.4245102574227477,1,1.1230498791474401,0.44221050318611294,1.1750079948832748,0.4093380236648545,1.1712962962962963,0.42997685185185186,1.1365685809207404,0.4449454200284765,1.1330741626794258,0.43570574162679426,1.2307692307692308,0.38344988344988346,1.1633403361344539,0.4259453781512605
0.2,0.002,10.0,corn,0,001|005,0,1.3565573770491803,1.5598360655737704,4,4,4,27,0.26229508196721313,0.19644004626654665,244,1.528688524590164,0.39344262295081966,1.3934426229508197,0.26229508196721313,38.0,78.0,86.0,22.0,20.0,1.209016393442623,3,0.3770491803278688,4,49,17,48,59,92,463,302,177,119,227,1.228618337282409,1.1248125393863084,1.197434674393406,15,4,0.4322123061656087,2.0,1.3089567053935707,0.3012448355098204,1.3166666666666669,0.3928571428571429,1.1394629670547167,0.46869568540151807,1.1362686027953326,0.4322123061656087,1,1.5589331384727805,0.30792838874680306,1.299920255183413,0.3657097288676236,1.1076923076923078,0.42173076923076924,1.0576832151300237,0.44101654846335697,1.0482142857142858,0.47827380952380955,1.0173745173745175,0.48166023166023164,0.8640625,0.5291666666666667
0.2,0.002,10.0,corn,0,001|005,1,1.5163934426229508,1.5729508196721311,22,16,22,27,0.3155737704918033,0.13653004850583528,244,1.5122950819672132,0.3524590163934426,1.5532786885245902,0.3155737704918033,80.0,73.0,62.0,16.0,13.0,1.209016393442623,3,0.3770491803278688,4,49,17,48,59,92,463,302,177,119,227,1.3209693376537064,1.177667787522272,1.2528969433711352,4,3,0.3911213069528578,2.0,1.3216071481630827,0.3232204904062476,1.35,0.3904761904761904,1.323940463431056,0.4309620589492584,1.3196083363226263,0.3911213069528578,0,1.4625502374862989,0.29864815491413954,1.4379585326953748,0.350956937799043,1.2453846153846153,0.41692307692307695,1.3930260047281324,0.38037825059101654,1.2678571428571428,0.40476190476190477,1.2044401544401544,0.4403474903474903,1.2260416666666667,0.44583333333333336
0.2,0.002,10.0,corn,0,001|005,1,1.4836065573770492,1.6229508196721312,20,11,20,24,0.30327868852459017,0.014380220514533915,244,1.680327868852459,0.3114754098360656,1.6598360655737705,0.30327868852459017,85.0,47.0,73.0,24.0,15.0,1.209016393442623,3,0.3770491803278688,4,49,17,48,59,92,463,302,177,119,227,1.4391055579047998,1.1811130505130998,1.2280142070026234,3,3,0.42906440732801676,2.0,1.2802375787191265,0.3540548331950192,1.3761904761904764,0.37857142857142856,1.1948066593192093,0.4616252970321558,1.1811130505130998,0.42906440732801676,1,1.2061746437705516,0.3800876872488126,1.2611642743221692,0.3829346092503987,1.186923076923077,0.4157692307692308,1.2661938534278958,0.40721040189125296,1.2133928571428572,0.4413690476190476,1.1646718146718147,0.4745173745173745,0.9692708333333333,0.5015625
0.2,0.002,10.0,corn,0,001|005,0,1.5532786885245902,1.6229508196721312,36,35,36,43,0.3155737704918033,0.03266207145109712,244,1.680327868852459,0.3114754098360656,1.6721311475409837,0.3155737704918033,91.0,56.0,64.0,21.0,12.0,1.209016393442623,3,0.3770491803278688,4,49,17,48,59,92,463,302,177,119,227,1.35269662977112,1.1726506812551278,1.2553171775996508,5,3,0.41725849963346073,2.0,1.3503963640261216,0.2831681270604631,1.3857142857142857,0.3761904761904762,1.2396576783264832,0.4391599920798823,1.2207935035194732,0.41725849963346073,0,1.6321154548776031,0.2690902447935696,1.4934609250398725,0.3332535885167464,1.0869230769230769,0.4863461538461539,1.2867612293144208,0.42505910165484634,1.1877976190476192,0.4354166666666667,0.9861003861003861,0.4752895752895753,0.8723958333333334,0.49635416666666665
0.2,0.002,10.0,corn,1,002|006,0,1.1142857142857143,1.6142857142857145,3,3,3,24,0.23809523809523808,-0.15850524924748544,210,1.9190476190476191,0.2619047619047619,1.7047619047619047,0.23809523809523808,7.0,57.0,64.0,14.0,68.0,1.1238095238095238,1,0.46190476190476193,0,97,35,53,57,7,415,284,172,121,312,1.0969489704864923,1.0969489704864923,1.186912021558288,13,3,0.42134415557898347,2.0,1.258133616933148,0.3908889089104498,1.2523809523809524,0.41428571428571426,1.235754761426255,0.43131881084164514,1.1972027889025765,0.42134415557898347,1,1.633464925599757,0.2541755238384452,1.7139487870619945,0.22899820305480684,1.4054054054054053,0.2985641891891892,1.0376090116279069,0.42605377906976744,1.0450779727095516,0.482943469785575,0.8484848484848485,0.5984848484848485,0.6964285714285714,0.6601890756302521
0.2,0.002,10.0,corn,1,002|006,1,1.1333333333333333,1.6904761904761905,16,14,16,24,0.2571428571428571,-0.23489090853453276,210,1.838095238095238,0.24761904761904763,1.8238095238095238,0.2571428571428571,63.0,32.0,31.0,34.0,50.0,1.1238095238095238,1,0.46190476190476193,0,97,35,53,57,7,415,284,172,121,312,1.3471747892145463,1.0997037541157175,1.198985675474185,5,3,0.40299669257783166,2.0,1.2757063805248157,0.37620944039923726,1.4904761904761905,0.3214285714285714,1.2706436096628555,0.44408024215321873,1.2345953839234758,0.40299669257783166,0,1.460218645611904,0.2846441947565543,1.5534591194968552,0.2644878706199461,1.5964245495495497,0.2736486486486487,1.3601017441860463,0.3637354651162791,0.9636939571150098,0.530214424951267,0.9204545454545454,0.5265151515151515,0.7878151260504201,0.5777310924369747
0.2,0.002,10.0,corn,1,002|006,0,1.1714285714285715,1.5647619047619048,19,9,19,34,0.2761904761904762,-0.10114799875892033,210,1.6952380952380952,0.2714285714285714,1.6666666666666667,0.2761904761904762,82.0,33.0,29.0,15.0,51.0,1.1238095238095238,1,0.46190476190476193,0,97,35,53,57,7,415,284,172,121,312,1.4446041708396185,1.066564063550281,1.1798202933881867,3,3,0.40499071071320236,2.0,1.277802889873346,0.38101774062559335,1.5071428571428571,0.31666666666666665,1.302767132046176,0.4213452751841421,1.2374943733426624,0.40499071071320236,0,1.0357323615750582,0.4388602085231299,1.5321203953279425,0.29874213836477986,1.676097972972973,0.2491554054054054,1.379360465116279,0.3659156976744186,1.1822612085769981,0.4327485380116959,0.9734848484848484,0.5227272727272727,0.8834033613445378,0.5267857142857143
0.2,0.002,10.0,corn,1,002|006,1,1.1714285714285715,1.6514285714285717,4,3,4,28,0.2619047619047619,-0.15577448805900862,210,1.8428571428571427,0.29523809523809524,1.7095238095238094,0.2619047619047619,25.0,48.0,48.0,30.0,59.0,1.1238095238095238,1,0.46190476190476193,0,97,35,53,57,7,415,284,172,121,312,1.213018685575456,1.0534994287743358,1.11909703116001,7,7,0.49271867322986207,2.0,1.2001305473625083,0.41126984690410967,1.204761904761905,0.4619047619047619,1.0728954220229174,0.5179181993478575,1.0534994287743358,0.49271867322986207,1,1.3273104565239398,0.4083915376050208,1.3300763701707097,0.39106019766397127,1.265061936936937,0.41666666666666663,1.0743095930232558,0.49400436046511625,1.0346003898635479,0.523635477582846,0.7916666666666666,0.5871212121212122,0.5514705882352942,0.6281512605042017
0.2,0.002,10.0,corn,2,003|007,0,1.449612403100775,1.6162790697674416,5,4,5,24,0.2131782945736434,0.0011199721937937834,258,1.7635658914728682,0.26356589147286824,1.7403100775193798,0.2131782945736434,52.0,60.0,47.0,56.0,43.0,1.4224806201550388,1,0.32170542635658916,4,74,72,14,15,83,438,247,211,163,236,0.8169954951384194,0.6760866417954678,0.807511718478237,5,4,0.497419365296378,2.0,1.3102442477543765,0.316326101503014,0.869047619047619,0.5071428571428571,0.8106077789012298,0.5249963104599179,0.8169954951384194,0.497419365296378,0,1.1006393945325244,0.4220656358060938,0.8759920634920635,0.46378968253968256,0.9779411764705883,0.41320148749154834,0.752563576702215,0.5293273174733388,0.6901676829268293,0.5529725609756098,0.7637273901808785,0.5209948320413437,0.557937181663837,0.5795840407470289
0.2,0.002,10.0,corn,2,003|007,1,1.3372093023255813,1.4674418604651163,6,5,6,25,0.29069767441860467,0.30818763733639054,258,1.3914728682170543,0.32558139534883723,1.3643410852713178,0.29069767441860467,44.0,62.0,64.0,29.0,59.0,1.4224806201550388,1,0.32170542635658916,4,74,72,14,15,83,438,247,211,163,236,0.6901654751622925,0.679007188941338,0.7911843010052525,8,4,0.5476909359237221,2.0,1.1660298307357122,0.37800936635027904,0.7023809523809523,0.5904761904761904,0.7832977673810297,0.5559831516401527,0.7649132030822251,0.5476909359237221,0,0.8229268610948001,0.5165720623735891,0.6056547619047619,0.5858134920634921,0.6538201487491548,0.5521467207572684,0.9121205906480722,0.526456111566858,0.9089176829268293,0.5304878048780488,0.8696705426356588,0.5266472868217054,0.5812818336162988,0.5957130730050934
0.2,0.002,10.0,corn,2,003|007,0,1.6162790697674418,1.748062015503876,4,4,4,34,0.1821705426356589,-0.24326433462746544,258,2.058139534883721,0.2054263565891473,1.9224806201550388,0.1821705426356589,94.0,78.0,37.0,37.0,12.0,1.4224806201550388,1,0.32170542635658916,4,74,72,14,15,83,438,247,211,163,236,0.8325511075525616,0.7270677980060631,0.7791579492042621,11,6,0.4889803813839231,2.0,1.1828299105514826,0.3514808755155058,0.9595238095238097,0.44047619047619047,0.8407261946574698,0.5070297740959437,0.8119714997935868,0.4889803813839231,1,1.178639003066484,0.373980557186664,0.9528769841269842,0.439484126984127,0.7451825557809331,0.48647734956051386,0.7803527481542247,0.5068703855619361,0.6444359756097561,0.5546239837398375,0.6611757105943152,0.5395671834625323,0.7211375212224109,0.5218590831918506
0.2,0.002,10.0,corn,2,003|007,1,1.434108527131783,1.5775193798449614,12,11,12,24,0.2751937984496124,0.18017233560090706,258,1.5968992248062015,0.2751937984496124,1.554263565891473,0.2751937984496124,47.0,28.0,50.0,68.0,65.0,1.4224806201550388,1,0.32170542635658916,4,74,72,14,15,83,438,247,211,163,236,0.7906350940976594,0.6754425286199492,0.7146675741533018,3,3,0.5389117089733056,2.0,1.014682262562474,0.4187600665965303,0.6690476190476191,0.5380952380952381,0.6797761522431955,0.5501239512127911,0.6754425286199492,0.5389117089733056,1,0.6705813270698766,0.5936582501467997,0.6884920634920635,0.5491071428571428,0.8000338066260988,0.46864435429344153,0.6994462674323215,0.5268662838392124,0.5783790650406504,0.569359756097561,0.6135335917312661,0.5269702842377262,0.6776315789473684,0.5377758913412564
0.2,0.002,10.0,corn,3,004|008,0,0.725,1.4908333333333332,16,12,16,27,0.2833333333333333,0.0220252112480952,240,1.5416666666666667,0.30833333333333335,1.5708333333333333,0.2833333333333333,54.0,36.0,63.0,24.0,63.0,0.5375,1,0.4708333333333333,0,113,111,42,1,0,399,208,183,177,319,0.5890693068603057,0.4428739825612327,0.48322006926127836,6,5,0.6083510654319786,2.0,0.5977294285419963,0.4650930292346145,0.5071428571428571,0.5666666666666667,0.4686873915544618,0.5979992357309359,0.4428739825612327,0.6083510654319786,0,0.46770035635757073,0.5782091136553189,0.5203912466843501,0.5184018567639257,0.46838619028502604,0.602368526696106,0.40625,0.6510416666666667,0.4192331866750471,0.6330923947203018,0.3939144736842105,0.6389802631578947,0.4242424242424242,0.6363636363636364
0.2,0.002,10.0,corn,3,004|008,0,0.9166666666666666,1.2861111111111112,27,26,27,28,0.2791666666666667,0.061956521739130466,240,1.4041666666666666,0.2833333333333333,1.3958333333333333,0.2791666666666667,66.0,49.0,46.0,33.0,46.0,0.5375,1,0.4708333333333333,0,113,111,42,1,0,399,208,183,177,319,0.5986053671391074,0.4798438771090589,0.528761293786237,9,3,0.521490787380089,2.0,0.5988133576358069,0.466452939985621,0.5547619047619048,0.5261904761904763,0.5874434339142143,0.5154376628041009,0.5402550178943595,0.521490787380089,1,0.737470619455607,0.40753658351656685,0.5628315649867375,0.4893899204244032,0.5788839823364111,0.49187073464472103,0.4821428571428571,0.5595238095238095,0.43761785040854806,0.5914519170333123,0.44243421052631576,0.5904605263157895,0.5404040404040404,0.5202020202020202
0.2,0.002,10.0,corn,3,004|008,1,1.1666666666666667,1.2781250000000002,29,14,29,31,0.32083333333333336,0.08681893526790507,240,1.2333333333333334,0.31666666666666665,1.2291666666666667,0.32083333333333336,94.0,31.0,58.0,22.0,35.0,0.5375,1,0.4708333333333333,0,113,111,42,1,0,399,208,183,177,319,0.6226968517211873,0.5224410675002713,0.5510542697012223,9,8,0.5109087650380284,2.0,0.5983756339450015,0.4693021537838052,0.6047619047619048,0.44999999999999996,0.5397298170296021,0.5212213617335377,0.5331817778066471,0.5109087650380284,1,0.6475851088027902,0.42493744787322774,0.6231763925729443,0.4204244031830239,0.5335206744279406,0.5372340425531915,0.47247023809523814,0.5587797619047619,0.5059710873664363,0.5289126335637964,0.4798519736842105,0.5530427631578947,0.4696969696969697,0.553030303030303
0.2,0.002,10.0,corn,3,004|008,1,1.1333333333333333,1.5858333333333332,22,3,22,36,0.23333333333333334,-0.03621683967704725,240,1.7041666666666666,0.24166666666666667,1.6791666666666667,0.23333333333333334,42.0,34.0,74.0,32.0,58.0,0.5375,1,0.4708333333333333,0,113,111,42,1,0,399,208,183,177,319,0.6699259702595568,0.5605709976982028,0.5895614374352858,16,13,0.5092752799683332,2.0,0.6057699918681287,0.4586077504203608,0.6904761904761905,0.4571428571428572,0.6258985546124576,0.5088048959714914,0.6060970904635115,0.5092752799683332,0,0.8919933277731442,0.4332777314428691,0.8512931034482758,0.3947281167108753,0.49979927739863506,0.5627258129265356,0.453125,0.578125,0.4809868007542426,0.5538969201759899,0.5074013157894737,0.5320723684210527,0.5580808080808081,0.5101010101010102
0.2,0.002,10.0,corn,4,009|011,0,1.128,1.2184000000000001,10,6,10,29,0.384,0.38439439798902164,250,1.276,0.404,1.288,0.384,81.0,89.0,21.0,10.0,49.0,1.468,3,0.368,4,79,43,11,45,92,433,276,214,133,227,0.9815458664319356,0.9477988168217354,0.9864311976306332,7,5,0.5036735591902348,2.0,1.745060843872379,0.3146459983757563,1.1333333333333333,0.4666666666666667,1.0577853541239377,0.544712233156211,1.041241217014046,0.5036735591902348,0,1.3644458411900273,0.435679865912424,1.28126902008521,0.4613511868533171,0.9421600877192983,0.5350877192982456,0.8983676207513416,0.5377906976744187,0.8868980963045912,0.5142777155655095,0.9442640692640694,0.5113636363636364,0.9712837837837838,0.5301640926640927
0.2,0.002,10.0,corn,4,009|011,0,1.088,1.1847999999999999,18,9,18,31,0.476,0.44146028426106376,250,1.1,0.488,1.088,0.476,68.0,25.0,32.0,51.0,74.0,1.468,3,0.368,4,79,43,11,45,92,433,276,214,133,227,1.0379017546519091,0.9765089558237712,1.038380266742065,10,9,0.5672266678114274,2.0,1.5756717372878708,0.3560614452096268,0.8714285714285713,0.5952380952380953,0.9773357643469586,0.5878071230648394,0.9765089558237712,0.5672266678114274,1,1.3276765137230253,0.4620783574271946,1.2508368837492392,0.47200243457090685,0.9498355263157895,0.5910087719298245,0.9164803220035779,0.5926878354203936,0.8106103023516238,0.6056830907054871,0.7478354978354979,0.6542207792207793,0.8322876447876448,0.5929054054054055
0.2,0.002,10.0,corn,4,009|011,1,1.024,1.3224,19,6,19,40,0.456,0.5146223823188228,250,1.012,0.484,1.024,0.456,70.0,48.0,27.0,56.0,49.0,1.468,3,0.368,4,79,43,11,45,92,433,276,214,133,227,0.7839674327684658,0.7839674327684658,0.951770975550836,21,9,0.5144264664266784,2.0,1.5958556169549531,0.37981892861648947,0.9666666666666666,0.4976190476190476,1.0928226310493807,0.5214939254563247,1.0699321552937493,0.5144264664266784,0,1.4169285564634402,0.44217473287240733,1.3872489348752282,0.4370815581253804,0.9931469298245614,0.537828947368421,0.9934033989266547,0.548412343470483,0.8916573348264278,0.5474524076147816,0.8187229437229437,0.5665584415584416,0.9884169884169884,0.521476833976834
0.2,0.002,10.0,corn,5,010|012,0,1.3360655737704918,1.7311475409836068,3,3,3,28,0.20901639344262296,-0.2199074951662432,244,1.8565573770491803,0.2827868852459016,1.6434426229508197,0.20901639344262296,43.0,82.0,75.0,21.0,23.0,1.2049180327868851,1,0.4098360655737705,0,100,41,57,1,45,412,278,168,177,274,1.1022455255093848,0.907222485188977,0.982499636806347,8,6,0.5196288992170568,2.0,1.1814010153856083,0.4371544521172464,1.1238095238095238,0.44999999999999996,1.041379959471269,0.5243606859497179,0.9952485139659604,0.5196288992170568,1,1.0966820479015602,0.4779169413315755,1.047889350815478,0.49320434921650147,0.9953703703703703,0.5017361111111112,1.0498338870431894,0.4952539155196963,0.9563397129186604,0.5245215311004785,0.9493006993006994,0.5512820512820513,0.8713235294117647,0.5934873949579832
0.2,0.002,10.0,corn,5,010|012,0,1.3401639344262295,1.7614754098360657,22,19,22,45,0.2459016393442623,-0.3446447353044291,244,1.9057377049180328,0.26639344262295084,1.9221311475409837,0.2459016393442623,98.0,43.0,33.0,22.0,48.0,1.2049180327868851,1,0.4098360655737705,0,100,41,57,1,45,412,278,168,177,274,1.1118661650578878,1.0455985895856226,1.049480871776665,44,44,0.4369906330674266,2.0,1.268089360881811,0.40208735423549663,1.0904761904761904,0.40714285714285714,1.0798301239266355,0.44462715434353295,1.0468868917934684,0.4369906330674266,0,1.2801582069874753,0.34388046583168536,1.13351455068756,0.42684681803645663,1.0798611111111112,0.4375,1.0740389178927385,0.4187233032747983,0.8797846889952152,0.4958133971291866,0.9475524475524476,0.4493006993006993,0.9332983193277311,0.4868697478991597
0.2,0.002,10.0,corn,5,010|012,1,1.4549180327868851,1.6524590163934423,10,10,10,27,0.2540983606557377,-0.1572838156607792,244,1.8278688524590163,0.27459016393442626,1.7581967213114753,0.2540983606557377,85.0,58.0,24.0,23.0,54.0,1.2049180327868851,1,0.4098360655737705,0,100,41,57,1,45,412,278,168,177,274,1.0280315340461172,0.9653258813315931,1.0395354754008204,8,6,0.4801433006788093,2.0,1.1959044284861873,0.4231774338560622,1.0333333333333334,0.47619047619047616,1.0706083416105898,0.49216820226668123,1.0466328424139921,0.4801433006788093,0,1.2568666227202812,0.3903537684025489,1.1350335785097538,0.4291653341861209,1.0804398148148149,0.4247685185185185,1.0580208827717132,0.4849311817750356,0.986244019138756,0.5005980861244019,0.9516317016317016,0.5413752913752914,0.8581932773109244,0.5898109243697479
0.2,0.002,10.0,corn,4,009|011,1,1.088,1.236,11,9,11,66,0.428,0.29745794865309216,250,1.512,0.436,1.444,0.428,133.0,26.0,28.0,15.0,48.0,1.468,3,0.368,4,79,43,11,45,92,433,276,214,133,227,0.9773915774316644,0.9065685753273083,0.9626978627521666,10,8,0.566187785804576,2.0,1.4804955985521202,0.4133309011180436,0.7642857142857145,0.5904761904761905,0.9371907360565973,0.5787279326022682,0.9208009464346402,0.566187785804576,1,1.2736224596689714,0.4226901319924576,1.1640292148508826,0.4888161898965307,0.9226973684210527,0.5622258771929824,0.8639311270125224,0.6035330948121646,0.7547592385218366,0.593505039193729,0.7353896103896105,0.6390692640692641,0.7311776061776062,0.6534749034749034
0.2,0.002,10.0,corn,5,010|012,1,1.3934426229508197,1.6811475409836067,22,8,22,28,0.2786885245901639,-0.3498913896096061,244,1.8565573770491803,0.27459016393442626,1.848360655737705,0.2786885245901639,109.0,53.0,25.0,14.0,43.0,1.2049180327868851,1,0.4098360655737705,0,100,41,57,1,45,412,278,168,177,274,1.0819042220158903,0.8079589205328045,0.9168772871597101,8,8,0.49834835481321804,2.0,1.127256093605869,0.4459440396119699,0.9976190476190476,0.46904761904761905,0.9711554766409645,0.5102145297191426,0.950883517892783,0.49834835481321804,1,1.2827949901120634,0.4034278180619644,1.0280620402942118,0.4974416373520947,0.8715277777777777,0.5266203703703703,0.9640484100616991,0.5061699098243949,0.8944377990430622,0.5035885167464115,0.8327505827505828,0.49184149184149184,0.7825630252100841,0.5593487394957983
0.2,0.003,10.0,corn,1,002|006,1,1.2809523809523808,1.6314285714285712,8,3,8,25,0.319047619047619,-0.0782103825136613,210,1.5571428571428572,0.3238095238095238,1.5047619047619047,0.319047619047619,26.0,37.0,68.0,33.0,46.0,1.1238095238095238,1,0.46190476190476193,0,97,35,53,57,7,415,284,172,121,312,1.2026640071896033,1.072117809365087,1.135192410767133,3,3,0.44314686568557843,2.0,1.2001305473625083,0.41126984690410967,1.461904761904762,0.3738095238095238,1.1751634931481678,0.4950923099235826,1.194711927723131,0.44314686568557843,1,1.411681344265614,0.35777912744204876,1.503032345013477,0.3436657681940701,1.5282939189189189,0.3298141891891892,1.215843023255814,0.4593023255813954,1.0582358674463936,0.4895224171539961,0.8712121212121212,0.5568181818181819,0.7746848739495797,0.5651260504201681
0.2,0.003,10.0,corn,0,001|005,0,1.348360655737705,1.5852459016393445,8,5,8,25,0.23770491803278687,0.03304495427914367,244,1.6639344262295082,0.32786885245901637,1.680327868852459,0.23770491803278687,64.0,94.0,58.0,10.0,18.0,1.209016393442623,3,0.3770491803278688,4,49,17,48,59,92,463,302,177,119,227,1.265722762445474,1.1990492735491405,1.2502133634152053,3,3,0.38972958248835354,2.0,1.3089567053935707,0.3012448355098204,1.2642857142857142,0.3952380952380953,1.2524626903374667,0.4257626361244474,1.2533708029778259,0.38972958248835354,1,1.297332846181951,0.31589331384727803,1.4006379585326953,0.3255980861244019,1.2940384615384617,0.40807692307692306,1.4020094562647754,0.3598108747044917,1.2988095238095239,0.38630952380952377,1.1245173745173744,0.4391891891891892,0.95625,0.49322916666666666
0.2,0.003,10.0,corn,1,002|006,0,1.1571428571428573,1.6104761904761904,16,12,16,33,0.28095238095238095,-0.11495100297975602,210,1.6952380952380952,0.2761904761904762,1.6714285714285715,0.28095238095238095,74.0,33.0,32.0,18.0,53.0,1.1238095238095238,1,0.46190476190476193,0,97,35,53,57,7,415,284,172,121,312,1.2647379348237981,1.08293021026854,1.156307564483172,3,3,0.4392882036091629,2.0,1.258133616933148,0.3908889089104498,1.2976190476190477,0.37857142857142856,1.1472666018888986,0.468508198866086,1.1394851754749327,0.4392882036091629,1,1.3891588217430915,0.3701791679319769,1.460130278526505,0.3247978436657682,1.4695945945945947,0.32094594594594594,1.2661700581395348,0.3815406976744186,1.081627680311891,0.46466861598440545,0.7803030303030303,0.5416666666666667,0.5294117647058824,0.671218487394958
0.2,0.003,10.0,corn,0,001|005,1,1.528688524590164,1.6131147540983608,30,28,30,35,0.3155737704918033,0.07486546674994166,244,1.6229508196721312,0.3360655737704918,1.639344262295082,0.3155737704918033,89.0,56.0,53.0,17.0,29.0,1.209016393442623,3,0.3770491803278688,4,49,17,48,59,92,463,302,177,119,227,1.3441579851850278,1.1110813309040517,1.1625346152780676,12,4,0.3980228035987835,2.0,1.2802375787191265,0.3540548331950192,1.3666666666666665,0.35,1.2220015515024683,0.42687797417422424,1.2053334279211594,0.3980228035987835,1,1.3343076360979174,0.3196565582754841,1.3700956937799043,0.36555023923444974,1.2957692307692308,0.39711538461538465,1.3152482269503545,0.3864066193853428,1.1952380952380952,0.4107142857142857,1.095945945945946,0.4046332046332046,0.8307291666666667,0.5020833333333333
0.2,0.003,10.0,corn,2,003|007,0,1.2945736434108528,1.6062015503875968,3,3,3,27,0.2441860465116279,0.35311399579105285,258,1.3953488372093024,0.29069767441860467,1.2945736434108528,0.2441860465116279,25.0,78.0,63.0,49.0,43.0,1.4224806201550388,1,0.32170542635658916,4,74,72,14,15,83,438,247,211,163,236,0.8367635579167939,0.6002901357038937,0.7629005487655359,4,4,0.4953351020797386,2.0,1.1828299105514826,0.3514808755155058,0.8476190476190475,0.4928571428571429,0.8060494245430837,0.512944086298099,0.8163238745304571,0.4953351020797386,1,1.1488875840020878,0.4506100345795002,0.8898809523809523,0.4905753968253968,0.8421230561189994,0.4727856659905342,0.7245693191140279,0.5035890073831009,0.7371697154471545,0.48958333333333337,0.748546511627907,0.4988695090439277,0.6230899830220713,0.5613327674023769
0.2,0.003,10.0,corn,2,003|007,1,1.3682170542635659,1.611627906976744,7,3,7,27,0.313953488372093,0.22351492183799138,258,1.4883720930232558,0.3178294573643411,1.430232558139535,0.313953488372093,46.0,80.0,51.0,22.0,59.0,1.4224806201550388,1,0.32170542635658916,4,74,72,14,15,83,438,247,211,163,236,0.6396483738256911,0.610438291549082,0.6478917564245494,6,5,0.5567763402884767,2.0,1.014682262562474,0.4187600665965303,0.5714285714285715,0.6023809523809525,0.5761180187670646,0.5848500864864714,0.610438291549082,0.5567763402884767,1,0.7188295165394402,0.5278593332028447,0.6091269841269842,0.558531746031746,0.637001352265044,0.5332995267072346,0.619667760459393,0.5533223954060705,0.5816819105691058,0.5703760162601625,0.5486111111111112,0.5825258397932817,0.5581494057724957,0.5715195246179966
0.2,0.003,10.0,corn,3,004|008,1,1.3375,1.3555555555555554,28,21,28,29,0.2916666666666667,0.06809160305343509,240,1.3125,0.3125,1.3375,0.2916666666666667,39.0,39.0,103.0,27.0,32.0,0.5375,1,0.4708333333333333,0,113,111,42,1,0,399,208,183,177,319,0.5841532323599291,0.49193356145389366,0.5354080661999419,4,3,0.5095785586422168,2.0,0.5983756339450015,0.4693021537838052,0.6,0.49285714285714294,0.5679907547899106,0.5117212871762867,0.5506596537680828,0.5095785586422168,1,0.7268936234741072,0.40249450299492,0.6026193633952255,0.4510941644562334,0.6881774387796067,0.4044560417503011,0.5133928571428572,0.5342261904761905,0.43856065367693275,0.6021370207416719,0.4161184210526316,0.6036184210526316,0.46885521885521886,0.569023569023569
0.2,0.003,10.0,corn,3,004|008,0,1.3416666666666666,1.5208333333333333,10,8,10,46,0.3458333333333333,-0.003882943460554955,240,1.625,0.3125,1.5083333333333333,0.3458333333333333,61.0,76.0,19.0,12.0,72.0,0.5375,1,0.4708333333333333,0,113,111,42,1,0,399,208,183,177,319,0.561968964022746,0.4930743980383775,0.5201165772297454,26,21,0.5346917588357695,2.0,0.5988133576358069,0.466452939985621,0.6190476190476191,0.5071428571428571,0.5400677559693078,0.5369444705447199,0.5345933272424164,0.5346917588357695,1,0.6631662749260747,0.4621275305178558,0.5941644562334217,0.473474801061008,0.5205740666399037,0.5366318747490968,0.49702380952380953,0.5550595238095238,0.4742300439974859,0.5897234443746072,0.5115131578947368,0.5542763157894737,0.48148148148148145,0.5715488215488216
0.2,0.003,10.0,corn,4,009|011,0,0.912,1.1360000000000001,4,3,4,30,0.444,0.6172417854198564,250,0.876,0.588,0.92,0.444,50.0,87.0,15.0,40.0,58.0,1.468,3,0.368,4,79,43,11,45,92,433,276,214,133,227,0.9958195967607749,0.8973094257383947,1.0153173198659433,10,6,0.5072776522918515,2.0,1.5756717372878708,0.3560614452096268,1.4952380952380948,0.3952380952380952,1.1312865970272057,0.5284588687591575,1.1306165216139148,0.5072776522918515,1,1.4139953907395768,0.4189189189189189,1.4363207547169812,0.4323645769933049,1.0682565789473684,0.534265350877193,0.9803220035778175,0.5552325581395349,0.9407894736842105,0.5540313549832027,1.0162337662337664,0.545995670995671,1.0583976833976834,0.5101351351351351
0.2,0.003,10.0,corn,4,009|011,1,1.112,1.2007999999999999,15,14,15,32,0.4,0.41346411835545327,250,1.128,0.468,1.168,0.4,60.0,57.0,46.0,30.0,57.0,1.468,3,0.368,4,79,43,11,45,92,433,276,214,133,227,1.0813621755371066,0.9573579462331921,1.0504825590425428,5,4,0.510659056011602,2.0,1.4804955985521202,0.4133309011180436,1.4166666666666665,0.40952380952380957,1.1829515480313615,0.5282583884370639,1.1470028715485299,0.510659056011602,1,1.4084433270479784,0.4422794887911167,1.3839774802191114,0.46660073037127203,0.9862938596491229,0.553453947368421,0.963886404293381,0.5522137745974955,1.0741881298992162,0.5158174692049272,1.126082251082251,0.5275974025974026,1.0861486486486487,0.5166505791505791
0.2,0.003,10.0,corn,5,010|012,0,1.389344262295082,1.7311475409836063,7,6,7,32,0.28688524590163933,-0.31340630996193863,244,1.7663934426229508,0.3319672131147541,1.7827868852459017,0.28688524590163933,63.0,62.0,53.0,21.0,45.0,1.2049180327868851,1,0.4098360655737705,0,100,41,57,1,45,412,278,168,177,274,1.020428560816012,0.9558322255108407,0.9980532881349887,11,4,0.5327445446223931,2.0,1.1814010153856083,0.4371544521172464,1.0047619047619047,0.49523809523809526,0.966220670739816,0.5369804729936303,0.9558322255108407,0.5327445446223931,1,1.5174686882003956,0.33717864205669085,0.9756955548448992,0.4908858330668372,0.9398148148148149,0.49247685185185186,0.9291646891314664,0.53156146179402,0.8597488038277512,0.5723684210526316,0.7651515151515151,0.6235431235431236,0.703781512605042,0.6811974789915967
0.2,0.003,10.0,corn,5,010|012,1,1.5040983606557377,1.65327868852459,24,21,24,28,0.2827868852459016,-0.27098966662566126,244,1.7745901639344261,0.3114754098360656,1.75,0.2827868852459016,94.0,52.0,40.0,15.0,43.0,1.2049180327868851,1,0.4098360655737705,0,100,41,57,1,45,412,278,168,177,274,1.0735838824680624,0.7754953361171725,0.8949679479045978,6,5,0.5043629885591842,2.0,1.127256093605869,0.4459440396119699,0.9428571428571428,0.5023809523809524,0.9651278977067873,0.5277720627455129,0.949075194061201,0.5043629885591842,1,1.454076027246759,0.3709074928587124,1.0199872081867605,0.4517908538535337,0.8784722222222222,0.46875,0.9537256763170384,0.47698149027052683,0.8893540669856459,0.5290071770334929,0.7331002331002331,0.6054778554778555,0.7148109243697478,0.6276260504201681
0.2,0.005,10.0,corn,0,001|005,1,1.6147540983606556,1.7311475409836068,10,8,10,24,0.24180327868852458,0.02591741418933946,244,1.6926229508196722,0.3073770491803279,1.6188524590163935,0.24180327868852458,56.0,85.0,86.0,12.0,5.0,1.209016393442623,3,0.3770491803278688,4,49,17,48,59,92,463,302,177,119,227,1.1874092269781593,1.0148729857814036,1.1020365658700788,5,3,0.4398470215302813,2.0,1.2802375787191265,0.3540548331950192,1.2333333333333332,0.40476190476190477,1.065885022697983,0.489774047945609,1.1008516458396853,0.4398470215302813,1,1.2979174278407015,0.35414687614176105,1.1838915470494418,0.3928229665071771,1.0765384615384614,0.4369230769230769,1.076595744680851,0.46418439716312054,1.1261904761904762,0.45446428571428577,1.0469111969111968,0.4482625482625483,0.8979166666666667,0.528125
0.2,0.005,10.0,corn,0,001|005,0,1.4098360655737705,1.5229508196721313,19,18,19,29,0.3442622950819672,0.11642352330934325,244,1.569672131147541,0.36885245901639346,1.528688524590164,0.3442622950819672,84.0,46.0,56.0,22.0,36.0,1.209016393442623,3,0.3770491803278688,4,49,17,48,59,92,463,302,177,119,227,1.2586016460694178,1.1170412974399562,1.1732734184587976,8,3,0.46582749844330607,2.0,1.3089567053935707,0.3012448355098204,1.3333333333333335,0.41666666666666663,1.0986160490944465,0.5077951963943754,1.1170412974399562,0.46582749844330607,1,1.1629886737303616,0.40559006211180126,1.166507177033493,0.4464114832535885,1.1115384615384616,0.45615384615384613,1.176595744680851,0.4465721040189125,1.1895833333333334,0.45922619047619045,1.0750965250965252,0.5030888030888031,0.9369791666666667,0.54375
0.2,0.005,10.0,corn,1,002|006,0,1.2476190476190476,1.5504761904761906,13,12,13,30,0.3142857142857143,-0.11914893617021272,210,1.7190476190476192,0.319047619047619,1.6571428571428573,0.3142857142857143,57.0,20.0,54.0,24.0,55.0,1.1238095238095238,1,0.46190476190476193,0,97,35,53,57,7,415,284,172,121,312,1.2605391929531808,0.9964005372286332,1.1615211208374716,9,3,0.4343988882701426,2.0,1.258133616933148,0.3908889089104498,1.3142857142857145,0.37142857142857144,1.1862586994307511,0.4786344657894701,1.1387421872584729,0.4343988882701426,1,1.1584674562202653,0.3949286365016702,1.3936433063791553,0.3473719676549865,1.4881756756756757,0.30278716216216217,1.1813226744186047,0.4298691860465116,1.0833333333333335,0.45248538011695905,0.7954545454545454,0.5681818181818181,0.8707983193277311,0.5451680672268908
0.2,0.005,10.0,corn,1,002|006,1,1.276190476190476,1.618095238095238,4,3,4,25,0.22857142857142856,-0.08786539186456932,210,1.7142857142857142,0.28095238095238095,1.5857142857142856,0.22857142857142856,9.0,78.0,48.0,21.0,54.0,1.1238095238095238,1,0.46190476190476193,0,97,35,53,57,7,415,284,172,121,312,0.978801154776904,0.978801154776904,1.061600457724309,3,3,0.46214298033705425,2.0,1.2001305473625083,0.41126984690410967,1.2119047619047616,0.43333333333333335,1.1480632784435034,0.48815049040119274,1.098403356251808,0.46214298033705425,1,1.334041907075615,0.38814657353983195,1.3973495058400718,0.32603324348607365,1.4954954954954955,0.3193975225225225,1.2162063953488373,0.3968023255813954,1.0029239766081872,0.5038986354775828,0.7196969696969697,0.6174242424242424,0.523109243697479,0.6832983193277311
0.2,0.005,10.0,corn,2,003|007,0,1.3410852713178294,1.6224806201550386,8,8,8,36,0.20155038759689922,0.0446608905751551,258,1.7093023255813953,0.2364341085271318,1.678294573643411,0.20155038759689922,67.0,59.0,63.0,21.0,48.0,1.4224806201550388,1,0.32170542635658916,4,74,72,14,15,83,438,247,211,163,236,0.6987926095238299,0.6501105915243095,0.6978770270777036,7,4,0.5045116025599556,2.0,1.1828299105514826,0.3514808755155058,0.7833333333333334,0.4976190476190476,0.700807007350008,0.5515324907450595,0.7540367587494435,0.5045116025599556,1,0.8942063026032492,0.4626802374893978,0.9107142857142857,0.4236111111111111,0.940922920892495,0.4224137931034483,0.736771944216571,0.5181501230516817,0.6070884146341464,0.5763465447154472,0.6354974160206719,0.5466731266149871,0.5530560271646858,0.5817062818336163
0.2,0.005,10.0,corn,2,003|007,1,1.4651162790697674,1.693798449612403,8,6,8,36,0.1511627906976744,-0.20625490867350016,258,1.937984496124031,0.17054263565891473,1.9031007751937985,0.1511627906976744,81.0,71.0,53.0,39.0,14.0,1.4224806201550388,1,0.32170542635658916,4,74,72,14,15,83,438,247,211,163,236,0.7751375261128628,0.6209264350563891,0.7446932533155713,7,3,0.5418909604261771,2.0,1.014682262562474,0.4187600665965303,0.7119047619047618,0.5714285714285714,0.7246508866334294,0.5601686518059488,0.7236288553958649,0.5418909604261771,1,0.8171201148300384,0.5289358648137275,0.84375,0.5183531746031746,0.7156017579445572,0.5246788370520622,0.7008818703855619,0.5641919606234618,0.6878810975609756,0.5494156504065041,0.6821705426356589,0.5558785529715762,0.6179966044142615,0.5517826825127334
0.2,0.005,10.0,corn,3,004|008,0,1.1875,1.5108333333333335,10,8,10,26,0.325,-0.007064752733654256,240,1.6541666666666666,0.2916666666666667,1.5541666666666667,0.325,39.0,72.0,47.0,5.0,77.0,0.5375,1,0.4708333333333333,0,113,111,42,1,0,399,208,183,177,319,0.5083619981698658,0.494296419180259,0.5138405571345818,3,3,0.5284215478905263,2.0,0.5988133576358069,0.466452939985621,0.6214285714285714,0.4761904761904762,0.5465153743420522,0.5287752933468157,0.5266775131365057,0.5284215478905263,1,0.6021684737281068,0.46531200242626436,0.5755968169761274,0.4631962864721485,0.5227820152549176,0.5385387394620634,0.5126488095238095,0.5558035714285714,0.498585795097423,0.559553739786298,0.4909539473684211,0.5550986842105263,0.484006734006734,0.5614478114478114
0.2,0.005,10.0,corn,3,004|008,1,0.6041666666666666,0.6041666666666666,27,27,27,30,0.4708333333333333,0.0,240,0.6041666666666666,0.4708333333333333,0.6041666666666666,0.4708333333333333,240.0,0.0,0.0,0.0,0.0,0.5375,1,0.4708333333333333,0,113,111,42,1,0,399,208,183,177,319,0.5394490660205343,0.49593102461252697,0.5334485497585362,9,6,0.5553802509384484,2.0,0.5983756339450015,0.4693021537838052,0.5619047619047619,0.5404761904761904,0.5078759530337333,0.5478504047459456,0.49593102461252697,0.5553802509384484,1,0.5301008416104329,0.5029570096292365,0.4830901856763926,0.5523872679045092,0.5699518265756724,0.533821758329988,0.4479166666666667,0.5885416666666666,0.4676304211187932,0.5846951602765555,0.4921875,0.5604440789473684,0.48063973063973064,0.5648148148148148
0.2,0.005,10.0,corn,4,009|011,0,1.028,1.1792,5,4,5,33,0.328,0.4899105237542586,250,1.148,0.508,1.084,0.328,16.0,92.0,55.0,45.0,42.0,1.468,3,0.368,4,79,43,11,45,92,433,276,214,133,227,1.0400597292215294,0.7713788076167226,0.8981657169198576,13,3,0.5593670379828279,2.0,1.5756717372878708,0.3560614452096268,1.0499999999999998,0.45476190476190476,0.8796151282630229,0.5913319143573752,0.8552628055800874,0.5593670379828279,1,1.2121307353865494,0.48208673790069134,1.0735696895922093,0.5036518563603165,0.8100328947368421,0.5490679824561404,0.8194320214669053,0.5522137745974955,0.7742161254199329,0.5922452407614781,0.7202380952380953,0.6076839826839826,0.5772200772200772,0.6286196911196912
0.2,0.005,10.0,corn,4,009|011,1,1.112,1.1927999999999999,14,4,14,37,0.38,0.34932470455824416,250,1.244,0.452,1.24,0.38,49.0,64.0,33.0,44.0,60.0,1.468,3,0.368,4,79,43,11,45,92,433,276,214,133,227,0.9726287648442717,0.8074477868527368,0.8663022307706789,15,13,0.566128924526869,2.0,1.4804955985521202,0.4133309011180436,0.7952380952380953,0.5499999999999999,0.8456905669281233,0.594950919609257,0.8435412274495208,0.566128924526869,1,1.4188141630002096,0.444165095327886,1.1169354838709677,0.4988587948874011,0.9029605263157895,0.5608552631578947,0.8112701252236136,0.5616055456171735,0.581047032474804,0.6335386338185891,0.5773809523809523,0.623917748917749,0.49638030888030893,0.63996138996139
0.2,0.005,10.0,corn,5,010|012,0,1.3565573770491803,1.3852459016393444,27,27,27,35,0.4098360655737705,0.0,244,1.3852459016393444,0.4098360655737705,1.3852459016393444,0.4098360655737705,244.0,0.0,0.0,0.0,0.0,1.2049180327868851,1,0.4098360655737705,0,100,41,57,1,45,412,278,168,177,274,1.4871954313374847,0.8955846850983187,0.9478752403242166,5,4,0.5317443755230689,2.0,1.1814010153856083,0.4371544521172464,1.0023809523809524,0.5142857142857143,0.9817169539720689,0.5239889429903655,0.9389601267140371,0.5317443755230689,1,1.033179520984399,0.474291364535267,1.0426127278541735,0.49984010233450593,0.9641203703703703,0.4930555555555556,1.0630042714760324,0.469031798766018,0.8391148325358853,0.5666866028708134,0.8129370629370629,0.5827505827505828,0.8177521008403361,0.6365546218487395
0.2,0.005,10.0,corn,5,010|012,1,1.401639344262295,1.717213114754098,28,12,28,29,0.26229508196721313,-0.25775199974505236,244,1.7254098360655739,0.29508196721311475,1.721311475409836,0.26229508196721313,104.0,42.0,40.0,28.0,30.0,1.2049180327868851,1,0.4098360655737705,0,100,41,57,1,45,412,278,168,177,274,1.0277114490992336,0.8770349181772834,0.9146767614593176,15,6,0.5095207395760997,2.0,1.127256093605869,0.4459440396119699,0.9952380952380953,0.4976190476190476,0.9736016080965557,0.5414022039254744,0.9713589740520152,0.5095207395760997,1,1.2611513952977367,0.4255108767303889,1.0143907898944675,0.46210425327790217,0.9699074074074074,0.48553240740740744,1.02515424774561,0.503203607024205,0.9901315789473685,0.4706937799043062,0.8129370629370629,0.5804195804195804,0.7258403361344538,0.6391806722689075
0.2,0.01,10.0,corn,0,001|005,0,1.5081967213114753,1.6491803278688526,4,3,4,27,0.16393442622950818,0.049179484541385876,244,1.7745901639344261,0.29098360655737704,1.5942622950819672,0.16393442622950818,20.0,122.0,84.0,18.0,0.0,1.209016393442623,3,0.3770491803278688,4,49,17,48,59,92,463,302,177,119,227,1.2172489956775898,1.0562250115310767,1.1497056102833945,4,3,0.38668119205133983,2.0,1.3089567053935707,0.3012448355098204,1.4166666666666665,0.3261904761904762,1.1812508005661573,0.45286844741266097,1.2172489956775898,0.38668119205133983,1,1.3005115089514065,0.27734746072341976,1.233572567783094,0.3475279106858054,1.1451923076923078,0.4375,1.2529550827423166,0.3979905437352246,1.25625,0.4044642857142857,1.185907335907336,0.42683397683397684,1.1463541666666668,0.41510416666666666
0.2,0.01,10.0,corn,0,001|005,1,1.8360655737704918,2.166393442622951,3,3,3,24,0.18442622950819673,-0.03541887827317747,244,2.057377049180328,0.19672131147540983,2.012295081967213,0.18442622950819673,112.0,123.0,9.0,0.0,0.0,1.209016393442623,3,0.3770491803278688,4,49,17,48,59,92,463,302,177,119,227,1.2602937176433595,1.2036945852280738,1.6907117512331662,3,3,0.37227613401451853,2.0,1.2802375787191265,0.3540548331950192,1.3452380952380951,0.3571428571428571,1.2077095986458997,0.46493478494934776,1.2602937176433595,0.37227613401451853,1,1.2544391669711363,0.25922542930215564,1.310207336523126,0.29330143540669856,1.2298076923076922,0.4128846153846154,1.297399527186761,0.3921985815602837,1.332142857142857,0.39166666666666666,1.26003861003861,0.42644787644787646,1.1380208333333333,0.43020833333333336
0.2,0.01,10.0,corn,1,002|006,0,1.2619047619047619,1.2619047619047619,9,9,9,24,0.46190476190476193,0.0,210,1.2619047619047619,0.46190476190476193,1.2619047619047619,0.46190476190476193,210.0,0.0,0.0,0.0,0.0,1.1238095238095238,1,0.46190476190476193,0,97,35,53,57,7,415,284,172,121,312,1.1882371299341723,1.0256903326809366,1.1019870648320993,5,3,0.43881732782916927,2.0,1.258133616933148,0.3908889089104498,1.2571428571428571,0.39761904761904765,1.1369092329914432,0.5138907157563803,1.1048373731815198,0.43881732782916927,1,1.4589533353578297,0.3341431318959409,1.4822551662174304,0.3523135669362084,1.4275056306306306,0.3464245495495496,1.236736918604651,0.4418604651162791,0.9066764132553606,0.45394736842105265,0.6818181818181819,0.5416666666666666,0.5399159663865546,0.6013655462184874
0.2,0.01,10.0,corn,1,002|006,1,1.1666666666666667,1.2428571428571429,8,8,8,24,0.46190476190476193,0.0,210,1.2619047619047619,0.46190476190476193,1.2619047619047619,0.46190476190476193,210.0,0.0,0.0,0.0,0.0,1.1238095238095238,1,0.46190476190476193,0,97,35,53,57,7,415,284,172,121,312,1.1882371299341723,0.9643673180841456,1.0608228675070326,4,3,0.41513022994542675,2.0,1.2001305473625083,0.41126984690410967,1.3928571428571428,0.3380952380952381,1.213768524471139,0.4805893582136126,1.1679215541597618,0.41513022994542675,1,1.393713938657759,0.3543880959611297,1.3961141060197666,0.3721922731356694,1.564189189189189,0.3178490990990991,1.3308502906976745,0.350109011627907,1.1111111111111112,0.43128654970760233,0.7234848484848484,0.5265151515151516,0.6559873949579832,0.5535714285714286
0.2,0.01,10.0,corn,2,003|007,0,1.1395348837209303,1.558139534883721,4,3,4,27,0.16666666666666666,-0.3395406937638128,258,2.046511627906977,0.17054263565891473,2.0193798449612403,0.16666666666666666,120.0,76.0,43.0,16.0,3.0,1.4224806201550388,1,0.32170542635658916,4,74,72,14,15,83,438,247,211,163,236,0.8086205160710449,0.589937587811288,0.6423655345594483,7,6,0.5144539003504612,2.0,1.1828299105514826,0.3514808755155058,0.6499999999999999,0.530952380952381,0.6158349859592078,0.606265532357463,0.6981992503888518,0.5144539003504612,1,0.9152802244405298,0.49321458863443596,0.9459325396825397,0.4444444444444444,0.7276876267748479,0.4919709263015551,0.7061115668580804,0.4927194421657096,0.5851117886178863,0.542555894308943,0.5626614987080103,0.5384366925064599,0.4446095076400679,0.5978353140916808
0.2,0.01,10.0,corn,2,003|007,1,1.2906976744186047,1.7209302325581397,7,7,7,28,0.1937984496124031,-0.16154961127948364,258,1.996124031007752,0.22093023255813954,1.8953488372093024,0.1937984496124031,111.0,77.0,34.0,23.0,13.0,1.4224806201550388,1,0.32170542635658916,4,74,72,14,15,83,438,247,211,163,236,0.6298416196477116,0.6298416196477116,0.7147225671418689,6,4,0.4930737058032436,2.0,1.014682262562474,0.4187600665965303,0.7952380952380953,0.45952380952380956,0.6700882232440115,0.5720987066847807,0.7330536756092847,0.4930737058032436,1,0.9172701768121616,0.4494030142885105,0.75,0.4955357142857143,0.7822008113590264,0.43061189993238674,0.8587981952420016,0.45498359310910585,0.655614837398374,0.5233739837398375,0.6613372093023255,0.5209948320413437,0.5061544991511036,0.5766129032258065
0.2,0.01,10.0,corn,3,004|008,0,0.6041666666666666,0.6041666666666666,8,8,8,26,0.4708333333333333,0.0,240,0.6041666666666666,0.4708333333333333,0.6041666666666666,0.4708333333333333,240.0,0.0,0.0,0.0,0.0,0.5375,1,0.4708333333333333,0,113,111,42,1,0,399,208,183,177,319,0.5394490660205343,0.4970459468235638,0.5322536378146383,7,6,0.5090798260866617,2.0,0.5988133576358069,0.466452939985621,0.44999999999999996,0.5666666666666668,0.5394490660205343,0.5090798260866617,0.5394490660205343,0.5090798260866617,1,0.5961786337099098,0.47406930017438775,0.5953249336870026,0.47795092838196285,0.552488960256925,0.49468085106382975,0.53125,0.515625,0.5251414204902577,0.521370207416719,0.47491776315789475,0.5579769736842105,0.5008417508417509,0.5218855218855218
0.2,0.01,10.0,corn,3,004|008,1,0.6041666666666666,0.6041666666666666,9,9,9,27,0.4708333333333333,0.0,240,0.6041666666666666,0.4708333333333333,0.6041666666666666,0.4708333333333333,240.0,0.0,0.0,0.0,0.0,0.5375,1,0.4708333333333333,0,113,111,42,1,0,399,208,183,177,319,0.5394490660205343,0.48892462024684713,0.5230262193216904,7,3,0.5090798260866617,2.0,0.5983756339450015,0.4693021537838052,0.44999999999999996,0.5666666666666668,0.5394490660205343,0.5090798260866617,0.5394490660205343,0.5090798260866617,1,0.5961786337099098,0.47406930017438775,0.5953249336870026,0.47795092838196285,0.552488960256925,0.49468085106382975,0.53125,0.515625,0.5251414204902577,0.521370207416719,0.47491776315789475,0.5579769736842105,0.5008417508417509,0.5218855218855218
0.2,0.01,10.0,corn,4,009|011,0,1.124,1.3943999999999999,3,3,3,24,0.156,-0.07583859209660071,250,2.164,0.268,1.76,0.156,0.0,196.0,52.0,2.0,0.0,1.468,3,0.368,4,79,43,11,45,92,433,276,214,133,227,0.8287997461815114,0.8287997461815114,0.9646882074905759,4,3,0.4782394888861575,2.0,1.5756717372878708,0.3560614452096268,1.0,0.46904761904761905,1.090279181589199,0.5600209744253866,1.0820202648897344,0.4782394888861575,1,1.566624764299183,0.34600879949717156,1.4382988435788193,0.369750456482045,1.031798245614035,0.5027412280701755,1.0483005366726297,0.487701252236136,0.9232922732362822,0.5117581187010078,0.8365800865800865,0.5503246753246753,0.7292471042471043,0.5793918918918919
0.2,0.01,10.0,corn,5,010|012,0,1.3852459016393444,1.3852459016393444,7,7,7,25,0.4098360655737705,0.0,244,1.3852459016393444,0.4098360655737705,1.3852459016393444,0.4098360655737705,244.0,0.0,0.0,0.0,0.0,1.2049180327868851,1,0.4098360655737705,0,100,41,57,1,45,412,278,168,177,274,1.4871954313374847,0.8641289046534368,1.080513713753245,3,3,0.45939007137618043,2.0,1.1814010153856083,0.4371544521172464,1.0119047619047619,0.4119047619047619,1.0110728691194624,0.4881935256049561,1.0081665869470693,0.45939007137618043,1,1.00878927708196,0.4458360799824214,1.0775503677646305,0.42724656220019186,1.1475694444444444,0.4079861111111111,1.0606312292358804,0.44648789748457524,1.0044856459330145,0.4593301435406698,0.8962703962703964,0.48892773892773894,0.8618697478991596,0.5399159663865546
0.2,0.01,10.0,corn,4,009|011,1,1.184,1.4376000000000002,3,3,3,26,0.124,0.3129152167035747,250,1.124,0.444,1.296,0.124,0.0,50.0,122.0,78.0,0.0,1.468,3,0.368,4,79,43,11,45,92,433,276,214,133,227,0.9871684728237327,0.8350478696389712,0.9507958397130686,5,3,0.555363124170285,2.0,1.4804955985521202,0.4133309011180436,0.7595238095238094,0.5619047619047619,0.8829849993378984,0.5922172304469806,0.8350478696389712,0.555363124170285,1,1.1781898177247014,0.41912843075633777,1.2608034083992696,0.4275715155203895,1.0054824561403508,0.5293311403508772,0.8795840787119856,0.5307468694096601,0.5279955207166853,0.6254199328107503,0.48917748917748916,0.6396103896103896,0.5041023166023166,0.7157335907335907
0.2,0.01,10.0,corn,5,010|012,1,1.3852459016393444,1.3852459016393444,7,7,7,25,0.4098360655737705,0.0,244,1.3852459016393444,0.4098360655737705,1.3852459016393444,0.4098360655737705,244.0,0.0,0.0,0.0,0.0,1.2049180327868851,1,0.4098360655737705,0,100,41,57,1,45,412,278,168,177,274,1.4871954313374847,0.9627495960316874,1.1134779107128057,3,3,0.4682006155462408,2.0,1.127256093605869,0.4459440396119699,1.0214285714285714,0.45,1.1301261225881625,0.4505052912121641,1.014674183806033,0.4682006155462408,1,1.089211162381894,0.47066578773895845,1.0572433642468821,0.44611448672849374,1.097800925925926,0.453125,1.0730897009966778,0.4355719031798766,0.9694976076555024,0.47458133971291866,0.9224941724941725,0.4784382284382284,0.8933823529411764,0.51890756302521
0.25,0.002,10.0,corn,0,001|005,0,1.4836065573770492,1.5565573770491805,6,6,6,28,0.2827868852459016,0.09757156592128535,244,1.4959016393442623,0.3524590163934426,1.4836065573770492,0.2827868852459016,44.0,82.0,73.0,28.0,17.0,1.209016393442623,3,0.3770491803278688,4,49,17,48,59,92,463,302,177,119,227,1.2453522574621116,1.124189967623197,1.1869378929046561,8,6,0.3745971206189713,2.0,1.3089567053935707,0.3012448355098204,1.2452380952380953,0.3619047619047619,1.1397703704765627,0.4284404978771559,1.1798418737124798,0.3745971206189713,1,1.4470222871757399,0.24778955060284985,1.2511164274322168,0.3078947368421052,1.2413461538461539,0.3519230769230769,1.2111111111111112,0.38569739952718674,1.2014880952380953,0.4101190476190476,1.0245173745173746,0.4328185328185328,0.8822916666666667,0.4859375
0.25,0.002,10.0,corn,1,002|006,0,1.1238095238095238,1.6066666666666667,16,3,16,24,0.30952380952380953,-0.03818021476370803,210,1.6761904761904762,0.29523809523809524,1.5761904761904761,0.30952380952380953,50.0,46.0,26.0,40.0,48.0,1.1238095238095238,1,0.46190476190476193,0,97,35,53,57,7,415,284,172,121,312,1.3625977671777414,1.0664648722487349,1.184758449311611,5,3,0.42778534936638385,2.0,1.258133616933148,0.3908889089104498,1.3238095238095235,0.3738095238095238,1.1641344631578492,0.4757216154134888,1.1538098341393592,0.42778534936638385,1,1.2656645409454397,0.39249924081384757,1.4678796046720575,0.29548517520215634,1.5840371621621623,0.2829391891891892,1.1700581395348837,0.34429505813953487,0.9385964912280702,0.4814814814814815,0.8825757575757576,0.5643939393939394,0.7678571428571428,0.6334033613445378
0.25,0.002,10.0,corn,0,001|005,1,1.540983606557377,1.621311475409836,8,7,8,25,0.3319672131147541,0.07000599073270342,244,1.75,0.3401639344262295,1.651639344262295,0.3319672131147541,107.0,40.0,68.0,13.0,16.0,1.209016393442623,3,0.3770491803278688,4,49,17,48,59,92,463,302,177,119,227,1.2061872790372423,1.1724326625264765,1.2153149674480996,3,3,0.38961877526788136,2.0,1.2802375787191265,0.3540548331950192,1.3904761904761906,0.32857142857142857,1.19108147100492,0.42848078537130685,1.2114619160648514,0.38961877526788136,1,1.2403726708074534,0.28995250274022655,1.2196172248803827,0.3382775119617225,1.2151923076923077,0.3869230769230769,1.2210401891252953,0.4187943262411348,1.2764880952380953,0.41577380952380955,1.2247104247104246,0.4328185328185328,1.0828125,0.4447916666666667
0.25,0.002,10.0,corn,1,002|006,1,1.1714285714285715,1.638095238095238,4,4,4,41,0.1761904761904762,-0.16167448574521814,210,2.019047619047619,0.19047619047619047,1.776190476190476,0.1761904761904762,14.0,75.0,38.0,16.0,67.0,1.1238095238095238,1,0.46190476190476193,0,97,35,53,57,7,415,284,172,121,312,1.1550423797279055,1.1302654616986663,1.187372625030687,10,6,0.4223048655658227,2.0,1.2001305473625083,0.41126984690410967,1.361904761904762,0.3619047619047619,1.2433039896624725,0.4484289106735283,1.2181911390378461,0.4223048655658227,1,1.6021358437088775,0.3362688531227857,1.4430592991913747,0.340633423180593,1.3968186936936937,0.40202702702702703,1.2623546511627906,0.37390988372093026,1.2136939571150096,0.40253411306042886,0.893939393939394,0.5151515151515151,0.7153361344537814,0.585609243697479
0.25,0.002,10.0,corn,2,003|007,1,1.1434108527131783,1.572093023255814,3,3,3,25,0.10852713178294573,-0.20324682259959403,258,1.937984496124031,0.2131782945736434,1.9147286821705427,0.10852713178294573,64.0,31.0,95.0,54.0,14.0,1.4224806201550388,1,0.32170542635658916,4,74,72,14,15,83,438,247,211,163,236,0.8362676573050553,0.5283686909249692,0.77288836653737,3,3,0.4866775423938384,2.0,1.014682262562474,0.4187600665965303,0.8261904761904761,0.49047619047619045,0.8287463193222722,0.5210308503394547,0.8362676573050553,0.4866775423938384,1,0.8864422261368826,0.537482873360736,0.9384920634920635,0.46577380952380953,0.9699121027721433,0.43475321162947933,0.9617514356029533,0.44411402789171456,0.7599085365853658,0.4686229674796748,0.7819767441860466,0.47577519379844957,0.5553904923599321,0.580220713073005
0.25,0.002,10.0,corn,3,004|008,0,1.0583333333333333,1.361111111111111,24,12,24,25,0.3416666666666667,0.03409795412275274,240,1.3041666666666667,0.3458333333333333,1.2791666666666666,0.3416666666666667,90.0,41.0,34.0,44.0,31.0,0.5375,1,0.4708333333333333,0,113,111,42,1,0,399,208,183,177,319,0.669564712836046,0.4863722485191113,0.5280644328434416,4,3,0.5598162444856357,2.0,0.5988133576358069,0.466452939985621,0.48571428571428577,0.5690476190476191,0.5027743808155716,0.5584235440100429,0.4863722485191113,0.5598162444856357,1,0.6865569793009326,0.41439836227159,0.506631299734748,0.514920424403183,0.5493777599357688,0.5260939381774388,0.47395833333333337,0.5684523809523809,0.40760527969830296,0.6272784412319297,0.40337171052631576,0.6295230263157895,0.3771043771043771,0.6380471380471381
0.25,0.002,10.0,corn,2,003|007,0,1.5193798449612403,1.6426356589147286,17,8,17,40,0.26356589147286824,0.08073421066922515,258,1.682170542635659,0.26356589147286824,1.6705426356589148,0.26356589147286824,64.0,60.0,35.0,44.0,55.0,1.4224806201550388,1,0.32170542635658916,4,74,72,14,15,83,438,247,211,163,236,1.0028766440526384,0.825185795784888,0.8899961504268508,8,4,0.4723975559978387,2.0,1.1828299105514826,0.3514808755155058,0.8738095238095238,0.47857142857142865,0.8637004763818038,0.4944788405892364,0.8395823327567205,0.4723975559978387,1,1.2257780387551378,0.39368434788282114,1.1071428571428572,0.4171626984126984,0.6752028397565923,0.5288201487491548,0.6991386382280558,0.5141509433962264,0.7251016260162602,0.5086382113821137,0.7902131782945736,0.45833333333333337,0.6544991511035654,0.4859932088285229
0.25,0.002,10.0,corn,3,004|008,1,1.4041666666666666,1.4591666666666667,26,25,26,31,0.25416666666666665,-0.008558049410624768,240,1.6,0.25,1.5625,0.25416666666666665,49.0,35.0,74.0,26.0,56.0,0.5375,1,0.4708333333333333,0,113,111,42,1,0,399,208,183,177,319,0.6379902053287252,0.5197733127514513,0.574206597386433,3,3,0.48236932318518344,2.0,0.5983756339450015,0.4693021537838052,0.6428571428571428,0.44999999999999996,0.616029896808641,0.4861780763189631,0.5861879755709916,0.48236932318518344,1,0.5870043217833043,0.4859731594510577,0.6092506631299734,0.4510941644562334,0.6035728623042955,0.5096346848655159,0.5944940476190477,0.49404761904761907,0.5845380263984915,0.4677875549968573,0.5587993421052632,0.48067434210526316,0.5656565656565656,0.4873737373737374
0.25,0.002,10.0,corn,4,009|011,1,0.956,1.168,5,5,5,34,0.392,0.3761556698102818,250,1.356,0.456,1.284,0.392,92.0,59.0,32.0,38.0,29.0,1.468,3,0.368,4,79,43,11,45,92,433,276,214,133,227,1.1312707729874742,0.8791267881604354,0.9574478832362171,8,7,0.5414606941019146,2.0,1.4804955985521202,0.4133309011180436,0.8309523809523811,0.5666666666666667,0.9277731439056017,0.5595792460933273,0.9232624236949157,0.5414606941019146,1,1.2414623926251833,0.4680494447936308,1.1335209981740717,0.487522824102252,0.9166666666666666,0.5441337719298245,0.8745527728085868,0.5656305903398926,0.8694008958566629,0.5186170212765957,0.7353896103896104,0.5865800865800865,0.6918436293436293,0.6196911196911197
0.25,0.002,10.0,corn,4,009|011,0,1.08,1.1743999999999999,17,6,17,35,0.46,0.43589062914786303,250,1.12,0.488,1.132,0.46,67.0,57.0,22.0,36.0,68.0,1.468,3,0.368,4,79,43,11,45,92,433,276,214,133,227,1.106542480775423,0.9318301384627466,0.9952077952204268,23,14,0.5261350188211862,2.0,1.5756717372878708,0.3560614452096268,0.9880952380952382,0.4976190476190476,0.968890611601877,0.546192710936161,0.9654463062618666,0.5261350188211862,1,1.5232558139534884,0.3768070395977373,1.1398356664637856,0.4547321972002435,1.0038377192982457,0.5263157894736842,0.8308363148479427,0.5734570661896243,0.7830347144456887,0.5859462486002239,0.7656926406926408,0.5817099567099567,0.7116312741312741,0.583976833976834
0.25,0.002,10.0,corn,5,010|012,0,1.348360655737705,1.8043032786885247,29,6,29,31,0.2581967213114754,-0.2687824995517303,244,1.819672131147541,0.2540983606557377,1.8114754098360655,0.2581967213114754,108.0,42.0,29.0,24.0,41.0,1.2049180327868851,1,0.4098360655737705,0,100,41,57,1,45,412,278,168,177,274,1.1783753205610232,0.9266985937268086,0.9736727669268703,12,11,0.5171998133573448,2.0,1.1814010153856083,0.4371544521172464,0.8785714285714286,0.5333333333333333,0.9917857467950226,0.5365973349639542,0.9578170857836701,0.5171998133573448,1,1.3281696330476818,0.3560755877829048,1.1274384393987846,0.44707387272145827,1.0231481481481481,0.49768518518518523,0.9998813478879924,0.5060512577123872,0.8561602870813397,0.5684808612440191,0.7092074592074592,0.6305361305361306,0.6607142857142857,0.6144957983193278
0.25,0.002,10.0,corn,5,010|012,1,1.459016393442623,1.7065573770491802,23,15,23,29,0.27459016393442626,-0.18332153183454292,244,1.75,0.28688524590163933,1.7336065573770492,0.27459016393442626,86.0,48.0,38.0,23.0,49.0,1.2049180327868851,1,0.4098360655737705,0,100,41,57,1,45,412,278,168,177,274,1.0825583296852834,0.8675290208565813,0.9155502321372424,6,4,0.5096134238211959,2.0,1.127256093605869,0.4459440396119699,0.9000000000000001,0.5190476190476191,0.9921804753635003,0.5270914021933462,0.9569261762843193,0.5096134238211959,1,1.2886178861788617,0.4137552186332674,1.0713943076431085,0.4838503357850975,1.0144675925925926,0.4409722222222222,0.9729473184622687,0.4979829140958709,0.8014354066985645,0.5711722488038278,0.7791375291375291,0.5734265734265734,0.7704831932773109,0.5861344537815126
0.25,0.003,10.0,corn,0,001|005,0,1.3729508196721312,1.5344262295081967,6,5,6,31,0.38524590163934425,0.1604968672193493,244,1.4098360655737705,0.4262295081967213,1.401639344262295,0.38524590163934425,81.0,34.0,76.0,28.0,25.0,1.209016393442623,3,0.3770491803278688,4,49,17,48,59,92,463,302,177,119,227,1.2363242452986665,1.1359257117580837,1.1844370428905178,12,6,0.4031807098107345,2.0,1.3089567053935707,0.3012448355098204,1.292857142857143,0.39761904761904765,1.2622755088204163,0.4226875254322301,1.2244974945133884,0.4031807098107345,1,1.3790646693459991,0.29459261965655825,1.256140350877193,0.3661881977671452,1.2109615384615384,0.4023076923076923,1.2601654846335697,0.42458628841607565,1.2717261904761905,0.41607142857142854,1.2277992277992278,0.4252895752895753,0.965625,0.49322916666666666
0.25,0.003,10.0,corn,0,001|005,1,1.4549180327868851,1.5379098360655736,29,25,29,31,0.28688524590163933,0.1242361974801276,244,1.5450819672131149,0.29918032786885246,1.5491803278688525,0.28688524590163933,81.0,49.0,78.0,17.0,19.0,1.209016393442623,3,0.3770491803278688,4,49,17,48,59,92,463,302,177,119,227,1.3518579284718644,1.1059365967265866,1.1465762225371066,8,4,0.45590485573004075,2.0,1.2802375787191265,0.3540548331950192,1.2714285714285714,0.430952380952381,1.1528934391414278,0.4823583162294999,1.1487213996932941,0.45590485573004075,1,1.3069053708439897,0.34877603215199127,1.253189792663477,0.4053429027113238,1.0625,0.5103846153846154,1.1504728132387707,0.46761229314420805,1.1389880952380953,0.4720238095238095,1.175868725868726,0.4538610038610038,0.953125,0.5333333333333333
0.25,0.003,10.0,corn,1,002|006,0,1.1714285714285715,1.6460317460317462,24,3,24,25,0.3238095238095238,-0.07656940563527659,210,1.5571428571428572,0.3142857142857143,1.5285714285714285,0.3238095238095238,88.0,38.0,34.0,8.0,42.0,1.1238095238095238,1,0.46190476190476193,0,97,35,53,57,7,415,284,172,121,312,1.223771509539783,1.0509885339688259,1.0898549636782404,3,3,0.45033994114876824,2.0,1.258133616933148,0.3908889089104498,1.2380952380952381,0.40714285714285714,1.08509552966803,0.502565170183121,1.0823478027663889,0.45033994114876824,1,1.3498329790464623,0.3780240915072376,1.4326145552560647,0.3701707097933513,1.3697916666666665,0.3338963963963964,1.0386991279069768,0.4689316860465116,0.946150097465887,0.4814814814814815,0.7234848484848485,0.5757575757575757,0.7158613445378151,0.5441176470588236
0.25,0.003,10.0,corn,1,002|006,1,1.3142857142857143,1.665714285714286,19,3,19,25,0.28095238095238095,-0.11132563043930266,210,1.6904761904761905,0.29523809523809524,1.7095238095238094,0.28095238095238095,75.0,37.0,25.0,16.0,57.0,1.1238095238095238,1,0.46190476190476193,0,97,35,53,57,7,415,284,172,121,312,1.2382404714990711,1.067756342744251,1.118433486929724,3,3,0.44358445142949476,2.0,1.2001305473625083,0.41126984690410967,1.311904761904762,0.38809523809523805,1.156070424390386,0.47949668012933544,1.154848986621809,0.44358445142949476,1,1.3240712622735096,0.397104970138678,1.455188679245283,0.3367026055705301,1.5273085585585586,0.30588400900900903,1.2781613372093024,0.404796511627907,1.0185185185185186,0.45126705653021437,0.7007575757575757,0.6174242424242424,0.779936974789916,0.5919117647058824
0.25,0.003,10.0,corn,2,003|007,1,1.1356589147286822,1.6899224806201552,3,3,3,30,0.12790697674418605,-0.04012604565754563,258,1.8604651162790697,0.20155038759689922,1.7403100775193798,0.12790697674418605,17.0,63.0,96.0,51.0,31.0,1.4224806201550388,1,0.32170542635658916,4,74,72,14,15,83,438,247,211,163,236,0.7231333470501233,0.5499705012894135,0.6375591490847586,7,7,0.5590846512369327,2.0,1.014682262562474,0.4187600665965303,0.569047619047619,0.5976190476190477,0.6286067294782763,0.573840592133954,0.6149214613883565,0.5590846512369327,1,0.6902851177660339,0.5525869380831213,0.7291666666666667,0.5307539682539683,0.8382352941176471,0.4637423935091278,0.5808039376538146,0.5700369155045119,0.514989837398374,0.6014989837398375,0.5473191214470284,0.5583010335917313,0.4036502546689304,0.6366723259762309
0.25,0.003,10.0,corn,3,004|008,0,1.3083333333333333,1.4766666666666668,11,10,11,32,0.3625,0.05358098925085453,240,1.6041666666666667,0.35,1.5625,0.3625,48.0,66.0,27.0,15.0,84.0,0.5375,1,0.4708333333333333,0,113,111,42,1,0,399,208,183,177,319,0.43927827819584814,0.43927827819584814,0.48631910126931055,13,12,0.5435703608228364,2.0,0.5988133576358069,0.466452939985621,0.5571428571428572,0.5238095238095238,0.56913583882475,0.5350895341327022,0.5278736706348287,0.5435703608228364,1,0.7526347714004094,0.45663052543786486,0.5628315649867375,0.47745358090185674,0.5671417101565637,0.5042151746286632,0.4642857142857143,0.578125,0.4404462602137021,0.6002514142049026,0.484375,0.5814144736842105,0.4234006734006734,0.6069023569023569
0.25,0.003,10.0,corn,2,003|007,0,1.37984496124031,1.6426356589147286,4,4,4,34,0.22868217054263565,-0.20677240080500736,258,1.8953488372093024,0.24031007751937986,1.8604651162790697,0.22868217054263565,125.0,97.0,16.0,12.0,8.0,1.4224806201550388,1,0.32170542635658916,4,74,72,14,15,83,438,247,211,163,236,0.7620601178338515,0.6914626311025548,0.7389507054854405,7,6,0.5356393918409401,2.0,1.1828299105514826,0.3514808755155058,0.661904761904762,0.5761904761904761,0.6896179567898811,0.565178508580729,0.7153271268241757,0.5356393918409401,1,0.9890063287009851,0.5055783910745744,0.8234126984126984,0.5203373015873016,0.7153482082488167,0.52079107505071,0.6886792452830188,0.5217391304347826,0.6145833333333333,0.5547510162601625,0.647609819121447,0.5371447028423773,0.5286502546689305,0.5891341256366723
0.25,0.003,10.0,corn,3,004|008,1,1.4458333333333333,1.555,17,17,17,29,0.2916666666666667,-0.006718753419560963,240,1.6416666666666666,0.30416666666666664,1.625,0.2916666666666667,25.0,76.0,50.0,13.0,76.0,0.5375,1,0.4708333333333333,0,113,111,42,1,0,399,208,183,177,319,0.5425473614204613,0.4829528405771075,0.5112019236207379,9,3,0.5176622821099279,2.0,0.5983756339450015,0.4693021537838052,0.5809523809523809,0.5071428571428571,0.5197753587563156,0.5346952083379887,0.5334977050800388,0.5176622821099279,1,0.6494048070361664,0.42861475471984234,0.5935013262599469,0.4539124668435013,0.5624247290244881,0.48946206342834203,0.49776785714285715,0.5505952380952381,0.47328724072910117,0.5732243871778755,0.4564144736842105,0.5764802631578947,0.5016835016835017,0.5513468013468014
0.25,0.003,10.0,corn,4,009|011,0,1.076,1.2799999999999998,4,3,4,24,0.468,0.41687963236615033,250,1.212,0.536,1.156,0.468,58.0,36.0,23.0,37.0,96.0,1.468,3,0.368,4,79,43,11,45,92,433,276,214,133,227,0.9856870424014083,0.8205470923957642,1.0232981603651237,5,3,0.5519534895738677,2.0,1.5756717372878708,0.3560614452096268,1.130952380952381,0.4976190476190476,0.9677821121518564,0.5649631487166324,0.9525749607025092,0.5519534895738677,1,1.4326419442698513,0.4157762413576367,1.183201460742544,0.4639379184418746,0.7930372807017544,0.609375,0.9799865831842576,0.5385733452593918,0.675531914893617,0.6213605823068309,0.8446969696969697,0.6060606060606061,0.7589285714285714,0.6085907335907336
0.25,0.003,10.0,corn,5,010|012,0,1.3770491803278688,1.687704918032787,19,8,19,24,0.2581967213114754,-0.21771028834669837,244,1.6229508196721312,0.29098360655737704,1.6147540983606556,0.2581967213114754,88.0,64.0,36.0,34.0,22.0,1.2049180327868851,1,0.4098360655737705,0,100,41,57,1,45,412,278,168,177,274,1.0268425352380293,0.9051440538886677,0.9622749722944771,4,4,0.4965549925983459,2.0,1.1814010153856083,0.4371544521172464,0.8785714285714287,0.5119047619047619,1.0131511973811373,0.5003762684710039,0.9574957004950776,0.4965549925983459,1,1.0119753900241704,0.4954954954954955,1.0105532459226096,0.48145187080268625,0.9380787037037037,0.48263888888888884,1.1321784527764593,0.4428096820123398,0.999700956937799,0.48863636363636365,0.8053613053613053,0.5402097902097902,0.8046218487394958,0.5446428571428572
0.25,0.003,10.0,corn,4,009|011,1,1.14,1.2064,19,19,19,33,0.384,0.4467857531719751,250,1.116,0.412,1.14,0.384,56.0,68.0,41.0,37.0,48.0,1.468,3,0.368,4,79,43,11,45,92,433,276,214,133,227,1.0716038692245364,0.8989682781861537,0.9664622005867333,6,5,0.5084400134595408,2.0,1.4804955985521202,0.4133309011180436,1.4023809523809523,0.41666666666666663,1.1173639586293378,0.5235144601979098,1.0961705717900652,0.5084400134595408,1,1.3503037921642573,0.4410224177666038,1.2304473524041386,0.47938222763237975,0.9997258771929824,0.5476973684210527,1.0376788908765653,0.5163237924865831,1.0005599104143337,0.5355543113101904,1.1066017316017316,0.49783549783549785,0.9478764478764479,0.5412644787644787
0.25,0.003,10.0,corn,5,010|012,1,1.4672131147540983,1.6852459016393446,21,15,21,28,0.29918032786885246,-0.18763102725366876,244,1.569672131147541,0.3237704918032787,1.5778688524590163,0.29918032786885246,102.0,48.0,41.0,37.0,16.0,1.2049180327868851,1,0.4098360655737705,0,100,41,57,1,45,412,278,168,177,274,1.0504576773066736,0.8637812081559985,0.9192379995318489,5,5,0.48334398676840995,2.0,1.127256093605869,0.4459440396119699,0.9785714285714284,0.4547619047619047,0.9686696545929516,0.5047794410021764,0.9621938966477876,0.48334398676840995,1,1.0321907273126785,0.4612173148758515,0.9885673169171729,0.4743364246881996,1.0185185185185186,0.47280092592592593,1.0715472235405792,0.4290460370194589,0.9817583732057417,0.47547846889952156,0.8502331002331002,0.5174825174825175,0.7925420168067228,0.553046218487395
0.25,0.005,10.0,corn,0,001|005,0,1.5491803278688525,1.7024590163934428,7,5,7,31,0.20081967213114754,0.07402671330632837,244,1.7418032786885247,0.3401639344262295,1.5573770491803278,0.20081967213114754,24.0,114.0,57.0,37.0,12.0,1.209016393442623,3,0.3770491803278688,4,49,17,48,59,92,463,302,177,119,227,1.2127395102121745,1.1245363066525498,1.1489431220521893,12,8,0.4418032002289026,2.0,1.3089567053935707,0.3012448355098204,1.338095238095238,0.39999999999999997,1.1550827816707647,0.4712957171047145,1.1425620905753235,0.4418032002289026,1,1.2851662404092072,0.4009499451954695,1.302232854864434,0.40095693779904307,1.0909615384615385,0.4567307692307692,1.1657210401891254,0.44680851063829785,1.1630952380952382,0.4354166666666667,1.072007722007722,0.4554054054054054,0.91875,0.49635416666666665
0.25,0.005,10.0,corn,0,001|005,1,1.6639344262295082,1.7745901639344264,21,4,21,30,0.2336065573770492,0.03323108384458073,244,1.8278688524590163,0.2540983606557377,1.8155737704918034,0.2336065573770492,106.0,70.0,41.0,18.0,9.0,1.209016393442623,3,0.3770491803278688,4,49,17,48,59,92,463,302,177,119,227,1.2044723676854296,1.1249387419788743,1.1471577220508735,8,5,0.4601937531937633,2.0,1.2802375787191265,0.3540548331950192,1.2904761904761906,0.41428571428571426,1.1559292748536003,0.4826160256828556,1.1613291410481592,0.4601937531937633,1,1.28560467665327,0.37457069784435515,1.1843700159489634,0.43732057416267944,1.0865384615384617,0.5015384615384615,1.2046099290780141,0.47434988179669024,1.1452380952380952,0.4848214285714286,1.2088803088803088,0.4617760617760618,1.0140625,0.4869791666666667
0.25,0.005,10.0,corn,1,002|006,0,1.2095238095238094,1.2619047619047619,20,20,20,27,0.46190476190476193,0.0,210,1.2619047619047619,0.46190476190476193,1.2619047619047619,0.46190476190476193,210.0,0.0,0.0,0.0,0.0,1.1238095238095238,1,0.46190476190476193,0,97,35,53,57,7,415,284,172,121,312,1.1882371299341723,1.018339658752689,1.1273575068080142,6,4,0.5121989941510539,2.0,1.258133616933148,0.3908889089104498,1.166666666666667,0.47857142857142854,1.0786802506947701,0.535068584164772,1.018339658752689,0.5121989941510539,1,1.2370179167931976,0.4612815062253265,1.2318059299191373,0.4054357592093441,1.4291948198198199,0.3490990990990991,0.9831031976744187,0.5074491279069768,0.8620857699805068,0.570906432748538,0.7386363636363636,0.6515151515151515,0.6465336134453781,0.6397058823529411
0.25,0.005,10.0,corn,1,002|006,1,1.2428571428571429,1.4587301587301589,24,24,24,25,0.46190476190476193,0.0,210,1.2619047619047619,0.46190476190476193,1.2619047619047619,0.46190476190476193,210.0,0.0,0.0,0.0,0.0,1.1238095238095238,1,0.46190476190476193,0,97,35,53,57,7,415,284,172,121,312,1.1882371299341723,1.0031737638397744,1.1032817963207044,3,3,0.46988990191368774,2.0,1.2001305473625083,0.41126984690410967,1.1738095238095236,0.41666666666666663,1.0707484808507581,0.5251637198068556,1.0057547263190916,0.46988990191368774,1,1.2235550156898471,0.38257920842190507,1.507524707996406,0.32378706199460916,1.5091497747747749,0.29490427927927926,0.8606468023255813,0.4747456395348837,0.804093567251462,0.554093567251462,0.6363636363636364,0.6136363636363635,0.4989495798319328,0.6454831932773109
0.25,0.005,10.0,corn,2,003|007,0,1.3565891472868217,1.6131782945736437,21,8,21,30,0.29844961240310075,0.16843710845998805,258,1.558139534883721,0.3023255813953488,1.5077519379844961,0.29844961240310075,68.0,40.0,69.0,20.0,61.0,1.4224806201550388,1,0.32170542635658916,4,74,72,14,15,83,438,247,211,163,236,0.9276197516965047,0.6309638954303582,0.6961510490974072,7,6,0.46698355287149196,2.0,1.1828299105514826,0.3514808755155058,0.819047619047619,0.4547619047619048,0.7981613318729257,0.4969336320258524,0.8260634716373401,0.46698355287149196,1,1.066875448554838,0.4478697722972532,1.0843253968253967,0.3878968253968254,0.9056795131845841,0.405341446923597,0.7012920426579163,0.5167145200984413,0.7129065040650406,0.48945630081300817,0.8147609819121446,0.4420219638242894,0.49660441426146007,0.5795840407470289
0.25,0.005,10.0,corn,2,003|007,1,1.2364341085271318,1.5806201550387597,7,3,7,27,0.1937984496124031,-0.04383497917151269,258,1.7868217054263567,0.2364341085271318,1.7364341085271318,0.1937984496124031,32.0,92.0,60.0,39.0,35.0,1.4224806201550388,1,0.32170542635658916,4,74,72,14,15,83,438,247,211,163,236,0.6151036484866983,0.6044938067350447,0.675560150963426,5,3,0.5098472657449595,2.0,1.014682262562474,0.4187600665965303,0.911904761904762,0.5166666666666666,0.8120834366345029,0.5457823487919189,0.8195189847883999,0.5098472657449595,1,0.7731454296339793,0.5417563776342402,0.7544642857142857,0.5451388888888888,1.0371027721433401,0.4077079107505071,0.9686218211648893,0.4865668580803938,0.7886178861788617,0.49466463414634143,0.7459625322997416,0.524547803617571,0.6687181663837012,0.5685483870967742
0.25,0.005,10.0,corn,3,004|008,0,1.3041666666666667,1.5858333333333334,11,8,11,31,0.14583333333333334,0.0017637265729310014,240,2.1458333333333335,0.15833333333333333,2.091666666666667,0.14583333333333334,8.0,26.0,79.0,23.0,104.0,0.5375,1,0.4708333333333333,0,113,111,42,1,0,399,208,183,177,319,0.5137565160553698,0.46618952399210684,0.5045725006223036,12,8,0.5322241281317445,2.0,0.5988133576358069,0.466452939985621,0.5595238095238095,0.5214285714285715,0.5277765913586122,0.5398703624871922,0.5188150448776072,0.5322241281317445,1,0.5535294563651528,0.5043217833042687,0.6119031830238726,0.44844164456233426,0.5529907667603372,0.5095343235648334,0.45907738095238093,0.5877976190476191,0.4753299811439346,0.5769956002514143,0.4856085526315789,0.5538651315789473,0.4932659932659933,0.5446127946127945
0.25,0.005,10.0,corn,3,004|008,1,0.6041666666666666,0.6041666666666666,26,26,26,29,0.4708333333333333,0.0,240,0.6041666666666666,0.4708333333333333,0.6041666666666666,0.4708333333333333,240.0,0.0,0.0,0.0,0.0,0.5375,1,0.4708333333333333,0,113,111,42,1,0,399,208,183,177,319,0.5394490660205343,0.45558101265512074,0.47767966182493476,9,8,0.5412224054654333,2.0,0.5983756339450015,0.4693021537838052,0.4547619047619048,0.5738095238095238,0.4790018404309643,0.5560926593262626,0.47473660833521136,0.5412224054654333,1,0.5636136174084464,0.46531200242626436,0.5310013262599469,0.4948607427055703,0.49578482537133683,0.5325170614211161,0.4181547619047619,0.5922619047619048,0.44138906348208673,0.5702388434946575,0.4329769736842105,0.5736019736842105,0.4402356902356902,0.5597643097643097
0.25,0.005,10.0,corn,5,010|012,0,1.3852459016393444,1.3852459016393444,19,19,19,29,0.4098360655737705,0.0,244,1.3852459016393444,0.4098360655737705,1.3852459016393444,0.4098360655737705,244.0,0.0,0.0,0.0,0.0,1.2049180327868851,1,0.4098360655737705,0,100,41,57,1,45,412,278,168,177,274,1.4871954313374847,0.8723939309081625,0.9147046047670632,10,7,0.4995958597909633,2.0,1.1814010153856083,0.4371544521172464,0.9571428571428571,0.4928571428571429,0.9920355523078332,0.525679002802195,0.9826008946065521,0.4995958597909633,1,1.2454405625137333,0.43331136014062843,1.1128877518388232,0.4762551966741285,1.0300925925925926,0.49016203703703703,1.0345277645942097,0.4420977693402942,0.9075956937799042,0.4602272727272727,0.8444055944055944,0.5611888111888113,0.7032563025210083,0.6339285714285714
0.25,0.005,10.0,corn,5,010|012,1,1.4549180327868851,1.6713114754098364,25,12,25,29,0.3155737704918033,-0.1718209904866781,244,1.7008196721311475,0.3319672131147541,1.6721311475409837,0.3155737704918033,95.0,30.0,50.0,32.0,37.0,1.2049180327868851,1,0.4098360655737705,0,100,41,57,1,45,412,278,168,177,274,1.0533840622983448,0.8938611615805717,0.9368463876269736,7,6,0.5190585193964857,2.0,1.127256093605869,0.4459440396119699,1.0047619047619047,0.4833333333333333,0.9411600845664359,0.5296475162293247,0.9174166449672279,0.5190585193964857,1,1.008349813227862,0.47066578773895845,1.0355772305724336,0.444675407739047,0.9398148148148149,0.47858796296296297,1.001779781680114,0.4806597057427622,0.9276315789473685,0.5044856459330144,0.7430069930069929,0.6130536130536131,0.7657563025210083,0.641281512605042
0.25,0.005,10.0,corn,4,009|011,0,1.14,1.3992,20,7,20,43,0.368,0.30375394617572593,250,1.32,0.396,1.316,0.368,58.0,67.0,36.0,31.0,58.0,1.468,3,0.368,4,79,43,11,45,92,433,276,214,133,227,0.9840007316114842,0.9252968275085672,1.031727609178478,20,3,0.5434083136286689,2.0,1.5756717372878708,0.3560614452096268,0.7666666666666665,0.5714285714285714,0.994921470372885,0.5570319865065029,0.9840007316114842,0.5434083136286689,1,1.2878692646134506,0.45516446679237377,1.2245130858186244,0.48478393183201457,0.9947916666666666,0.5430372807017544,1.0012298747763864,0.5512075134168157,0.8565229563269876,0.5750279955207167,0.8116883116883117,0.5838744588744589,0.7113899613899614,0.6107625482625483
0.25,0.005,10.0,corn,4,009|011,1,1.068,1.284,5,3,5,44,0.416,0.5349829351535836,250,1.164,0.524,1.096,0.416,79.0,52.0,24.0,36.0,59.0,1.468,3,0.368,4,79,43,11,45,92,433,276,214,133,227,1.1747002078492144,0.902591675551748,0.9707448399728555,24,9,0.546862805500982,2.0,1.4804955985521202,0.4133309011180436,1.1904761904761905,0.4666666666666667,0.9435262215864533,0.5694443356725806,0.9373907639289559,0.546862805500982,1,1.3672742509951812,0.42855646344018433,1.3803256238587949,0.4262781497261108,0.9780701754385965,0.534265350877193,0.8640429338103757,0.5590339892665475,0.687010078387458,0.6238801791713326,0.689935064935065,0.6093073593073594,0.5950772200772201,0.6467181467181468
0.25,0.01,10.0,corn,0,001|005,0,1.3360655737704918,1.5762295081967213,4,3,4,27,0.19672131147540983,-0.013182033773927682,244,1.7663934426229508,0.3319672131147541,1.5737704918032787,0.19672131147540983,9.0,135.0,92.0,8.0,0.0,1.209016393442623,3,0.3770491803278688,4,49,17,48,59,92,463,302,177,119,227,1.104298642898091,1.0577451112093732,1.0730909988677433,4,3,0.4615844862998493,2.0,1.3089567053935707,0.3012448355098204,1.4023809523809525,0.37142857142857144,1.052414647603444,0.5387819899786567,1.104298642898091,0.4615844862998493,1,1.1589331384727806,0.37515527950310557,1.2012759170653908,0.36977671451355665,1.0721153846153846,0.5107692307692309,1.1386524822695037,0.47364066193853427,1.1461309523809522,0.4654761904761905,1.0254826254826255,0.5102316602316602,0.9875,0.5260416666666667
0.25,0.01,10.0,corn,1,002|006,0,1.2619047619047619,1.2619047619047619,9,9,9,24,0.46190476190476193,0.0,210,1.2619047619047619,0.46190476190476193,1.2619047619047619,0.46190476190476193,210.0,0.0,0.0,0.0,0.0,1.1238095238095238,1,0.46190476190476193,0,97,35,53,57,7,415,284,172,121,312,1.1882371299341723,0.9626898665268429,1.0270344404382779,3,3,0.46107802321416536,2.0,1.258133616933148,0.3908889089104498,1.1999999999999997,0.3738095238095238,1.0052179475476088,0.5708069418806192,0.9966692397667207,0.46107802321416536,1,1.0681749164895233,0.4456422714849681,1.3733153638814017,0.3880278526504941,1.5382882882882882,0.28350225225225223,0.981468023255814,0.4180595930232558,0.8923001949317739,0.4775828460038986,0.5795454545454546,0.6401515151515151,0.54359243697479,0.5745798319327731
0.25,0.01,10.0,corn,0,001|005,1,1.6885245901639345,1.8565573770491803,4,4,4,27,0.26229508196721313,-0.036557155161806465,244,1.8934426229508197,0.2786885245901639,1.8073770491803278,0.26229508196721313,104.0,59.0,59.0,18.0,4.0,1.209016393442623,3,0.3770491803278688,4,49,17,48,59,92,463,302,177,119,227,1.224724000286347,1.1506082060407214,1.186078204730228,4,3,0.40169416594819196,2.0,1.2802375787191265,0.3540548331950192,1.3904761904761904,0.3357142857142857,1.1857140757207438,0.4708316459316999,1.224724000286347,0.40169416594819196,1,1.2753014249177932,0.2980635732553891,1.2149122807017543,0.34768740031897927,1.185576923076923,0.4517307692307692,1.2934988179669031,0.41903073286052006,1.2520833333333334,0.4220238095238095,1.2220077220077221,0.42644787644787646,1.1296875,0.446875
0.25,0.01,10.0,corn,1,002|006,1,0.9714285714285714,1.2038095238095239,3,3,3,24,0.21904761904761905,-0.11777018298366393,210,1.8857142857142857,0.24285714285714285,1.3666666666666667,0.21904761904761905,10.0,137.0,27.0,16.0,20.0,1.1238095238095238,1,0.46190476190476193,0,97,35,53,57,7,415,284,172,121,312,1.0600291676243487,1.0407821880502472,1.1137594423700878,3,3,0.44725761587448476,2.0,1.2001305473625083,0.41126984690410967,1.2190476190476192,0.38809523809523805,1.0903870279684733,0.550089321451297,1.0600291676243487,0.44725761587448476,1,1.164136046158518,0.397104970138678,1.4606918238993711,0.3141284815813118,1.672438063063063,0.2829391891891892,0.9329578488372092,0.4376816860465116,0.8835282651072125,0.4892787524366472,0.6515151515151515,0.6287878787878788,0.654936974789916,0.5808823529411764
0.25,0.01,10.0,corn,2,003|007,0,1.4147286821705427,1.7069767441860464,4,3,4,25,0.2364341085271318,-0.18879182955799556,258,1.802325581395349,0.2751937984496124,1.813953488372093,0.2364341085271318,126.0,114.0,7.0,9.0,2.0,1.4224806201550388,1,0.32170542635658916,4,74,72,14,15,83,438,247,211,163,236,0.642251830786337,0.642251830786337,0.6668836907709227,5,3,0.5689355804811564,2.0,1.1828299105514826,0.3514808755155058,0.7095238095238097,0.5714285714285715,0.695335731100549,0.5874844239286648,0.6592604330549869,0.5689355804811564,1,0.806746264761532,0.5327526587068572,0.7688492063492064,0.5491071428571428,0.6528904665314401,0.5658384043272482,0.640278917145201,0.5700369155045119,0.5288363821138211,0.6197916666666667,0.5705749354005167,0.5896317829457364,0.6466468590831919,0.5553904923599321
0.25,0.01,10.0,corn,3,004|008,0,0.6041666666666666,0.6041666666666666,11,11,11,25,0.4708333333333333,0.0,240,0.6041666666666666,0.4708333333333333,0.6041666666666666,0.4708333333333333,240.0,0.0,0.0,0.0,0.0,0.5375,1,0.4708333333333333,0,113,111,42,1,0,399,208,183,177,319,0.5394490660205343,0.5016523274203908,0.5261777600243284,6,3,0.5275136258195793,2.0,0.5988133576358069,0.466452939985621,0.5571428571428572,0.49523809523809526,0.5214021160942467,0.5436718047645963,0.5230994093318364,0.5275136258195793,1,0.6921677155205095,0.4744863143528698,0.4744694960212201,0.5427718832891246,0.5134484142914492,0.5337213970293055,0.4955357142857143,0.5513392857142857,0.4926147077309868,0.5422690131992457,0.4917763157894737,0.5345394736842105,0.5016835016835017,0.5134680134680134
0.25,0.01,10.0,corn,3,004|008,1,0.6041666666666666,0.6041666666666666,9,9,9,25,0.4708333333333333,0.0,240,0.6041666666666666,0.4708333333333333,0.6041666666666666,0.4708333333333333,240.0,0.0,0.0,0.0,0.0,0.5375,1,0.4708333333333333,0,113,111,42,1,0,399,208,183,177,319,0.5394490660205343,0.42124154036879735,0.5042344181543489,6,3,0.5290701598857903,2.0,0.5983756339450015,0.4693021537838052,0.6142857142857143,0.45952380952380956,0.5550060166354682,0.526670662810056,0.5224092201932369,0.5290701598857903,1,0.7146106603988172,0.4598149973462734,0.47778514588859416,0.5437665782493368,0.532316338819751,0.5337213970293055,0.44568452380952384,0.5803571428571428,0.4809868007542426,0.5422690131992457,0.4995888157894737,0.5267269736842105,0.505892255892256,0.5168350168350169
0.25,0.01,10.0,corn,2,003|007,1,1.2751937984496124,1.65968992248062,7,6,7,27,0.22868217054263565,0.158302132034842,258,1.5232558139534884,0.29069767441860467,1.562015503875969,0.22868217054263565,46.0,61.0,64.0,35.0,52.0,1.4224806201550388,1,0.32170542635658916,4,74,72,14,15,83,438,247,211,163,236,0.6980545377482259,0.5936961478432663,0.6379198573975418,5,3,0.5573122995048946,2.0,1.014682262562474,0.4187600665965303,0.6952380952380952,0.5595238095238095,0.6348662564979919,0.602847420389431,0.6333664372314272,0.5573122995048946,1,0.7991126769752723,0.5217589874078424,0.6354166666666667,0.5734126984126984,0.6356490872210954,0.5432724814063556,0.5735233798195243,0.5834700574241181,0.5645325203252033,0.5736788617886179,0.5589470284237726,0.5780038759689923,0.666383701188455,0.5275891341256367
0.25,0.01,10.0,corn,4,009|011,0,0.964,1.3544,3,3,3,24,0.136,0.31788706085793283,250,1.192,0.416,1.372,0.136,5.0,154.0,45.0,45.0,1.0,1.468,3,0.368,4,79,43,11,45,92,433,276,214,133,227,0.9132066351453998,0.9132066351453998,1.1913398415038459,3,3,0.5617715243022243,2.0,1.5756717372878708,0.3560614452096268,1.0857142857142859,0.5047619047619047,0.9200147477453003,0.595580426323994,0.9132066351453998,0.5617715243022243,1,1.3454850199036246,0.43389901529436414,1.3414485696895921,0.45047169811320753,1.046875,0.5101425438596491,0.9840116279069767,0.5297406082289803,0.5811870100783875,0.6674132138857782,0.591991341991342,0.6607142857142857,0.5014478764478765,0.6800193050193051
0.25,0.01,10.0,corn,4,009|011,1,1.268,1.4575999999999998,3,3,3,25,0.244,0.2800612818391105,250,1.344,0.416,1.3,0.244,0.0,116.0,41.0,69.0,24.0,1.468,3,0.368,4,79,43,11,45,92,433,276,214,133,227,1.0004200613107423,0.8457887829837794,0.9612764272071657,3,3,0.5329474923379037,2.0,1.4804955985521202,0.4133309011180436,1.0523809523809524,0.5142857142857142,1.0288665910964805,0.550863070572014,1.0004200613107423,0.5329474923379037,1,1.4145191703331237,0.4235281793421328,1.2064820450395617,0.43974437005477784,0.9479166666666667,0.5603070175438596,0.9869186046511628,0.5319767441860466,0.9216125419932811,0.5474524076147816,0.7938311688311688,0.5876623376623377,0.7316602316602316,0.63996138996139
0.25,0.01,10.0,corn,5,010|012,1,1.3852459016393444,1.3852459016393444,6,6,6,24,0.4098360655737705,0.0,244,1.3852459016393444,0.4098360655737705,1.3852459016393444,0.4098360655737705,244.0,0.0,0.0,0.0,0.0,1.2049180327868851,1,0.4098360655737705,0,100,41,57,1,45,412,278,168,177,274,1.4871954313374847,0.9517987616893774,1.218641007182365,3,3,0.5244568097088257,2.0,1.127256093605869,0.4459440396119699,1.0023809523809524,0.5023809523809524,0.9855606439106894,0.5348823697524447,0.9517987616893774,0.5244568097088257,1,1.0391122830147221,0.4787958690397715,0.9928046050527661,0.5313399424368405,0.9652777777777777,0.5295138888888888,1.0011865211200761,0.5141196013289037,0.902811004784689,0.5311004784688995,0.9026806526806528,0.5285547785547786,0.858718487394958,0.5577731092436975
0.25,0.01,10.0,corn,5,010|012,0,1.3852459016393444,1.3852459016393444,8,8,8,26,0.4098360655737705,0.0,244,1.3852459016393444,0.4098360655737705,1.3852459016393444,0.4098360655737705,244.0,0.0,0.0,0.0,0.0,1.2049180327868851,1,0.4098360655737705,0,100,41,57,1,45,412,278,168,177,274,1.4871954313374847,0.8286778880189377,0.9520428330355477,3,3,0.5054952064103959,2.0,1.1814010153856083,0.4371544521172464,0.9595238095238094,0.5142857142857142,1.0309231557625227,0.4957058203015131,0.9720646633323025,0.5054952064103959,1,0.96044825313118,0.498681608437706,1.2579149344419571,0.41829229293252324,0.9797453703703705,0.47858796296296297,0.9407925961082106,0.5141196013289037,0.9739832535885168,0.4916267942583732,0.8869463869463869,0.5273892773892774,0.8046218487394958,0.6097689075630253
